Source,Location ID,City,State,Country,Latitude,Longitude,Time Zone,Elevation,Local Time Zone,Clearsky DHI Units,Clearsky DNI Units,Clearsky GHI Units,Dew Point Units,DHI Units,DHI Perez Units,DNI Units,DNI Perez Units,GHI Units,GHI Perez Units,Solar Zenith Angle Units,Temperature Units,Pressure Units,Relative Humidity Units,Precipitable Water Units,Wind Direction Units,Wind Speed Units,Snow Depth Units,Fill Flag 0,Fill Flag 1,Fill Flag 2,Fill Flag 3,Fill Flag 4,Fill Flag 5,Version
NSRDB,34729,-,-,-,12.95,77.55,5.5,0,5.5,w/m2,w/m2,w/m2,c,w/m2,w/m2,w/m2,w/m2,w/m2,w/m2,Degree,c,mbar,%,cm,Degrees,m/s,m,N/A,Missing Image,Low Irradiance,Exceeds Clearsky,Missing CLoud Properties,Rayleigh Violation,unknown
Year,Month,Day,Hour,Minute,GHI,DNI,DHI,Temperature,Wind Speed,Pressure
2014,1,1,0,0,0,0,0,20,2.7,920
2014,1,1,1,0,0,0,0,20,2.7,920
2014,1,1,2,0,0,0,0,20,2.6,910
2014,1,1,3,0,0,0,0,20,2.4000000000000004,910
2014,1,1,4,0,0,0,0,20,2.3000000000000003,910
2014,1,1,5,0,0,0,0,16,2.6,920
2014,1,1,6,0,0,0,0,16,2.4000000000000004,920
2014,1,1,7,0,96,148,70,18,2.4000000000000004,920
2014,1,1,8,0,291,335,162,21,2.8000000000000003,920
2014,1,1,9,0,517,472,250,23,3,920
2014,1,1,10,0,382,73,330,24,2.9000000000000004,920
2014,1,1,11,0,446,75,387,25,2.8000000000000003,920
2014,1,1,12,0,455,81,389,25,2.8000000000000003,920
2014,1,1,13,0,671,415,350,25,2.8000000000000003,920
2014,1,1,14,0,690,778,163,25,2.9000000000000004,920
2014,1,1,15,0,510,694,143,24,3.1,920
2014,1,1,16,0,282,397,147,22,3,920
2014,1,1,17,0,55,52,48,21,3.1,920
2014,1,1,18,0,0,0,0,20,3.2,920
2014,1,1,19,0,0,0,0,19,3.2,920
2014,1,1,20,0,0,0,0,18,3.2,920
2014,1,1,21,0,0,0,0,17,3.1,920
2014,1,1,22,0,0,0,0,16,3,920
2014,1,1,23,0,0,0,0,16,2.8000000000000003,920
2014,1,2,0,0,0,0,0,15,2.7,920
2014,1,2,1,0,0,0,0,15,2.4000000000000004,920
2014,1,2,2,0,0,0,0,15,2,920
2014,1,2,3,0,0,0,0,15,1.9000000000000001,920
2014,1,2,4,0,0,0,0,15,1.8,920
2014,1,2,5,0,0,0,0,15,1.7000000000000002,920
2014,1,2,6,0,0,0,0,15,1.7000000000000002,920
2014,1,2,7,0,77,36,70,16,1.6,920
2014,1,2,8,0,218,79,187,19,1.8,920
2014,1,2,9,0,319,78,274,22,1.7000000000000002,920
2014,1,2,10,0,255,11,247,24,1.2000000000000002,920
2014,1,2,11,0,433,83,367,26,0.8,920
2014,1,2,12,0,692,370,392,27,0.7000000000000001,920
2014,1,2,13,0,775,645,276,27,0.7000000000000001,920
2014,1,2,14,0,698,787,164,26,1,920
2014,1,2,15,0,517,703,144,25,1.5,920
2014,1,2,16,0,296,544,110,23,2,920
2014,1,2,17,0,57,59,49,21,2.6,920
2014,1,2,18,0,0,0,0,20,3.2,920
2014,1,2,19,0,0,0,0,19,3.6,920
2014,1,2,20,0,0,0,0,18,3.6,920
2014,1,2,21,0,0,0,0,17,3.5,920
2014,1,2,22,0,0,0,0,16,3.3000000000000003,920
2014,1,2,23,0,0,0,0,15,3.1,920
2014,1,3,0,0,0,0,0,15,2.9000000000000004,920
2014,1,3,1,0,0,0,0,14,2.8000000000000003,920
2014,1,3,2,0,0,0,0,14,2.7,920
2014,1,3,3,0,0,0,0,14,2.6,920
2014,1,3,4,0,0,0,0,14,2.4000000000000004,920
2014,1,3,5,0,0,0,0,15,2,920
2014,1,3,6,0,0,0,0,15,1.7000000000000002,920
2014,1,3,7,0,104,196,71,16,1.5,920
2014,1,3,8,0,343,585,119,19,1.4000000000000001,920
2014,1,3,9,0,557,723,149,23,1.4000000000000001,920
2014,1,3,10,0,726,796,167,25,1.2000000000000002,920
2014,1,3,11,0,831,832,176,26,1,920
2014,1,3,12,0,861,841,179,27,0.8,920
2014,1,3,13,0,815,825,175,27,0.6000000000000001,920
2014,1,3,14,0,695,782,164,27,0.7000000000000001,920
2014,1,3,15,0,516,699,144,26,0.8,920
2014,1,3,16,0,280,401,142,24,1.1,920
2014,1,3,17,0,54,40,49,22,1.7000000000000002,920
2014,1,3,18,0,0,0,0,21,2.3000000000000003,920
2014,1,3,19,0,0,0,0,20,2.7,920
2014,1,3,20,0,0,0,0,19,2.8000000000000003,920
2014,1,3,21,0,0,0,0,18,2.8000000000000003,920
2014,1,3,22,0,0,0,0,17,2.7,920
2014,1,3,23,0,0,0,0,17,2.6,920
2014,1,4,0,0,0,0,0,16,2.5,920
2014,1,4,1,0,0,0,0,16,2.4000000000000004,920
2014,1,4,2,0,0,0,0,15,2.2,920
2014,1,4,3,0,0,0,0,15,2.1,920
2014,1,4,4,0,0,0,0,14,2,920
2014,1,4,5,0,0,0,0,14,2,920
2014,1,4,6,0,0,0,0,15,1.9000000000000001,920
2014,1,4,7,0,114,301,64,18,1.6,920
2014,1,4,8,0,339,580,118,22,1.6,920
2014,1,4,9,0,553,717,148,25,1.9000000000000001,920
2014,1,4,10,0,721,790,166,26,1.8,920
2014,1,4,11,0,826,825,176,27,1.8,920
2014,1,4,12,0,856,834,178,28,1.9000000000000001,920
2014,1,4,13,0,810,819,174,27,2,920
2014,1,4,14,0,687,737,184,27,2.1,920
2014,1,4,15,0,514,693,143,26,2.3000000000000003,920
2014,1,4,16,0,234,203,163,24,2.6,920
2014,1,4,17,0,20,0,20,22,2.9000000000000004,920
2014,1,4,18,0,0,0,0,20,3.2,920
2014,1,4,19,0,0,0,0,19,3.4000000000000004,920
2014,1,4,20,0,0,0,0,19,3.5,920
2014,1,4,21,0,0,0,0,18,3.6,920
2014,1,4,22,0,0,0,0,17,3.5,920
2014,1,4,23,0,0,0,0,17,3.3000000000000003,920
2014,1,5,0,0,0,0,0,16,3,920
2014,1,5,1,0,0,0,0,16,2.6,920
2014,1,5,2,0,0,0,0,16,2.1,920
2014,1,5,3,0,0,0,0,16,1.7000000000000002,920
2014,1,5,4,0,0,0,0,16,1.5,920
2014,1,5,5,0,0,0,0,16,1.4000000000000001,920
2014,1,5,6,0,0,0,0,16,1.4000000000000001,920
2014,1,5,7,0,112,294,63,17,1.4000000000000001,920
2014,1,5,8,0,337,575,118,19,1.4000000000000001,920
2014,1,5,9,0,528,589,196,22,1.5,920
2014,1,5,10,0,722,791,166,25,1.5,920
2014,1,5,11,0,829,828,176,26,1.3,920
2014,1,5,12,0,861,839,179,27,1.2000000000000002,920
2014,1,5,13,0,816,824,175,27,1.1,920
2014,1,5,14,0,698,781,164,26,1.1,920
2014,1,5,15,0,519,699,144,25,1,920
2014,1,5,16,0,300,544,111,24,1.1,920
2014,1,5,17,0,65,79,54,21,1.4000000000000001,920
2014,1,5,18,0,0,0,0,20,1.9000000000000001,920
2014,1,5,19,0,0,0,0,19,2.2,920
2014,1,5,20,0,0,0,0,19,2.5,920
2014,1,5,21,0,0,0,0,18,2.7,920
2014,1,5,22,0,0,0,0,17,2.8000000000000003,920
2014,1,5,23,0,0,0,0,16,2.7,920
2014,1,6,0,0,0,0,0,16,2.5,920
2014,1,6,1,0,0,0,0,15,2.3000000000000003,920
2014,1,6,2,0,0,0,0,15,1.9000000000000001,920
2014,1,6,3,0,0,0,0,15,1.6,920
2014,1,6,4,0,0,0,0,16,1.4000000000000001,920
2014,1,6,5,0,0,0,0,16,1.3,920
2014,1,6,6,0,0,0,0,16,1.3,920
2014,1,6,7,0,111,273,66,18,1.3,920
2014,1,6,8,0,338,580,118,20,1.3,920
2014,1,6,9,0,555,721,149,24,1.5,920
2014,1,6,10,0,726,796,167,26,1.8,920
2014,1,6,11,0,833,833,177,27,2,920
2014,1,6,12,0,866,842,179,27,2,920
2014,1,6,13,0,821,828,175,27,2.1,920
2014,1,6,14,0,703,785,164,27,2.2,920
2014,1,6,15,0,524,703,145,26,2.3000000000000003,920
2014,1,6,16,0,304,549,112,24,2.4000000000000004,920
2014,1,6,17,0,67,87,55,21,2.8000000000000003,920
2014,1,6,18,0,0,0,0,20,3.1,920
2014,1,6,19,0,0,0,0,19,3.3000000000000003,920
2014,1,6,20,0,0,0,0,18,3.3000000000000003,920
2014,1,6,21,0,0,0,0,18,3.3000000000000003,920
2014,1,6,22,0,0,0,0,17,3.2,920
2014,1,6,23,0,0,0,0,16,3.1,920
2014,1,7,0,0,0,0,0,16,2.9000000000000004,920
2014,1,7,1,0,0,0,0,15,2.8000000000000003,920
2014,1,7,2,0,0,0,0,15,2.7,920
2014,1,7,3,0,0,0,0,15,2.6,920
2014,1,7,4,0,0,0,0,15,2.3000000000000003,920
2014,1,7,5,0,0,0,0,15,2,920
2014,1,7,6,0,0,0,0,16,1.8,920
2014,1,7,7,0,110,250,69,17,1.5,920
2014,1,7,8,0,341,586,119,19,1.6,920
2014,1,7,9,0,558,726,149,23,1.7000000000000002,920
2014,1,7,10,0,729,799,167,26,2,920
2014,1,7,11,0,836,835,177,27,1.9000000000000001,920
2014,1,7,12,0,868,844,180,28,1.9000000000000001,920
2014,1,7,13,0,823,829,176,28,1.9000000000000001,920
2014,1,7,14,0,706,786,165,27,2,920
2014,1,7,15,0,527,705,145,26,2.2,920
2014,1,7,16,0,303,433,150,24,2.4000000000000004,920
2014,1,7,17,0,64,65,55,22,2.8000000000000003,920
2014,1,7,18,0,0,0,0,20,3.1,920
2014,1,7,19,0,0,0,0,20,3.3000000000000003,920
2014,1,7,20,0,0,0,0,19,3.3000000000000003,920
2014,1,7,21,0,0,0,0,18,3.2,920
2014,1,7,22,0,0,0,0,18,3.1,920
2014,1,7,23,0,0,0,0,17,3,920
2014,1,8,0,0,0,0,0,16,2.9000000000000004,920
2014,1,8,1,0,0,0,0,16,2.8000000000000003,920
2014,1,8,2,0,0,0,0,16,2.6,920
2014,1,8,3,0,0,0,0,16,2.3000000000000003,920
2014,1,8,4,0,0,0,0,16,2,920
2014,1,8,5,0,0,0,0,15,2.4000000000000004,920
2014,1,8,6,0,0,0,0,15,2.5,920
2014,1,8,7,0,104,212,69,17,2.7,920
2014,1,8,8,0,337,548,129,20,3,920
2014,1,8,9,0,553,718,149,23,3.4000000000000004,920
2014,1,8,10,0,724,792,167,25,3.5,920
2014,1,8,11,0,831,828,176,26,3.4000000000000004,920
2014,1,8,12,0,865,839,179,26,3.2,920
2014,1,8,13,0,822,826,176,26,3.1,920
2014,1,8,14,0,706,785,165,26,3.1,920
2014,1,8,15,0,528,703,145,25,3,920
2014,1,8,16,0,308,550,113,23,2.9000000000000004,920
2014,1,8,17,0,66,72,56,21,2.9000000000000004,920
2014,1,8,18,0,0,0,0,20,3,920
2014,1,8,19,0,0,0,0,20,3.1,920
2014,1,8,20,0,0,0,0,19,3,920
2014,1,8,21,0,0,0,0,19,2.9000000000000004,920
2014,1,8,22,0,0,0,0,18,2.7,920
2014,1,8,23,0,0,0,0,18,2.5,920
2014,1,9,0,0,0,0,0,17,2.4000000000000004,920
2014,1,9,1,0,0,0,0,16,2.3000000000000003,920
2014,1,9,2,0,0,0,0,16,2.3000000000000003,920
2014,1,9,3,0,0,0,0,16,2.1,920
2014,1,9,4,0,0,0,0,16,2,920
2014,1,9,5,0,0,0,0,16,2,920
2014,1,9,6,0,0,0,0,16,2,920
2014,1,9,7,0,103,210,69,18,2.1,920
2014,1,9,8,0,333,570,117,20,2.3000000000000003,920
2014,1,9,9,0,549,712,148,23,2.3000000000000003,920
2014,1,9,10,0,721,788,166,25,2.4000000000000004,920
2014,1,9,11,0,830,826,176,27,2.3000000000000003,920
2014,1,9,12,0,864,836,179,27,2.3000000000000003,920
2014,1,9,13,0,821,822,175,28,2.2,920
2014,1,9,14,0,705,781,165,27,2.2,920
2014,1,9,15,0,528,701,145,26,2.2,920
2014,1,9,16,0,309,550,113,24,2.3000000000000003,920
2014,1,9,17,0,69,79,58,22,2.6,920
2014,1,9,18,0,0,0,0,21,3,920
2014,1,9,19,0,0,0,0,20,3.2,920
2014,1,9,20,0,0,0,0,19,3.2,920
2014,1,9,21,0,0,0,0,19,3.3000000000000003,920
2014,1,9,22,0,0,0,0,18,3.3000000000000003,920
2014,1,9,23,0,0,0,0,17,3.2,920
2014,1,10,0,0,0,0,0,17,3.1,920
2014,1,10,1,0,0,0,0,17,3,920
2014,1,10,2,0,0,0,0,17,2.6,920
2014,1,10,3,0,0,0,0,17,2.4000000000000004,920
2014,1,10,4,0,0,0,0,16,2.2,920
2014,1,10,5,0,0,0,0,16,2.1,920
2014,1,10,6,0,0,0,0,16,2.1,920
2014,1,10,7,0,96,172,68,18,2.2,920
2014,1,10,8,0,332,569,117,20,2.2,920
2014,1,10,9,0,548,710,148,23,1.8,920
2014,1,10,10,0,720,785,166,25,1.3,920
2014,1,10,11,0,828,823,176,27,0.8,920
2014,1,10,12,0,862,833,179,28,0.6000000000000001,920
2014,1,10,13,0,820,820,175,28,0.7000000000000001,920
2014,1,10,14,0,705,779,165,27,0.8,920
2014,1,10,15,0,529,699,145,26,0.9,920
2014,1,10,16,0,310,549,113,25,1.1,920
2014,1,10,17,0,72,86,59,23,1.5,920
2014,1,10,18,0,0,0,0,23,1.9000000000000001,920
2014,1,10,19,0,0,0,0,22,2.3000000000000003,920
2014,1,10,20,0,0,0,0,21,2.5,920
2014,1,10,21,0,0,0,0,21,2.6,920
2014,1,10,22,0,0,0,0,20,2.5,920
2014,1,10,23,0,0,0,0,19,2.5,920
2014,1,11,0,0,0,0,0,18,2.5,920
2014,1,11,1,0,0,0,0,17,2.5,920
2014,1,11,2,0,0,0,0,17,2.4000000000000004,920
2014,1,11,3,0,0,0,0,17,2.4000000000000004,920
2014,1,11,4,0,0,0,0,17,2.3000000000000003,920
2014,1,11,5,0,0,0,0,17,2.2,920
2014,1,11,6,0,0,0,0,17,2.1,920
2014,1,11,7,0,101,204,68,18,2.2,920
2014,1,11,8,0,329,515,134,21,2.4000000000000004,920
2014,1,11,9,0,544,704,147,24,2.4000000000000004,920
2014,1,11,10,0,712,757,178,26,2.2,920
2014,1,11,11,0,825,818,176,27,2,920
2014,1,11,12,0,860,829,179,28,1.8,920
2014,1,11,13,0,819,816,175,28,1.6,920
2014,1,11,14,0,704,775,164,27,1.6,920
2014,1,11,15,0,527,694,145,26,1.5,920
2014,1,11,16,0,310,544,113,25,1.6,920
2014,1,11,17,0,68,65,58,24,1.9000000000000001,920
2014,1,11,18,0,0,0,0,23,2.1,920
2014,1,11,19,0,0,0,0,22,2.3000000000000003,920
2014,1,11,20,0,0,0,0,22,2.3000000000000003,920
2014,1,11,21,0,0,0,0,21,2.3000000000000003,920
2014,1,11,22,0,0,0,0,20,2.2,920
2014,1,11,23,0,0,0,0,20,2.2,920
2014,1,12,0,0,0,0,0,19,2.1,920
2014,1,12,1,0,0,0,0,19,2,920
2014,1,12,2,0,0,0,0,18,1.9000000000000001,920
2014,1,12,3,0,0,0,0,18,1.8,920
2014,1,12,4,0,0,0,0,18,1.7000000000000002,920
2014,1,12,5,0,0,0,0,17,1.5,920
2014,1,12,6,0,0,0,0,17,1.5,920
2014,1,12,7,0,95,168,68,18,1.5,920
2014,1,12,8,0,326,557,116,20,1.6,920
2014,1,12,9,0,541,699,147,23,1.6,920
2014,1,12,10,0,712,774,165,26,1.6,920
2014,1,12,11,0,821,812,175,27,1.7000000000000002,920
2014,1,12,12,0,857,824,178,28,1.7000000000000002,920
2014,1,12,13,0,816,811,175,27,1.7000000000000002,920
2014,1,12,14,0,703,771,164,27,1.8,920
2014,1,12,15,0,528,692,145,26,1.8,920
2014,1,12,16,0,312,545,113,24,1.9000000000000001,920
2014,1,12,17,0,77,101,62,23,2.1,920
2014,1,12,18,0,0,0,0,22,2.5,920
2014,1,12,19,0,0,0,0,21,2.8000000000000003,920
2014,1,12,20,0,0,0,0,20,2.9000000000000004,920
2014,1,12,21,0,0,0,0,19,2.9000000000000004,920
2014,1,12,22,0,0,0,0,19,2.8000000000000003,920
2014,1,12,23,0,0,0,0,18,2.6,920
2014,1,13,0,0,0,0,0,17,2.4000000000000004,920
2014,1,13,1,0,0,0,0,17,2.2,920
2014,1,13,2,0,0,0,0,16,2.1,920
2014,1,13,3,0,0,0,0,15,2,920
2014,1,13,4,0,0,0,0,15,1.9000000000000001,920
2014,1,13,5,0,0,0,0,15,1.8,920
2014,1,13,6,0,0,0,0,16,1.6,920
2014,1,13,7,0,100,200,68,18,1.3,920
2014,1,13,8,0,331,567,117,22,1.2000000000000002,920
2014,1,13,9,0,547,709,148,25,1.3,920
2014,1,13,10,0,720,784,166,27,1.5,920
2014,1,13,11,0,831,822,176,28,1.6,920
2014,1,13,12,0,867,834,179,29,1.5,920
2014,1,13,13,0,827,821,176,29,1.5,920
2014,1,13,14,0,713,781,165,28,1.5,920
2014,1,13,15,0,537,703,146,27,1.6,920
2014,1,13,16,0,318,555,114,25,1.7000000000000002,920
2014,1,13,17,0,80,89,66,23,2,920
2014,1,13,18,0,0,0,0,21,2.3000000000000003,920
2014,1,13,19,0,0,0,0,20,2.4000000000000004,920
2014,1,13,20,0,0,0,0,19,2.5,920
2014,1,13,21,0,0,0,0,19,2.6,920
2014,1,13,22,0,0,0,0,18,2.7,920
2014,1,13,23,0,0,0,0,17,2.7,920
2014,1,14,0,0,0,0,0,16,2.7,920
2014,1,14,1,0,0,0,0,16,2.7,920
2014,1,14,2,0,0,0,0,15,2.5,920
2014,1,14,3,0,0,0,0,15,2.4000000000000004,920
2014,1,14,4,0,0,0,0,15,2.3000000000000003,920
2014,1,14,5,0,0,0,0,15,2.2,920
2014,1,14,6,0,0,0,0,15,2,920
2014,1,14,7,0,94,123,74,18,1.6,920
2014,1,14,8,0,325,555,116,22,1.7000000000000002,920
2014,1,14,9,0,540,697,147,25,1.5,920
2014,1,14,10,0,712,773,165,27,1.1,920
2014,1,14,11,0,821,811,175,28,0.9,920
2014,1,14,12,0,858,822,178,29,0.7000000000000001,920
2014,1,14,13,0,818,809,175,29,0.6000000000000001,920
2014,1,14,14,0,705,769,164,28,0.6000000000000001,920
2014,1,14,15,0,531,691,145,27,0.8,920
2014,1,14,16,0,315,545,114,25,1,920
2014,1,14,17,0,82,95,67,23,1.5,920
2014,1,14,18,0,0,0,0,22,2.1,920
2014,1,14,19,0,0,0,0,21,2.5,920
2014,1,14,20,0,0,0,0,20,2.8000000000000003,920
2014,1,14,21,0,0,0,0,19,3,920
2014,1,14,22,0,0,0,0,18,3.1,920
2014,1,14,23,0,0,0,0,17,3.1,920
2014,1,15,0,0,0,0,0,17,3.1,920
2014,1,15,1,0,0,0,0,16,3,920
2014,1,15,2,0,0,0,0,16,2.9000000000000004,920
2014,1,15,3,0,0,0,0,16,2.7,920
2014,1,15,4,0,0,0,0,16,2.4000000000000004,920
2014,1,15,5,0,0,0,0,16,2,920
2014,1,15,6,0,0,0,0,16,1.8,920
2014,1,15,7,0,101,263,59,18,1.9000000000000001,920
2014,1,15,8,0,321,546,115,20,2.1,920
2014,1,15,9,0,535,688,146,23,2.2,920
2014,1,15,10,0,706,764,164,26,2,920
2014,1,15,11,0,816,803,174,28,1.7000000000000002,920
2014,1,15,12,0,853,815,178,28,1.4000000000000001,920
2014,1,15,13,0,814,803,174,28,1,920
2014,1,15,14,0,703,764,164,27,0.8,920
2014,1,15,15,0,530,687,145,26,0.6000000000000001,920
2014,1,15,16,0,315,542,114,25,0.7000000000000001,920
2014,1,15,17,0,91,173,64,24,1.2000000000000002,920
2014,1,15,18,0,0,0,0,23,1.7000000000000002,920
2014,1,15,19,0,0,0,0,23,2,920
2014,1,15,20,0,0,0,0,22,2.2,920
2014,1,15,21,0,0,0,0,21,2.3000000000000003,920
2014,1,15,22,0,0,0,0,21,2.3000000000000003,920
2014,1,15,23,0,0,0,0,20,2.2,920
2014,1,16,0,0,0,0,0,20,2.2,920
2014,1,16,1,0,0,0,0,19,2.1,920
2014,1,16,2,0,0,0,0,18,2.1,920
2014,1,16,3,0,0,0,0,18,2,920
2014,1,16,4,0,0,0,0,17,2,920
2014,1,16,5,0,0,0,0,17,1.9000000000000001,920
2014,1,16,6,0,0,0,0,17,1.8,920
2014,1,16,7,0,98,195,67,19,1.6,920
2014,1,16,8,0,323,552,115,22,1.7000000000000002,920
2014,1,16,9,0,539,694,146,25,1.6,920
2014,1,16,10,0,712,770,165,27,1.5,920
2014,1,16,11,0,822,809,175,28,1.5,920
2014,1,16,12,0,846,698,266,28,1.5,920
2014,1,16,13,0,750,576,289,28,1.4000000000000001,920
2014,1,16,14,0,586,347,340,27,1.3,920
2014,1,16,15,0,533,689,146,26,1,920
2014,1,16,16,0,317,543,114,25,1,920
2014,1,16,17,0,88,108,71,24,1.4000000000000001,920
2014,1,16,18,0,0,0,0,23,1.8,920
2014,1,16,19,0,0,0,0,22,2.1,920
2014,1,16,20,0,0,0,0,21,2.4000000000000004,920
2014,1,16,21,0,0,0,0,21,2.6,920
2014,1,16,22,0,0,0,0,20,2.6,920
2014,1,16,23,0,0,0,0,19,2.6,920
2014,1,17,0,0,0,0,0,19,2.4000000000000004,920
2014,1,17,1,0,0,0,0,19,2.1,920
2014,1,17,2,0,0,0,0,19,1.9000000000000001,920
2014,1,17,3,0,0,0,0,18,1.8,920
2014,1,17,4,0,0,0,0,18,1.9000000000000001,920
2014,1,17,5,0,0,0,0,18,1.9000000000000001,920
2014,1,17,6,0,0,0,0,18,2,920
2014,1,17,7,0,99,256,58,19,2.1,920
2014,1,17,8,0,318,539,114,20,2.2,920
2014,1,17,9,0,531,682,145,20,2.2,920
2014,1,17,10,0,703,758,164,21,2.4000000000000004,920
2014,1,17,11,0,813,797,174,21,2.6,920
2014,1,17,12,0,851,809,177,22,2.5,920
2014,1,17,13,0,813,797,174,23,2.5,920
2014,1,17,14,0,703,759,164,23,2.5,920
2014,1,17,15,0,352,131,278,23,2.5,920
2014,1,17,16,0,317,539,114,22,2.2,920
2014,1,17,17,0,51,0,51,21,2.1,920
2014,1,17,18,0,0,0,0,21,2.1,920
2014,1,17,19,0,0,0,0,20,2.1,920
2014,1,17,20,0,0,0,0,20,2,920
2014,1,17,21,0,0,0,0,19,2.1,920
2014,1,17,22,0,0,0,0,19,2.1,920
2014,1,17,23,0,0,0,0,18,2.2,920
2014,1,18,0,0,0,0,0,18,2.2,920
2014,1,18,1,0,0,0,0,18,2.1,920
2014,1,18,2,0,0,0,0,17,1.8,920
2014,1,18,3,0,0,0,0,17,1.6,920
2014,1,18,4,0,0,0,0,17,1.4000000000000001,920
2014,1,18,5,0,0,0,0,16,1.3,920
2014,1,18,6,0,0,0,0,17,1.3,920
2014,1,18,7,0,81,90,66,18,1.3,920
2014,1,18,8,0,308,394,159,21,1.4000000000000001,920
2014,1,18,9,0,534,685,146,24,1.4000000000000001,920
2014,1,18,10,0,707,762,164,26,1.5,920
2014,1,18,11,0,818,801,175,27,1.7000000000000002,920
2014,1,18,12,0,857,814,178,28,1.9000000000000001,920
2014,1,18,13,0,819,802,175,27,2.1,920
2014,1,18,14,0,709,764,164,27,2.3000000000000003,920
2014,1,18,15,0,536,688,146,26,2.3000000000000003,920
2014,1,18,16,0,322,546,115,25,2.3000000000000003,920
2014,1,18,17,0,93,122,73,23,2.5,920
2014,1,18,18,0,0,0,0,22,2.9000000000000004,920
2014,1,18,19,0,0,0,0,21,3.2,920
2014,1,18,20,0,0,0,0,20,3.4000000000000004,920
2014,1,18,21,0,0,0,0,19,3.4000000000000004,920
2014,1,18,22,0,0,0,0,18,3.3000000000000003,920
2014,1,18,23,0,0,0,0,18,3.1,920
2014,1,19,0,0,0,0,0,17,2.9000000000000004,920
2014,1,19,1,0,0,0,0,16,2.8000000000000003,920
2014,1,19,2,0,0,0,0,16,2.6,920
2014,1,19,3,0,0,0,0,16,2.4000000000000004,920
2014,1,19,4,0,0,0,0,16,2.2,920
2014,1,19,5,0,0,0,0,16,2.2,920
2014,1,19,6,0,0,0,0,17,2.2,920
2014,1,19,7,0,75,43,68,18,2.5,930
2014,1,19,8,0,252,184,182,21,2.6,930
2014,1,19,9,0,544,700,147,23,2.6,930
2014,1,19,10,0,720,777,166,26,2.5,930
2014,1,19,11,0,834,817,176,27,2.3000000000000003,920
2014,1,19,12,0,865,786,207,28,2.1,920
2014,1,19,13,0,835,818,176,28,2.1,920
2014,1,19,14,0,676,563,273,27,2.2,920
2014,1,19,15,0,444,293,277,26,2.4000000000000004,920
2014,1,19,16,0,331,562,117,24,2.5,920
2014,1,19,17,0,96,170,68,22,2.9000000000000004,920
2014,1,19,18,0,0,0,0,21,3.3000000000000003,920
2014,1,19,19,0,0,0,0,20,3.6,920
2014,1,19,20,0,0,0,0,19,3.7,920
2014,1,19,21,0,0,0,0,18,3.6,920
2014,1,19,22,0,0,0,0,17,3.3000000000000003,920
2014,1,19,23,0,0,0,0,17,3,920
2014,1,20,0,0,0,0,0,16,2.7,920
2014,1,20,1,0,0,0,0,17,2.5,920
2014,1,20,2,0,0,0,0,17,2,920
2014,1,20,3,0,0,0,0,17,2,920
2014,1,20,4,0,0,0,0,17,2,920
2014,1,20,5,0,0,0,0,17,2.2,920
2014,1,20,6,0,0,0,0,17,2.5,920
2014,1,20,7,0,104,279,60,19,2.8000000000000003,920
2014,1,20,8,0,334,572,117,20,2.9000000000000004,930
2014,1,20,9,0,556,717,149,23,3,930
2014,1,20,10,0,589,320,360,25,3.2,920
2014,1,20,11,0,404,63,353,27,3.4000000000000004,920
2014,1,20,12,0,524,135,410,28,3.5,920
2014,1,20,13,0,786,534,354,28,3.6,920
2014,1,20,14,0,735,791,167,27,3.6,920
2014,1,20,15,0,558,715,149,26,3.5,920
2014,1,20,16,0,318,382,171,24,3.2,920
2014,1,20,17,0,68,31,62,22,3.1,920
2014,1,20,18,0,0,0,0,21,3.1,920
2014,1,20,19,0,0,0,0,20,3,920
2014,1,20,20,0,0,0,0,19,3,920
2014,1,20,21,0,0,0,0,19,3,920
2014,1,20,22,0,0,0,0,18,2.9000000000000004,920
2014,1,20,23,0,0,0,0,18,2.8000000000000003,920
2014,1,21,0,0,0,0,0,17,2.7,920
2014,1,21,1,0,0,0,0,17,2.6,920
2014,1,21,2,0,0,0,0,17,2.6,920
2014,1,21,3,0,0,0,0,16,2.7,920
2014,1,21,4,0,0,0,0,16,2.8000000000000003,920
2014,1,21,5,0,0,0,0,16,2.8000000000000003,920
2014,1,21,6,0,0,0,0,17,2.6,920
2014,1,21,7,0,75,65,64,18,2.6,920
2014,1,21,8,0,317,426,155,21,2.7,920
2014,1,21,9,0,489,418,251,24,2.5,920
2014,1,21,10,0,729,786,167,26,2.4000000000000004,920
2014,1,21,11,0,838,781,207,27,2.4000000000000004,920
2014,1,21,12,0,885,838,181,28,2.6,920
2014,1,21,13,0,828,741,227,28,2.8000000000000003,920
2014,1,21,14,0,736,789,167,27,3,920
2014,1,21,15,0,560,715,149,26,3.1,920
2014,1,21,16,0,340,575,118,25,3.1,920
2014,1,21,17,0,95,114,76,22,3.3000000000000003,920
2014,1,21,18,0,0,0,0,21,3.5,920
2014,1,21,19,0,0,0,0,20,3.6,920
2014,1,21,20,0,0,0,0,19,3.6,920
2014,1,21,21,0,0,0,0,19,3.6,920
2014,1,21,22,0,0,0,0,18,3.6,920
2014,1,21,23,0,0,0,0,17,3.6,920
2014,1,22,0,0,0,0,0,17,3.5,920
2014,1,22,1,0,0,0,0,17,3.5,920
2014,1,22,2,0,0,0,0,17,3.3000000000000003,920
2014,1,22,3,0,0,0,0,17,2.9000000000000004,920
2014,1,22,4,0,0,0,0,17,2.8000000000000003,920
2014,1,22,5,0,0,0,0,17,2.6,920
2014,1,22,6,0,0,0,0,17,2.5,920
2014,1,22,7,0,98,195,67,18,2.6,920
2014,1,22,8,0,333,570,117,21,2.9000000000000004,920
2014,1,22,9,0,556,712,150,24,2.8000000000000003,920
2014,1,22,10,0,723,752,184,26,2.5,920
2014,1,22,11,0,852,832,178,27,2.2,920
2014,1,22,12,0,893,844,181,28,1.9000000000000001,920
2014,1,22,13,0,855,832,178,28,1.7000000000000002,920
2014,1,22,14,0,742,794,168,28,1.6,920
2014,1,22,15,0,565,719,150,26,1.7000000000000002,920
2014,1,22,16,0,343,578,119,25,1.8,920
2014,1,22,17,0,98,120,77,22,2.1,920
2014,1,22,18,0,0,0,0,21,2.6,920
2014,1,22,19,0,0,0,0,21,3,920
2014,1,22,20,0,0,0,0,20,3.2,920
2014,1,22,21,0,0,0,0,20,3.3000000000000003,920
2014,1,22,22,0,0,0,0,19,3.3000000000000003,920
2014,1,22,23,0,0,0,0,18,3.3000000000000003,920
2014,1,23,0,0,0,0,0,17,3.2,920
2014,1,23,1,0,0,0,0,16,3.1,920
2014,1,23,2,0,0,0,0,16,2.9000000000000004,920
2014,1,23,3,0,0,0,0,16,2.7,920
2014,1,23,4,0,0,0,0,16,2.3000000000000003,920
2014,1,23,5,0,0,0,0,16,2.1,920
2014,1,23,6,0,0,0,0,16,2.1,920
2014,1,23,7,0,103,230,66,17,2.3000000000000003,920
2014,1,23,8,0,333,569,117,20,2.5,920
2014,1,23,9,0,556,713,149,23,2.3000000000000003,920
2014,1,23,10,0,735,790,168,25,2,920
2014,1,23,11,0,851,830,178,27,1.8,920
2014,1,23,12,0,893,842,181,28,1.7000000000000002,920
2014,1,23,13,0,856,832,178,28,1.7000000000000002,920
2014,1,23,14,0,745,795,168,27,1.7000000000000002,920
2014,1,23,15,0,568,721,150,26,1.7000000000000002,920
2014,1,23,16,0,347,582,119,25,1.7000000000000002,920
2014,1,23,17,0,107,206,72,22,1.8,920
2014,1,23,18,0,0,0,0,21,2,920
2014,1,23,19,0,0,0,0,20,2.1,920
2014,1,23,20,0,0,0,0,19,2.4000000000000004,920
2014,1,23,21,0,0,0,0,19,2.6,920
2014,1,23,22,0,0,0,0,18,2.9000000000000004,920
2014,1,23,23,0,0,0,0,17,3,920
2014,1,24,0,0,0,0,0,16,3.1,920
2014,1,24,1,0,0,0,0,15,3.2,920
2014,1,24,2,0,0,0,0,15,3,920
2014,1,24,3,0,0,0,0,15,2.8000000000000003,920
2014,1,24,4,0,0,0,0,14,2.6,920
2014,1,24,5,0,0,0,0,15,2.4000000000000004,920
2014,1,24,6,0,0,0,0,15,2,920
2014,1,24,7,0,103,230,66,17,1.8,920
2014,1,24,8,0,333,569,117,20,1.9000000000000001,920
2014,1,24,9,0,556,712,149,24,1.7000000000000002,920
2014,1,24,10,0,734,788,167,27,1.6,920
2014,1,24,11,0,850,826,178,28,1.5,920
2014,1,24,12,0,891,839,181,29,1.4000000000000001,920
2014,1,24,13,0,854,827,178,29,1.4000000000000001,920
2014,1,24,14,0,743,790,168,29,1.4000000000000001,920
2014,1,24,15,0,567,715,150,27,1.4000000000000001,920
2014,1,24,16,0,346,577,119,26,1.5,920
2014,1,24,17,0,110,215,73,23,1.9000000000000001,920
2014,1,24,18,0,0,0,0,22,2.4000000000000004,920
2014,1,24,19,0,0,0,0,21,2.8000000000000003,920
2014,1,24,20,0,0,0,0,20,3,920
2014,1,24,21,0,0,0,0,19,3,920
2014,1,24,22,0,0,0,0,18,3,920
2014,1,24,23,0,0,0,0,17,3,920
2014,1,25,0,0,0,0,0,16,2.9000000000000004,920
2014,1,25,1,0,0,0,0,16,2.8000000000000003,920
2014,1,25,2,0,0,0,0,15,2.8000000000000003,920
2014,1,25,3,0,0,0,0,15,2.7,920
2014,1,25,4,0,0,0,0,15,2.6,920
2014,1,25,5,0,0,0,0,15,2.5,920
2014,1,25,6,0,0,0,0,16,2.3000000000000003,920
2014,1,25,7,0,87,97,71,18,2.3000000000000003,920
2014,1,25,8,0,329,558,116,21,2.5,920
2014,1,25,9,0,550,702,148,24,2.7,920
2014,1,25,10,0,729,780,167,26,2.8000000000000003,920
2014,1,25,11,0,845,819,177,28,2.9000000000000004,920
2014,1,25,12,0,870,711,266,29,3,920
2014,1,25,13,0,851,822,177,29,3,920
2014,1,25,14,0,741,785,168,28,3,920
2014,1,25,15,0,566,711,149,27,3.1,920
2014,1,25,16,0,294,289,179,25,3.2,920
2014,1,25,17,0,106,169,76,23,3.3000000000000003,920
2014,1,25,18,0,0,0,0,21,3.6,920
2014,1,25,19,0,0,0,0,20,3.7,920
2014,1,25,20,0,0,0,0,19,3.8000000000000003,920
2014,1,25,21,0,0,0,0,19,3.7,920
2014,1,25,22,0,0,0,0,18,3.7,920
2014,1,25,23,0,0,0,0,17,3.5,920
2014,1,26,0,0,0,0,0,16,3.5,920
2014,1,26,1,0,0,0,0,16,3.4000000000000004,920
2014,1,26,2,0,0,0,0,15,3.3000000000000003,920
2014,1,26,3,0,0,0,0,15,3,920
2014,1,26,4,0,0,0,0,15,2.7,920
2014,1,26,5,0,0,0,0,15,2.6,920
2014,1,26,6,0,0,0,0,16,2.7,920
2014,1,26,7,0,104,233,67,17,3,920
2014,1,26,8,0,340,580,118,21,3.3000000000000003,920
2014,1,26,9,0,567,725,150,24,3.8000000000000003,920
2014,1,26,10,0,749,802,169,26,4.1000000000000005,920
2014,1,26,11,0,866,840,179,27,4.2,920
2014,1,26,12,0,907,851,183,28,4.2,920
2014,1,26,13,0,870,839,179,28,4.2,920
2014,1,26,14,0,756,801,169,27,4,920
2014,1,26,15,0,578,727,151,26,3.8000000000000003,920
2014,1,26,16,0,355,589,121,25,3.5,920
2014,1,26,17,0,109,179,77,22,3.3000000000000003,920
2014,1,26,18,0,0,0,0,21,3.4000000000000004,920
2014,1,26,19,0,0,0,0,20,3.5,920
2014,1,26,20,0,0,0,0,19,3.5,920
2014,1,26,21,0,0,0,0,18,3.5,920
2014,1,26,22,0,0,0,0,17,3.5,920
2014,1,26,23,0,0,0,0,17,3.5,920
2014,1,27,0,0,0,0,0,16,3.4000000000000004,920
2014,1,27,1,0,0,0,0,15,3.3000000000000003,920
2014,1,27,2,0,0,0,0,15,3.2,920
2014,1,27,3,0,0,0,0,14,3.1,920
2014,1,27,4,0,0,0,0,14,3,920
2014,1,27,5,0,0,0,0,14,2.8000000000000003,920
2014,1,27,6,0,0,0,0,15,2.5,920
2014,1,27,7,0,108,292,62,17,2.4000000000000004,920
2014,1,27,8,0,344,588,119,20,2.8000000000000003,920
2014,1,27,9,0,573,733,151,24,3.2,920
2014,1,27,10,0,756,809,170,26,3.4000000000000004,920
2014,1,27,11,0,875,847,180,27,3.6,920
2014,1,27,12,0,917,859,184,28,3.7,920
2014,1,27,13,0,879,847,180,28,3.8000000000000003,920
2014,1,27,14,0,765,808,170,27,3.9000000000000004,920
2014,1,27,15,0,585,733,152,26,4,920
2014,1,27,16,0,360,595,122,24,3.8000000000000003,920
2014,1,27,17,0,111,186,77,22,3.6,920
2014,1,27,18,0,0,0,0,21,3.8000000000000003,920
2014,1,27,19,0,0,0,0,20,3.8000000000000003,920
2014,1,27,20,0,0,0,0,19,3.9000000000000004,920
2014,1,27,21,0,0,0,0,18,3.9000000000000004,920
2014,1,27,22,0,0,0,0,17,3.9000000000000004,920
2014,1,27,23,0,0,0,0,17,3.7,920
2014,1,28,0,0,0,0,0,16,3.5,920
2014,1,28,1,0,0,0,0,15,3.2,920
2014,1,28,2,0,0,0,0,14,3,920
2014,1,28,3,0,0,0,0,14,2.7,920
2014,1,28,4,0,0,0,0,14,2.4000000000000004,920
2014,1,28,5,0,0,0,0,15,2,920
2014,1,28,6,0,0,0,0,15,1.7000000000000002,920
2014,1,28,7,0,100,201,68,16,1.6,920
2014,1,28,8,0,343,556,129,19,2.1,920
2014,1,28,9,0,577,737,151,23,2.6,920
2014,1,28,10,0,761,814,170,26,2.9000000000000004,920
2014,1,28,11,0,881,852,181,27,2.9000000000000004,920
2014,1,28,12,0,925,865,184,28,2.8000000000000003,920
2014,1,28,13,0,887,853,181,28,2.5,920
2014,1,28,14,0,772,815,171,28,2.3000000000000003,920
2014,1,28,15,0,592,740,153,27,2.1,920
2014,1,28,16,0,365,603,122,25,2.1,920
2014,1,28,17,0,107,137,82,22,2.2,920
2014,1,28,18,0,0,0,0,21,2.5,920
2014,1,28,19,0,0,0,0,20,2.9000000000000004,920
2014,1,28,20,0,0,0,0,19,3.1,920
2014,1,28,21,0,0,0,0,18,3.1,920
2014,1,28,22,0,0,0,0,17,3.2,920
2014,1,28,23,0,0,0,0,16,3.2,920
2014,1,29,0,0,0,0,0,16,3.3000000000000003,920
2014,1,29,1,0,0,0,0,15,3.3000000000000003,920
2014,1,29,2,0,0,0,0,15,3,920
2014,1,29,3,0,0,0,0,15,2.7,920
2014,1,29,4,0,0,0,0,15,2.2,920
2014,1,29,5,0,0,0,0,15,1.8,920
2014,1,29,6,0,0,0,0,16,1.5,920
2014,1,29,7,0,89,136,67,17,1.2000000000000002,920
2014,1,29,8,0,318,410,160,20,1.3,920
2014,1,29,9,0,567,720,150,25,0.9,920
2014,1,29,10,0,750,797,169,27,0.6000000000000001,920
2014,1,29,11,0,870,838,179,29,0.7000000000000001,920
2014,1,29,12,0,910,849,181,29,0.8,920
2014,1,29,13,0,880,842,180,29,1,920
2014,1,29,14,0,767,806,170,29,1,920
2014,1,29,15,0,589,733,152,28,0.9,920
2014,1,29,16,0,364,597,122,26,0.8,920
2014,1,29,17,0,116,200,79,24,0.5,920
2014,1,29,18,0,0,0,0,23,0.4,920
2014,1,29,19,0,0,0,0,23,0.7000000000000001,920
2014,1,29,20,0,0,0,0,22,1.1,920
2014,1,29,21,0,0,0,0,22,1.6,920
2014,1,29,22,0,0,0,0,21,2.1,920
2014,1,29,23,0,0,0,0,19,2.4000000000000004,920
2014,1,30,0,0,0,0,0,18,2.6,920
2014,1,30,1,0,0,0,0,18,2.5,920
2014,1,30,2,0,0,0,0,18,2.3000000000000003,920
2014,1,30,3,0,0,0,0,17,2.1,920
2014,1,30,4,0,0,0,0,17,2,920
2014,1,30,5,0,0,0,0,17,2,920
2014,1,30,6,0,0,0,0,17,1.9000000000000001,920
2014,1,30,7,0,90,137,68,19,1.9000000000000001,920
2014,1,30,8,0,320,412,161,21,2,920
2014,1,30,9,0,542,586,202,25,1.9000000000000001,920
2014,1,30,10,0,744,789,168,27,1.6,920
2014,1,30,11,0,850,761,221,28,1.4000000000000001,920
2014,1,30,12,0,908,842,182,29,1.1,920
2014,1,30,13,0,873,833,179,29,1,920
2014,1,30,14,0,755,751,197,29,1,920
2014,1,30,15,0,585,725,152,28,1,920
2014,1,30,16,0,363,591,122,26,1.2000000000000002,920
2014,1,30,17,0,106,120,83,24,1.6,920
2014,1,30,18,0,0,0,0,23,2.2,920
2014,1,30,19,0,0,0,0,22,2.7,920
2014,1,30,20,0,0,0,0,21,3,920
2014,1,30,21,0,0,0,0,20,3.1,920
2014,1,30,22,0,0,0,0,19,3,920
2014,1,30,23,0,0,0,0,17,3,920
2014,1,31,0,0,0,0,0,16,2.8000000000000003,920
2014,1,31,1,0,0,0,0,16,2.7,920
2014,1,31,2,0,0,0,0,15,2.6,920
2014,1,31,3,0,0,0,0,15,2.5,920
2014,1,31,4,0,0,0,0,15,2.4000000000000004,920
2014,1,31,5,0,0,0,0,15,2.3000000000000003,920
2014,1,31,6,0,0,0,0,16,2.1,920
2014,1,31,7,0,102,208,68,18,1.8,920
2014,1,31,8,0,341,575,118,23,2.1,920
2014,1,31,9,0,569,720,150,26,1.9000000000000001,920
2014,1,31,10,0,753,798,169,28,1.7000000000000002,920
2014,1,31,11,0,874,838,180,29,1.7000000000000002,920
2014,1,31,12,0,919,852,183,30,1.7000000000000002,920
2014,1,31,13,0,884,843,181,30,1.7000000000000002,920
2014,1,31,14,0,773,807,171,30,1.8,920
2014,1,31,15,0,594,735,153,28,2,920
2014,1,31,16,0,369,601,123,27,2.2,920
2014,1,31,17,0,122,215,81,24,2.7,920
2014,1,31,18,0,0,0,0,22,3.3000000000000003,920
2014,1,31,19,0,0,0,0,22,3.7,920
2014,1,31,20,0,0,0,0,20,3.9000000000000004,920
2014,1,31,21,0,0,0,0,19,4,920
2014,1,31,22,0,0,0,0,18,4.1000000000000005,920
2014,1,31,23,0,0,0,0,17,4.1000000000000005,920
2014,2,1,0,0,0,0,0,16,4,920
2014,2,1,1,0,0,0,0,16,3.8000000000000003,920
2014,2,1,2,0,0,0,0,15,3.7,920
2014,2,1,3,0,0,0,0,15,3.5,920
2014,2,1,4,0,0,0,0,15,3.4000000000000004,920
2014,2,1,5,0,0,0,0,14,3.3000000000000003,920
2014,2,1,6,0,0,0,0,15,3.1,920
2014,2,1,7,0,98,162,71,18,2.9000000000000004,920
2014,2,1,8,0,309,374,163,22,3.2,920
2014,2,1,9,0,562,614,204,25,3.3000000000000003,920
2014,2,1,10,0,751,755,197,27,3.2,920
2014,2,1,11,0,864,731,257,29,3,920
2014,2,1,12,0,785,475,373,30,2.7,920
2014,2,1,13,0,876,711,280,30,2.4000000000000004,920
2014,2,1,14,0,731,581,296,29,2.3000000000000003,920
2014,2,1,15,0,476,303,293,28,2.2,920
2014,2,1,16,0,345,396,181,26,2.3000000000000003,920
2014,2,1,17,0,119,190,83,23,2.6,920
2014,2,1,18,0,0,0,0,22,3,920
2014,2,1,19,0,0,0,0,21,3.5,920
2014,2,1,20,0,0,0,0,20,3.7,920
2014,2,1,21,0,0,0,0,19,3.8000000000000003,920
2014,2,1,22,0,0,0,0,18,3.8000000000000003,920
2014,2,1,23,0,0,0,0,17,3.7,920
2014,2,2,0,0,0,0,0,16,3.6,920
2014,2,2,1,0,0,0,0,16,3.4000000000000004,920
2014,2,2,2,0,0,0,0,16,3.1,920
2014,2,2,3,0,0,0,0,16,2.7,920
2014,2,2,4,0,0,0,0,16,2.5,920
2014,2,2,5,0,0,0,0,17,2.6,920
2014,2,2,6,0,0,0,0,17,2.7,920
2014,2,2,7,0,103,179,73,18,3,920
2014,2,2,8,0,340,525,135,21,3.5,920
2014,2,2,9,0,568,673,174,24,3.8000000000000003,920
2014,2,2,10,0,752,754,197,26,3.8000000000000003,920
2014,2,2,11,0,872,795,210,28,3.7,920
2014,2,2,12,0,915,808,214,29,3.4000000000000004,920
2014,2,2,13,0,879,796,210,30,3,920
2014,2,2,14,0,766,756,198,29,2.7,920
2014,2,2,15,0,589,681,177,28,2.6,920
2014,2,2,16,0,365,542,140,26,2.4000000000000004,920
2014,2,2,17,0,115,147,86,23,2.5,920
2014,2,2,18,0,0,0,0,22,2.9000000000000004,920
2014,2,2,19,0,0,0,0,21,3.3000000000000003,920
2014,2,2,20,0,0,0,0,20,3.6,920
2014,2,2,21,0,0,0,0,19,3.7,920
2014,2,2,22,0,0,0,0,18,3.6,920
2014,2,2,23,0,0,0,0,17,3.4000000000000004,920
2014,2,3,0,0,0,0,0,17,3.2,920
2014,2,3,1,0,0,0,0,16,2.9000000000000004,920
2014,2,3,2,0,0,0,0,16,2.7,920
2014,2,3,3,0,0,0,0,15,2.5,920
2014,2,3,4,0,0,0,0,15,2.4000000000000004,920
2014,2,3,5,0,0,0,0,15,2.4000000000000004,920
2014,2,3,6,0,0,0,0,16,2.4000000000000004,920
2014,2,3,7,0,104,181,74,19,2,920
2014,2,3,8,0,345,533,136,24,2.2,920
2014,2,3,9,0,576,683,175,27,2.3000000000000003,920
2014,2,3,10,0,763,765,198,29,2,920
2014,2,3,11,0,885,807,211,31,1.8,920
2014,2,3,12,0,931,821,216,32,1.6,920
2014,2,3,13,0,895,810,212,32,1.4000000000000001,920
2014,2,3,14,0,781,771,200,31,1.2000000000000002,920
2014,2,3,15,0,601,695,178,30,1.2000000000000002,920
2014,2,3,16,0,374,556,142,28,1.3,920
2014,2,3,17,0,124,183,88,25,1.7000000000000002,920
2014,2,3,18,0,0,0,0,23,2.2,920
2014,2,3,19,0,0,0,0,22,2.6,920
2014,2,3,20,0,0,0,0,21,2.9000000000000004,920
2014,2,3,21,0,0,0,0,20,3.1,920
2014,2,3,22,0,0,0,0,19,3.2,920
2014,2,3,23,0,0,0,0,18,3.2,920
2014,2,4,0,0,0,0,0,17,3.1,920
2014,2,4,1,0,0,0,0,17,3.1,920
2014,2,4,2,0,0,0,0,16,3,920
2014,2,4,3,0,0,0,0,16,2.8000000000000003,920
2014,2,4,4,0,0,0,0,15,2.7,920
2014,2,4,5,0,0,0,0,15,2.5,920
2014,2,4,6,0,0,0,0,16,2.4000000000000004,920
2014,2,4,7,0,101,158,74,19,2,920
2014,2,4,8,0,346,503,148,24,2.2,920
2014,2,4,9,0,579,686,175,28,2.4000000000000004,920
2014,2,4,10,0,767,767,199,30,2.3000000000000003,920
2014,2,4,11,0,889,808,212,31,2.1,920
2014,2,4,12,0,934,822,216,32,1.8,920
2014,2,4,13,0,897,810,212,32,1.5,920
2014,2,4,14,0,784,772,200,31,1.2000000000000002,910
2014,2,4,15,0,604,697,179,30,1.1,910
2014,2,4,16,0,377,559,143,28,1,910
2014,2,4,17,0,120,159,89,25,1.3,920
2014,2,4,18,0,0,0,0,24,1.6,920
2014,2,4,19,0,0,0,0,23,1.9000000000000001,920
2014,2,4,20,0,0,0,0,22,2.1,920
2014,2,4,21,0,0,0,0,21,2.3000000000000003,920
2014,2,4,22,0,0,0,0,20,2.3000000000000003,920
2014,2,4,23,0,0,0,0,19,2.2,920
2014,2,5,0,0,0,0,0,18,2.1,920
2014,2,5,1,0,0,0,0,17,2,920
2014,2,5,2,0,0,0,0,16,1.8,920
2014,2,5,3,0,0,0,0,16,1.7000000000000002,920
2014,2,5,4,0,0,0,0,15,1.6,920
2014,2,5,5,0,0,0,0,15,1.5,920
2014,2,5,6,0,0,0,0,16,1.4000000000000001,920
2014,2,5,7,0,102,161,75,20,1.2000000000000002,920
2014,2,5,8,0,348,535,137,25,1,920
2014,2,5,9,0,580,684,176,29,1,920
2014,2,5,10,0,767,766,199,31,1,920
2014,2,5,11,0,890,808,212,32,1.1,920
2014,2,5,12,0,936,822,216,33,1.1,920
2014,2,5,13,0,901,812,213,33,1.1,910
2014,2,5,14,0,788,774,201,32,1.2000000000000002,910
2014,2,5,15,0,608,699,179,31,1.2000000000000002,910
2014,2,5,16,0,380,561,143,29,1.4000000000000001,910
2014,2,5,17,0,129,195,90,26,2,920
2014,2,5,18,0,0,0,0,24,2.5,920
2014,2,5,19,0,0,0,0,23,2.8000000000000003,920
2014,2,5,20,0,0,0,0,22,3,920
2014,2,5,21,0,0,0,0,20,3,920
2014,2,5,22,0,0,0,0,19,3,920
2014,2,5,23,0,0,0,0,18,3,920
2014,2,6,0,0,0,0,0,18,3,920
2014,2,6,1,0,0,0,0,17,3,920
2014,2,6,2,0,0,0,0,16,3,920
2014,2,6,3,0,0,0,0,16,3,920
2014,2,6,4,0,0,0,0,15,2.9000000000000004,920
2014,2,6,5,0,0,0,0,15,2.7,920
2014,2,6,6,0,0,0,0,16,2.4000000000000004,920
2014,2,6,7,0,108,190,76,20,1.8,920
2014,2,6,8,0,349,535,137,25,1.7000000000000002,920
2014,2,6,9,0,580,683,176,28,1.2000000000000002,920
2014,2,6,10,0,768,764,199,31,0.7000000000000001,920
2014,2,6,11,0,890,806,211,32,0.7000000000000001,920
2014,2,6,12,0,936,820,216,33,0.9,920
2014,2,6,13,0,901,809,212,32,1.1,910
2014,2,6,14,0,789,772,201,32,1.2000000000000002,910
2014,2,6,15,0,609,699,179,30,1.2000000000000002,910
2014,2,6,16,0,381,562,143,28,1.3,910
2014,2,6,17,0,124,170,90,25,1.6,920
2014,2,6,18,0,0,0,0,24,2.2,920
2014,2,6,19,0,0,0,0,23,2.6,920
2014,2,6,20,0,0,0,0,21,3.1,920
2014,2,6,21,0,0,0,0,20,3.5,920
2014,2,6,22,0,0,0,0,19,3.5,920
2014,2,6,23,0,0,0,0,18,3.4000000000000004,920
2014,2,7,0,0,0,0,0,17,3.3000000000000003,920
2014,2,7,1,0,0,0,0,16,3,920
2014,2,7,2,0,0,0,0,16,2.6,920
2014,2,7,3,0,0,0,0,15,2.2,920
2014,2,7,4,0,0,0,0,15,1.9000000000000001,920
2014,2,7,5,0,0,0,0,14,1.7000000000000002,920
2014,2,7,6,0,0,0,0,16,1.5,920
2014,2,7,7,0,109,193,76,19,1.1,920
2014,2,7,8,0,355,526,146,24,1,920
2014,2,7,9,0,592,698,178,28,0.7000000000000001,920
2014,2,7,10,0,782,779,201,31,0.4,920
2014,2,7,11,0,906,820,213,32,0.2,920
2014,2,7,12,0,952,833,218,33,0.30000000000000004,920
2014,2,7,13,0,901,817,204,33,0.4,920
2014,2,7,14,0,786,774,195,32,0.6000000000000001,920
2014,2,7,15,0,620,710,181,30,0.9,920
2014,2,7,16,0,387,490,178,28,1.3,920
2014,2,7,17,0,127,175,92,25,1.8,920
2014,2,7,18,0,0,0,0,23,2.4000000000000004,920
2014,2,7,19,0,0,0,0,22,2.9000000000000004,920
2014,2,7,20,0,0,0,0,21,3.2,920
2014,2,7,21,0,0,0,0,19,3.4000000000000004,920
2014,2,7,22,0,0,0,0,18,3.5,920
2014,2,7,23,0,0,0,0,17,3.6,920
2014,2,8,0,0,0,0,0,16,3.5,920
2014,2,8,1,0,0,0,0,15,3.4000000000000004,920
2014,2,8,2,0,0,0,0,15,3.1,920
2014,2,8,3,0,0,0,0,14,2.9000000000000004,920
2014,2,8,4,0,0,0,0,14,2.8000000000000003,920
2014,2,8,5,0,0,0,0,14,2.7,920
2014,2,8,6,0,0,0,0,15,2.6,920
2014,2,8,7,0,110,196,76,18,2.2,920
2014,2,8,8,0,357,527,147,24,2.3000000000000003,920
2014,2,8,9,0,594,698,178,27,1.9000000000000001,920
2014,2,8,10,0,784,779,201,30,1.2000000000000002,920
2014,2,8,11,0,908,820,214,32,0.7000000000000001,920
2014,2,8,12,0,954,833,218,32,0.4,920
2014,2,8,13,0,918,822,214,32,0.30000000000000004,920
2014,2,8,14,0,803,784,203,32,0.5,920
2014,2,8,15,0,620,709,181,30,0.7000000000000001,920
2014,2,8,16,0,389,547,155,28,0.8,920
2014,2,8,17,0,129,180,92,25,0.7000000000000001,920
2014,2,8,18,0,0,0,0,24,0.7000000000000001,920
2014,2,8,19,0,0,0,0,23,0.8,920
2014,2,8,20,0,0,0,0,22,1.2000000000000002,920
2014,2,8,21,0,0,0,0,21,1.7000000000000002,920
2014,2,8,22,0,0,0,0,20,2,920
2014,2,8,23,0,0,0,0,19,2.2,920
2014,2,9,0,0,0,0,0,18,2.2,920
2014,2,9,1,0,0,0,0,17,2.1,920
2014,2,9,2,0,0,0,0,16,1.9000000000000001,920
2014,2,9,3,0,0,0,0,15,1.7000000000000002,920
2014,2,9,4,0,0,0,0,15,1.5,920
2014,2,9,5,0,0,0,0,14,1.4000000000000001,920
2014,2,9,6,0,0,0,0,16,1.4000000000000001,920
2014,2,9,7,0,107,174,77,19,1.2000000000000002,920
2014,2,9,8,0,357,546,139,24,0.8,920
2014,2,9,9,0,591,692,177,29,0.1,920
2014,2,9,10,0,780,771,200,31,0.4,920
2014,2,9,11,0,902,811,213,33,0.6000000000000001,920
2014,2,9,12,0,947,824,217,33,0.7000000000000001,920
2014,2,9,13,0,911,813,213,33,0.7000000000000001,920
2014,2,9,14,0,797,775,202,33,0.9,920
2014,2,9,15,0,616,700,180,31,1,920
2014,2,9,16,0,387,564,144,29,1.2000000000000002,920
2014,2,9,17,0,131,186,93,26,1.5,920
2014,2,9,18,0,0,0,0,25,1.7000000000000002,920
2014,2,9,19,0,0,0,0,24,1.8,920
2014,2,9,20,0,0,0,0,23,1.7000000000000002,920
2014,2,9,21,0,0,0,0,22,1.7000000000000002,920
2014,2,9,22,0,0,0,0,21,1.6,920
2014,2,9,23,0,0,0,0,21,1.5,920
2014,2,10,0,0,0,0,0,20,1.3,920
2014,2,10,1,0,0,0,0,19,1,920
2014,2,10,2,0,0,0,0,18,0.6000000000000001,920
2014,2,10,3,0,0,0,0,17,0.4,920
2014,2,10,4,0,0,0,0,17,0.8,920
2014,2,10,5,0,0,0,0,16,1.1,920
2014,2,10,6,0,0,0,0,17,1.4000000000000001,920
2014,2,10,7,0,103,155,76,21,1.3,920
2014,2,10,8,0,277,210,192,25,1.8,920
2014,2,10,9,0,566,542,240,29,2.2,920
2014,2,10,10,0,778,767,200,31,2.4000000000000004,920
2014,2,10,11,0,901,808,212,32,2.3000000000000003,920
2014,2,10,12,0,948,822,217,33,2.1,920
2014,2,10,13,0,913,812,213,33,2,920
2014,2,10,14,0,800,775,202,32,1.9000000000000001,920
2014,2,10,15,0,619,702,181,31,1.8,920
2014,2,10,16,0,390,567,145,28,1.9000000000000001,920
2014,2,10,17,0,101,66,87,25,2.2,920
2014,2,10,18,0,0,0,0,24,2.5,920
2014,2,10,19,0,0,0,0,23,2.5,920
2014,2,10,20,0,0,0,0,22,2.5,920
2014,2,10,21,0,0,0,0,21,2.7,920
2014,2,10,22,0,0,0,0,20,3,920
2014,2,10,23,0,0,0,0,18,3.3000000000000003,920
2014,2,11,0,0,0,0,0,17,3.5,920
2014,2,11,1,0,0,0,0,16,3.5,920
2014,2,11,2,0,0,0,0,16,3.3000000000000003,920
2014,2,11,3,0,0,0,0,15,3,920
2014,2,11,4,0,0,0,0,15,2.8000000000000003,920
2014,2,11,5,0,0,0,0,15,2.5,920
2014,2,11,6,0,0,0,0,16,2.3000000000000003,920
2014,2,11,7,0,110,169,80,19,2.2,920
2014,2,11,8,0,355,536,138,24,2.3000000000000003,920
2014,2,11,9,0,587,682,176,27,2.2,920
2014,2,11,10,0,775,761,199,30,1.8,920
2014,2,11,11,0,898,803,212,31,1.5,920
2014,2,11,12,0,944,816,216,32,1.3,920
2014,2,11,13,0,909,806,213,32,1.2000000000000002,920
2014,2,11,14,0,796,769,201,31,1.2000000000000002,910
2014,2,11,15,0,616,696,180,30,1.1,910
2014,2,11,16,0,388,561,144,28,1.1,910
2014,2,11,17,0,135,195,94,25,1.2000000000000002,910
2014,2,11,18,0,0,0,0,24,1.3,910
2014,2,11,19,0,0,0,0,24,1.5,920
2014,2,11,20,0,0,0,0,23,1.7000000000000002,920
2014,2,11,21,0,0,0,0,22,2,920
2014,2,11,22,0,0,0,0,21,2.2,920
2014,2,11,23,0,0,0,0,19,2.4000000000000004,920
2014,2,12,0,0,0,0,0,18,2.7,920
2014,2,12,1,0,0,0,0,17,2.9000000000000004,920
2014,2,12,2,0,0,0,0,17,3,920
2014,2,12,3,0,0,0,0,16,3,920
2014,2,12,4,0,0,0,0,16,3.1,920
2014,2,12,5,0,0,0,0,15,3,920
2014,2,12,6,0,0,0,0,16,2.9000000000000004,920
2014,2,12,7,0,112,172,81,20,2.8000000000000003,920
2014,2,12,8,0,353,529,138,24,2.8000000000000003,920
2014,2,12,9,0,582,673,175,27,2.3000000000000003,920
2014,2,12,10,0,768,751,198,30,1.7000000000000002,920
2014,2,12,11,0,889,791,211,31,1.1,920
2014,2,12,12,0,933,804,215,31,0.6000000000000001,920
2014,2,12,13,0,897,792,211,31,0.30000000000000004,920
2014,2,12,14,0,784,754,200,31,0.5,910
2014,2,12,15,0,605,679,178,29,0.7000000000000001,910
2014,2,12,16,0,380,545,143,27,1,920
2014,2,12,17,0,117,116,92,26,1.3,920
2014,2,12,18,0,0,0,0,25,1.7000000000000002,920
2014,2,12,19,0,0,0,0,24,2,920
2014,2,12,20,0,0,0,0,23,2.1,920
2014,2,12,21,0,0,0,0,23,2.1,920
2014,2,12,22,0,0,0,0,22,2.1,920
2014,2,12,23,0,0,0,0,21,2,920
2014,2,13,0,0,0,0,0,21,2,920
2014,2,13,1,0,0,0,0,20,2.1,920
2014,2,13,2,0,0,0,0,20,2.3000000000000003,920
2014,2,13,3,0,0,0,0,19,2.5,920
2014,2,13,4,0,0,0,0,19,2.5,920
2014,2,13,5,0,0,0,0,19,2.5,920
2014,2,13,6,0,0,0,0,19,2.5,920
2014,2,13,7,0,108,151,81,20,2.5,920
2014,2,13,8,0,341,505,135,21,2.7,920
2014,2,13,9,0,565,647,172,22,2.7,920
2014,2,13,10,0,747,725,195,23,2.6,920
2014,2,13,11,0,867,767,208,24,2.4000000000000004,920
2014,2,13,12,0,912,781,212,24,2.1,920
2014,2,13,13,0,776,438,395,25,1.9000000000000001,920
2014,2,13,14,0,475,126,377,26,1.6,920
2014,2,13,15,0,476,256,314,25,1.3,920
2014,2,13,16,0,241,79,206,25,0.9,920
2014,2,13,17,0,119,108,96,24,0.4,920
2014,2,13,18,0,0,0,0,22,0.1,920
2014,2,13,19,0,0,0,0,22,0.30000000000000004,920
2014,2,13,20,0,0,0,0,21,0.7000000000000001,920
2014,2,13,21,0,0,0,0,21,1,920
2014,2,13,22,0,0,0,0,21,1.3,920
2014,2,13,23,0,0,0,0,20,1.6,920
2014,2,14,0,0,0,0,0,20,1.8,920
2014,2,14,1,0,0,0,0,19,1.8,920
2014,2,14,2,0,0,0,0,19,1.6,920
2014,2,14,3,0,0,0,0,19,1.3,920
2014,2,14,4,0,0,0,0,19,1.1,920
2014,2,14,5,0,0,0,0,19,0.9,920
2014,2,14,6,0,0,0,0,19,0.8,920
2014,2,14,7,0,110,170,79,20,1,920
2014,2,14,8,0,294,264,185,21,1.2000000000000002,920
2014,2,14,9,0,382,134,300,22,1.3,920
2014,2,14,10,0,666,415,349,23,1.3,920
2014,2,14,11,0,849,596,335,24,1.3,920
2014,2,14,12,0,900,644,321,25,1.3,920
2014,2,14,13,0,886,776,210,26,1.3,920
2014,2,14,14,0,775,739,198,26,1.3,920
2014,2,14,15,0,599,666,177,25,1.2000000000000002,920
2014,2,14,16,0,377,534,142,24,1.2000000000000002,920
2014,2,14,17,0,134,179,96,23,1.4000000000000001,920
2014,2,14,18,0,0,0,0,23,1.6,920
2014,2,14,19,0,0,0,0,22,1.7000000000000002,920
2014,2,14,20,0,0,0,0,22,1.7000000000000002,920
2014,2,14,21,0,0,0,0,21,1.4000000000000001,920
2014,2,14,22,0,0,0,0,21,1.1,920
2014,2,14,23,0,0,0,0,21,0.8,920
2014,2,15,0,0,0,0,0,20,0.7000000000000001,920
2014,2,15,1,0,0,0,0,20,0.7000000000000001,920
2014,2,15,2,0,0,0,0,20,0.5,920
2014,2,15,3,0,0,0,0,19,0.2,920
2014,2,15,4,0,0,0,0,19,0.30000000000000004,920
2014,2,15,5,0,0,0,0,19,0.30000000000000004,920
2014,2,15,6,0,0,0,0,19,0.30000000000000004,920
2014,2,15,7,0,90,62,78,20,0.30000000000000004,920
2014,2,15,8,0,209,56,185,21,0.2,920
2014,2,15,9,0,422,204,297,22,0.30000000000000004,920
2014,2,15,10,0,749,586,300,23,0.5,920
2014,2,15,11,0,878,773,209,25,0.7000000000000001,920
2014,2,15,12,0,769,375,430,26,0.8,920
2014,2,15,13,0,566,138,445,26,0.8,920
2014,2,15,14,0,474,112,386,26,0.8,920
2014,2,15,15,0,591,483,284,25,1,920
2014,2,15,16,0,275,145,211,24,1.2000000000000002,920
2014,2,15,17,0,136,184,96,23,1.4000000000000001,920
2014,2,15,18,0,0,0,0,22,1.7000000000000002,920
2014,2,15,19,0,0,0,0,22,1.8,920
2014,2,15,20,0,0,0,0,22,1.7000000000000002,920
2014,2,15,21,0,0,0,0,21,1.5,920
2014,2,15,22,0,0,0,0,21,1.3,920
2014,2,15,23,0,0,0,0,21,0.9,920
2014,2,16,0,0,0,0,0,20,0.5,920
2014,2,16,1,0,0,0,0,20,0.30000000000000004,920
2014,2,16,2,0,0,0,0,20,0.6000000000000001,920
2014,2,16,3,0,0,0,0,20,0.9,920
2014,2,16,4,0,0,0,0,20,1.1,920
2014,2,16,5,0,0,0,0,19,1.3,920
2014,2,16,6,0,0,0,0,20,1.3,920
2014,2,16,7,0,86,55,75,20,1.4000000000000001,920
2014,2,16,8,0,349,407,180,22,1.5,920
2014,2,16,9,0,534,439,264,25,1.5,920
2014,2,16,10,0,504,156,384,26,1.7000000000000002,920
2014,2,16,11,0,499,85,425,27,2.1,920
2014,2,16,12,0,588,137,464,28,2.4000000000000004,920
2014,2,16,13,0,827,503,386,28,2.7,920
2014,2,16,14,0,526,184,381,28,2.5,920
2014,2,16,15,0,585,493,271,27,2.2,920
2014,2,16,16,0,325,237,220,26,1.9000000000000001,920
2014,2,16,17,0,83,14,80,24,1.7000000000000002,920
2014,2,16,18,0,0,0,0,23,1.7000000000000002,920
2014,2,16,19,0,0,0,0,23,1.8,920
2014,2,16,20,0,0,0,0,23,1.7000000000000002,920
2014,2,16,21,0,0,0,0,22,1.4000000000000001,920
2014,2,16,22,0,0,0,0,22,1,920
2014,2,16,23,0,0,0,0,21,0.6000000000000001,920
2014,2,17,0,0,0,0,0,20,0.2,920
2014,2,17,1,0,0,0,0,19,0.1,920
2014,2,17,2,0,0,0,0,19,0.2,920
2014,2,17,3,0,0,0,0,18,0.30000000000000004,920
2014,2,17,4,0,0,0,0,18,0.4,920
2014,2,17,5,0,0,0,0,18,0.4,920
2014,2,17,6,0,0,0,0,19,0.4,920
2014,2,17,7,0,116,169,84,21,0.6000000000000001,920
2014,2,17,8,0,362,534,139,24,1.1,920
2014,2,17,9,0,593,676,177,27,1.1,920
2014,2,17,10,0,780,753,199,28,1,920
2014,2,17,11,0,901,792,211,29,1,920
2014,2,17,12,0,945,804,216,30,1.1,920
2014,2,17,13,0,909,793,212,30,1.2000000000000002,920
2014,2,17,14,0,796,756,201,29,1.3,920
2014,2,17,15,0,617,684,180,28,1.5,920
2014,2,17,16,0,390,552,145,26,1.8,920
2014,2,17,17,0,140,193,98,24,2.3000000000000003,920
2014,2,17,18,0,0,0,0,23,2.7,920
2014,2,17,19,0,0,0,0,23,3,920
2014,2,17,20,0,0,0,0,22,3.1,920
2014,2,17,21,0,0,0,0,21,3.1,920
2014,2,17,22,0,0,0,0,20,3,920
2014,2,17,23,0,0,0,0,20,2.8000000000000003,920
2014,2,18,0,0,0,0,0,20,2.6,920
2014,2,18,1,0,0,0,0,19,2.4000000000000004,920
2014,2,18,2,0,0,0,0,19,2.3000000000000003,920
2014,2,18,3,0,0,0,0,19,2.2,920
2014,2,18,4,0,0,0,0,20,2,920
2014,2,18,5,0,0,0,0,20,2.1,920
2014,2,18,6,0,0,0,0,20,2.2,920
2014,2,18,7,0,90,39,82,21,2.5,920
2014,2,18,8,0,249,112,202,22,2.5,920
2014,2,18,9,0,577,528,250,24,2.4000000000000004,920
2014,2,18,10,0,768,672,248,27,2.4000000000000004,920
2014,2,18,11,0,858,590,343,28,2.3000000000000003,920
2014,2,18,12,0,773,399,410,28,2.1,920
2014,2,18,13,0,714,317,434,28,2,920
2014,2,18,14,0,734,554,296,27,2,920
2014,2,18,15,0,574,527,236,26,2.1,920
2014,2,18,16,0,386,543,144,25,2.2,920
2014,2,18,17,0,135,167,98,24,2.5,920
2014,2,18,18,0,0,0,0,23,2.8000000000000003,920
2014,2,18,19,0,0,0,0,22,3.1,920
2014,2,18,20,0,0,0,0,22,3.2,920
2014,2,18,21,0,0,0,0,21,3.2,920
2014,2,18,22,0,0,0,0,20,3.1,920
2014,2,18,23,0,0,0,0,20,3,920
2014,2,19,0,0,0,0,0,20,2.9000000000000004,920
2014,2,19,1,0,0,0,0,19,2.8000000000000003,920
2014,2,19,2,0,0,0,0,19,2.7,920
2014,2,19,3,0,0,0,0,19,2.6,920
2014,2,19,4,0,0,0,0,19,2.6,920
2014,2,19,5,0,0,0,0,19,2.5,920
2014,2,19,6,0,0,0,0,19,2.7,920
2014,2,19,7,0,120,198,82,20,2.9000000000000004,920
2014,2,19,8,0,351,432,169,21,2.9000000000000004,920
2014,2,19,9,0,513,357,291,23,2.8000000000000003,920
2014,2,19,10,0,778,746,199,26,2.7,920
2014,2,19,11,0,899,786,211,28,2.6,920
2014,2,19,12,0,813,492,364,29,2.4000000000000004,920
2014,2,19,13,0,868,587,349,29,2.4000000000000004,920
2014,2,19,14,0,795,751,200,28,2.3000000000000003,920
2014,2,19,15,0,540,371,301,27,2.2,920
2014,2,19,16,0,391,550,145,26,2.1,920
2014,2,19,17,0,151,305,84,25,2.2,920
2014,2,19,18,0,0,0,0,24,2.5,920
2014,2,19,19,0,0,0,0,23,2.9000000000000004,920
2014,2,19,20,0,0,0,0,22,3.2,920
2014,2,19,21,0,0,0,0,21,3.4000000000000004,920
2014,2,19,22,0,0,0,0,20,3.4000000000000004,920
2014,2,19,23,0,0,0,0,19,3.3000000000000003,920
2014,2,20,0,0,0,0,0,19,3.1,920
2014,2,20,1,0,0,0,0,19,2.8000000000000003,920
2014,2,20,2,0,0,0,0,18,2.5,920
2014,2,20,3,0,0,0,0,18,2.3000000000000003,920
2014,2,20,4,0,0,0,0,18,2,920
2014,2,20,5,0,0,0,0,18,1.9000000000000001,920
2014,2,20,6,0,0,0,0,19,1.8,920
2014,2,20,7,0,106,70,92,20,1.8,920
2014,2,20,8,0,290,206,202,22,1.6,920
2014,2,20,9,0,294,52,261,24,1.4000000000000001,920
2014,2,20,10,0,746,508,350,27,0.9,920
2014,2,20,11,0,789,467,379,29,0.5,920
2014,2,20,12,0,942,679,321,30,0.2,920
2014,2,20,13,0,834,522,371,29,0.1,920
2014,2,20,14,0,619,288,390,29,0.1,920
2014,2,20,15,0,482,259,315,28,0.1,920
2014,2,20,16,0,251,83,213,27,0.4,920
2014,2,20,17,0,138,175,99,25,0.7000000000000001,920
2014,2,20,18,0,0,0,0,24,1.1,920
2014,2,20,19,0,0,0,0,23,1.4000000000000001,920
2014,2,20,20,0,0,0,0,23,1.6,920
2014,2,20,21,0,0,0,0,23,1.8,920
2014,2,20,22,0,0,0,0,22,2,920
2014,2,20,23,0,0,0,0,21,2.1,920
2014,2,21,0,0,0,0,0,21,2.1,920
2014,2,21,1,0,0,0,0,20,2.1,920
2014,2,21,2,0,0,0,0,20,2.1,920
2014,2,21,3,0,0,0,0,19,2,920
2014,2,21,4,0,0,0,0,19,2.1,920
2014,2,21,5,0,0,0,0,19,2.1,920
2014,2,21,6,0,0,0,0,19,2.1,920
2014,2,21,7,0,102,84,85,20,2.2,920
2014,2,21,8,0,336,333,194,21,2.3000000000000003,920
2014,2,21,9,0,427,185,311,23,2.2,920
2014,2,21,10,0,627,322,375,25,1.9000000000000001,920
2014,2,21,11,0,707,297,445,27,1.5,920
2014,2,21,12,0,940,791,214,27,1.1,920
2014,2,21,13,0,904,780,211,28,0.8,920
2014,2,21,14,0,791,743,200,27,0.7000000000000001,920
2014,2,21,15,0,613,671,179,26,0.8,920
2014,2,21,16,0,388,541,144,25,0.7000000000000001,920
2014,2,21,17,0,150,299,84,25,0.6000000000000001,920
2014,2,21,18,0,0,0,0,24,0.4,920
2014,2,21,19,0,0,0,0,23,0.30000000000000004,920
2014,2,21,20,0,0,0,0,23,0.1,920
2014,2,21,21,0,0,0,0,22,0.1,920
2014,2,21,22,0,0,0,0,22,0.30000000000000004,920
2014,2,21,23,0,0,0,0,21,0.6000000000000001,920
2014,2,22,0,0,0,0,0,21,0.9,920
2014,2,22,1,0,0,0,0,20,1.1,920
2014,2,22,2,0,0,0,0,20,1.4000000000000001,920
2014,2,22,3,0,0,0,0,20,1.6,920
2014,2,22,4,0,0,0,0,20,1.7000000000000002,920
2014,2,22,5,0,0,0,0,19,1.7000000000000002,920
2014,2,22,6,0,0,0,0,19,1.7000000000000002,920
2014,2,22,7,0,122,169,89,20,1.6,920
2014,2,22,8,0,362,521,139,21,1.5,920
2014,2,22,9,0,590,658,175,22,1.5,920
2014,2,22,10,0,774,735,198,22,1.6,920
2014,2,22,11,0,894,774,210,25,1.6,920
2014,2,22,12,0,939,788,214,25,1.5,920
2014,2,22,13,0,904,778,211,26,1.6,920
2014,2,22,14,0,793,743,200,25,1.5,920
2014,2,22,15,0,568,447,278,25,1.3,920
2014,2,22,16,0,391,544,144,24,1.1,920
2014,2,22,17,0,134,133,104,23,1.4000000000000001,920
2014,2,22,18,0,0,0,0,22,1.7000000000000002,920
2014,2,22,19,0,0,0,0,22,1.9000000000000001,920
2014,2,22,20,0,0,0,0,21,1.8,920
2014,2,22,21,0,0,0,0,21,1.7000000000000002,920
2014,2,22,22,0,0,0,0,20,1.6,920
2014,2,22,23,0,0,0,0,20,1.7000000000000002,920
2014,2,23,0,0,0,0,0,19,2,920
2014,2,23,1,0,0,0,0,18,2.5,920
2014,2,23,2,0,0,0,0,18,2.7,920
2014,2,23,3,0,0,0,0,17,2.7,920
2014,2,23,4,0,0,0,0,16,2.6,920
2014,2,23,5,0,0,0,0,16,2.5,920
2014,2,23,6,0,0,0,0,17,2.2,920
2014,2,23,7,0,131,275,77,20,1.7000000000000002,920
2014,2,23,8,0,371,535,141,23,1.8,920
2014,2,23,9,0,603,673,177,27,2,920
2014,2,23,10,0,790,750,200,29,2.1,920
2014,2,23,11,0,912,789,212,30,2.2,920
2014,2,23,12,0,957,803,216,30,2.3000000000000003,920
2014,2,23,13,0,922,793,213,30,2.6,920
2014,2,23,14,0,808,758,202,30,2.6,920
2014,2,23,15,0,627,686,181,28,2.6,920
2014,2,23,16,0,399,557,146,27,2.6,920
2014,2,23,17,0,149,216,100,24,2.7,920
2014,2,23,18,0,0,0,0,23,3.1,920
2014,2,23,19,0,0,0,0,22,3.4000000000000004,920
2014,2,23,20,0,0,0,0,21,3.8000000000000003,920
2014,2,23,21,0,0,0,0,20,4,920
2014,2,23,22,0,0,0,0,18,4.2,920
2014,2,23,23,0,0,0,0,18,4.1000000000000005,920
2014,2,24,0,0,0,0,0,17,4,920
2014,2,24,1,0,0,0,0,16,3.7,920
2014,2,24,2,0,0,0,0,16,3.3000000000000003,920
2014,2,24,3,0,0,0,0,15,3,920
2014,2,24,4,0,0,0,0,15,2.8000000000000003,920
2014,2,24,5,0,0,0,0,14,2.6,920
2014,2,24,6,0,0,0,0,15,2.5,920
2014,2,24,7,0,132,204,91,18,2.3000000000000003,920
2014,2,24,8,0,386,560,144,22,2.6,920
2014,2,24,9,0,623,698,181,25,3.2,920
2014,2,24,10,0,813,773,203,27,3.4000000000000004,920
2014,2,24,11,0,936,811,215,29,3.4000000000000004,920
2014,2,24,12,0,980,823,219,29,3.3000000000000003,920
2014,2,24,13,0,941,811,215,29,3.2,920
2014,2,24,14,0,824,773,204,29,3.3000000000000003,920
2014,2,24,15,0,510,272,332,28,3.3000000000000003,920
2014,2,24,16,0,173,8,169,26,3.3000000000000003,920
2014,2,24,17,0,73,0,73,23,3.4000000000000004,920
2014,2,24,18,0,0,0,0,22,3.7,920
2014,2,24,19,0,0,0,0,21,3.9000000000000004,920
2014,2,24,20,0,0,0,0,20,4,920
2014,2,24,21,0,0,0,0,20,3.8000000000000003,920
2014,2,24,22,0,0,0,0,19,3.7,920
2014,2,24,23,0,0,0,0,19,3.5,920
2014,2,25,0,0,0,0,0,19,3.3000000000000003,920
2014,2,25,1,0,0,0,0,19,3,920
2014,2,25,2,0,0,0,0,19,2.8000000000000003,920
2014,2,25,3,0,0,0,0,19,2.6,920
2014,2,25,4,0,0,0,0,19,2.5,920
2014,2,25,5,0,0,0,0,19,2.4000000000000004,920
2014,2,25,6,0,0,0,0,19,2.5,920
2014,2,25,7,0,100,64,87,20,2.7,920
2014,2,25,8,0,327,308,193,22,2.7,920
2014,2,25,9,0,511,338,295,24,2.6,920
2014,2,25,10,0,788,743,199,27,2.6,920
2014,2,25,11,0,583,157,443,28,2.7,920
2014,2,25,12,0,474,88,392,29,2.7,920
2014,2,25,13,0,731,313,450,28,2.7,920
2014,2,25,14,0,730,498,329,28,2.6,920
2014,2,25,15,0,479,236,324,26,2.5,920
2014,2,25,16,0,298,129,239,26,2.5,920
2014,2,25,17,0,138,180,97,24,2.5,920
2014,2,25,18,0,0,0,0,24,2.6,920
2014,2,25,19,0,0,0,0,23,2.7,920
2014,2,25,20,0,0,0,0,23,2.9000000000000004,920
2014,2,25,21,0,0,0,0,22,3.1,920
2014,2,25,22,0,0,0,0,21,3.3000000000000003,920
2014,2,25,23,0,0,0,0,20,3.4000000000000004,920
2014,2,26,0,0,0,0,0,19,3.4000000000000004,920
2014,2,26,1,0,0,0,0,19,3.3000000000000003,920
2014,2,26,2,0,0,0,0,18,3,920
2014,2,26,3,0,0,0,0,18,2.6,920
2014,2,26,4,0,0,0,0,18,2.3000000000000003,920
2014,2,26,5,0,0,0,0,18,2.2,920
2014,2,26,6,0,0,0,0,18,2,920
2014,2,26,7,0,136,280,79,20,1.7000000000000002,920
2014,2,26,8,0,376,535,142,23,1.5,920
2014,2,26,9,0,606,670,178,26,1.3,920
2014,2,26,10,0,792,745,200,29,1.2000000000000002,920
2014,2,26,11,0,914,785,212,29,1.5,920
2014,2,26,12,0,959,799,216,29,1.7000000000000002,920
2014,2,26,13,0,924,790,213,29,1.7000000000000002,920
2014,2,26,14,0,810,755,201,28,1.7000000000000002,920
2014,2,26,15,0,629,684,181,28,1.5,920
2014,2,26,16,0,401,557,146,27,1.3,920
2014,2,26,17,0,153,225,102,25,1.2000000000000002,920
2014,2,26,18,0,0,0,0,25,1.3,920
2014,2,26,19,0,0,0,0,24,1.6,920
2014,2,26,20,0,0,0,0,23,2.1,920
2014,2,26,21,0,0,0,0,22,2.7,920
2014,2,26,22,0,0,0,0,21,3.1,920
2014,2,26,23,0,0,0,0,19,3.4000000000000004,920
2014,2,27,0,0,0,0,0,18,3.5,920
2014,2,27,1,0,0,0,0,17,3.5,920
2014,2,27,2,0,0,0,0,16,3.3000000000000003,920
2014,2,27,3,0,0,0,0,16,3,920
2014,2,27,4,0,0,0,0,16,2.7,920
2014,2,27,5,0,0,0,0,15,2.3000000000000003,920
2014,2,27,6,0,0,0,0,16,2,920
2014,2,27,7,0,143,299,81,19,1.6,920
2014,2,27,8,0,390,557,144,23,1.7000000000000002,920
2014,2,27,9,0,625,692,181,27,1.8,920
2014,2,27,10,0,814,767,202,29,1.7000000000000002,920
2014,2,27,11,0,937,806,215,31,1.5,920
2014,2,27,12,0,982,819,219,31,1.4000000000000001,920
2014,2,27,13,0,945,809,215,31,1.2000000000000002,920
2014,2,27,14,0,828,772,204,30,1.1,920
2014,2,27,15,0,643,700,183,29,1.1,920
2014,2,27,16,0,410,570,148,28,1,920
2014,2,27,17,0,128,118,101,25,1.1,920
2014,2,27,18,0,0,0,0,25,1.2000000000000002,920
2014,2,27,19,0,0,0,0,24,1.4000000000000001,920
2014,2,27,20,0,0,0,0,23,1.5,920
2014,2,27,21,0,0,0,0,23,1.7000000000000002,920
2014,2,27,22,0,0,0,0,22,1.8,920
2014,2,27,23,0,0,0,0,21,1.9000000000000001,920
2014,2,28,0,0,0,0,0,20,2,920
2014,2,28,1,0,0,0,0,19,2,920
2014,2,28,2,0,0,0,0,18,1.8,920
2014,2,28,3,0,0,0,0,18,1.7000000000000002,920
2014,2,28,4,0,0,0,0,17,1.6,920
2014,2,28,5,0,0,0,0,17,1.6,920
2014,2,28,6,0,0,0,0,19,1.6,920
2014,2,28,7,0,125,150,93,22,1.7000000000000002,920
2014,2,28,8,0,381,538,142,25,2,920
2014,2,28,9,0,611,671,178,27,2,920
2014,2,28,10,0,796,745,200,28,1.9000000000000001,920
2014,2,28,11,0,820,496,374,29,1.9000000000000001,920
2014,2,28,12,0,820,469,381,30,1.9000000000000001,920
2014,2,28,13,0,924,786,212,30,2,920
2014,2,28,14,0,373,46,335,29,2.1,920
2014,2,28,15,0,405,127,321,28,2.1,920
2014,2,28,16,0,385,390,205,26,2.1,920
2014,2,28,17,0,158,313,87,25,2.1,920
2014,2,28,18,0,0,0,0,24,2.3000000000000003,920
2014,2,28,19,0,0,0,0,24,2.4000000000000004,920
2014,2,28,20,0,0,0,0,23,2.4000000000000004,920
2014,2,28,21,0,0,0,0,22,2.5,920
2014,2,28,22,0,0,0,0,21,2.8000000000000003,920
2014,2,28,23,0,0,0,0,20,3,920
2014,3,1,0,0,0,0,0,20,3.2,920
2014,3,1,1,0,0,0,0,19,3.3000000000000003,920
2014,3,1,2,0,0,0,0,19,3.1,920
2014,3,1,3,0,0,0,0,19,3,920
2014,3,1,4,0,0,0,0,19,2.9000000000000004,920
2014,3,1,5,0,0,0,0,19,2.8000000000000003,920
2014,3,1,6,0,0,0,0,19,2.8000000000000003,920
2014,3,1,7,0,94,37,86,21,2.8000000000000003,920
2014,3,1,8,0,298,174,220,24,2.8000000000000003,920
2014,3,1,9,0,323,68,279,26,2.5,920
2014,3,1,10,0,716,462,345,27,2.1,920
2014,3,1,11,0,739,337,435,28,1.7000000000000002,920
2014,3,1,12,0,717,295,440,28,1.3,920
2014,3,1,13,0,907,620,345,28,1,920
2014,3,1,14,0,662,318,403,27,1,920
2014,3,1,15,0,252,35,228,26,1,920
2014,3,1,16,0,398,546,146,25,1.2000000000000002,920
2014,3,1,17,0,31,0,31,24,1.3,920
2014,3,1,18,0,0,0,0,24,1.4000000000000001,920
2014,3,1,19,0,0,0,0,23,1.6,920
2014,3,1,20,0,0,0,0,23,1.8,920
2014,3,1,21,0,0,0,0,22,2,920
2014,3,1,22,0,0,0,0,21,2.2,920
2014,3,1,23,0,0,0,0,21,2.4000000000000004,920
2014,3,2,0,0,0,0,0,20,2.5,920
2014,3,2,1,0,0,0,0,20,2.6,920
2014,3,2,2,0,0,0,0,19,2.4000000000000004,920
2014,3,2,3,0,0,0,0,19,2.1,920
2014,3,2,4,0,0,0,0,19,1.7000000000000002,920
2014,3,2,5,0,0,0,0,19,1.4000000000000001,920
2014,3,2,6,0,0,0,0,20,1.1,920
2014,3,2,7,0,141,236,90,21,0.8,920
2014,3,2,8,0,371,428,179,24,0.5,920
2014,3,2,9,0,624,682,180,27,0.7000000000000001,920
2014,3,2,10,0,781,641,265,28,1,920
2014,3,2,11,0,893,632,321,29,1.1,920
2014,3,2,12,0,971,749,267,30,1.1,920
2014,3,2,13,0,940,799,215,30,1.2000000000000002,920
2014,3,2,14,0,825,764,203,30,1.2000000000000002,920
2014,3,2,15,0,643,695,183,29,1.4000000000000001,920
2014,3,2,16,0,411,568,148,27,1.5,920
2014,3,2,17,0,146,186,103,26,1.8,920
2014,3,2,18,0,0,0,0,25,2.2,920
2014,3,2,19,0,0,0,0,24,2.4000000000000004,920
2014,3,2,20,0,0,0,0,23,2.6,920
2014,3,2,21,0,0,0,0,22,2.7,920
2014,3,2,22,0,0,0,0,21,3,920
2014,3,2,23,0,0,0,0,20,3.2,920
2014,3,3,0,0,0,0,0,20,3.4000000000000004,920
2014,3,3,1,0,0,0,0,19,3.5,920
2014,3,3,2,0,0,0,0,19,3.5,920
2014,3,3,3,0,0,0,0,19,3.3000000000000003,920
2014,3,3,4,0,0,0,0,19,3.2,920
2014,3,3,5,0,0,0,0,19,3.1,920
2014,3,3,6,0,0,0,0,19,3,920
2014,3,3,7,0,121,108,97,21,3.2,920
2014,3,3,8,0,251,94,208,22,3.3000000000000003,920
2014,3,3,9,0,591,482,276,24,3.2,920
2014,3,3,10,0,547,178,403,26,3.1,920
2014,3,3,11,0,547,105,451,27,2.8000000000000003,920
2014,3,3,12,0,802,379,445,28,2.6,920
2014,3,3,13,0,590,155,448,27,2.4000000000000004,920
2014,3,3,14,0,581,215,405,27,2.3000000000000003,920
2014,3,3,15,0,328,40,301,26,2.2,920
2014,3,3,16,0,293,138,228,24,2.2,920
2014,3,3,17,0,128,71,111,23,2.1,920
2014,3,3,18,0,0,0,0,23,2,920
2014,3,3,19,0,0,0,0,22,2,920
2014,3,3,20,0,0,0,0,22,2.3000000000000003,920
2014,3,3,21,0,0,0,0,22,2.6,920
2014,3,3,22,0,0,0,0,21,2.8000000000000003,920
2014,3,3,23,0,0,0,0,20,3.1,920
2014,3,4,0,0,0,0,0,20,3.3000000000000003,920
2014,3,4,1,0,0,0,0,19,3.4000000000000004,920
2014,3,4,2,0,0,0,0,19,3.3000000000000003,920
2014,3,4,3,0,0,0,0,19,2.9000000000000004,920
2014,3,4,4,0,0,0,0,19,2.6,920
2014,3,4,5,0,0,0,0,19,2.4000000000000004,920
2014,3,4,6,0,0,0,0,19,2.4000000000000004,920
2014,3,4,7,0,141,199,97,20,2.4000000000000004,920
2014,3,4,8,0,391,429,196,22,2.7,920
2014,3,4,9,0,542,380,293,25,2.7,920
2014,3,4,10,0,670,381,361,26,2.7,920
2014,3,4,11,0,775,430,384,27,2.5,920
2014,3,4,12,0,779,357,442,27,2.4000000000000004,920
2014,3,4,13,0,683,275,432,27,2.3000000000000003,920
2014,3,4,14,0,388,52,345,26,2.2,920
2014,3,4,15,0,415,137,323,26,2.1,920
2014,3,4,16,0,389,283,257,25,2,920
2014,3,4,17,0,38,0,38,24,1.7000000000000002,920
2014,3,4,18,0,0,0,0,23,1.5,920
2014,3,4,19,0,0,0,0,23,1.4000000000000001,920
2014,3,4,20,0,0,0,0,23,1.6,920
2014,3,4,21,0,0,0,0,22,2,920
2014,3,4,22,0,0,0,0,21,2.3000000000000003,920
2014,3,4,23,0,0,0,0,21,2.7,920
2014,3,5,0,0,0,0,0,20,2.9000000000000004,920
2014,3,5,1,0,0,0,0,20,3,920
2014,3,5,2,0,0,0,0,19,3,920
2014,3,5,3,0,0,0,0,19,2.9000000000000004,920
2014,3,5,4,0,0,0,0,19,2.8000000000000003,920
2014,3,5,5,0,0,0,0,19,2.7,920
2014,3,5,6,0,0,0,0,19,2.6,920
2014,3,5,7,0,150,255,93,20,2.6,920
2014,3,5,8,0,394,396,213,22,2.4000000000000004,920
2014,3,5,9,0,349,71,302,25,2.1,920
2014,3,5,10,0,593,238,399,27,1.5,920
2014,3,5,11,0,813,500,357,28,0.9,920
2014,3,5,12,0,818,447,395,29,0.5,920
2014,3,5,13,0,919,635,338,29,0.2,920
2014,3,5,14,0,718,458,343,28,0.2,920
2014,3,5,15,0,636,683,182,27,0.4,920
2014,3,5,16,0,406,555,147,26,0.8,920
2014,3,5,17,0,123,96,100,24,1.4000000000000001,920
2014,3,5,18,0,0,0,0,23,1.8,920
2014,3,5,19,0,0,0,0,23,2,920
2014,3,5,20,0,0,0,0,22,2.2,920
2014,3,5,21,0,0,0,0,21,2.4000000000000004,920
2014,3,5,22,0,0,0,0,21,2.5,920
2014,3,5,23,0,0,0,0,20,2.6,920
2014,3,6,0,0,0,0,0,20,2.7,920
2014,3,6,1,0,0,0,0,20,2.8000000000000003,920
2014,3,6,2,0,0,0,0,19,2.6,920
2014,3,6,3,0,0,0,0,19,2.4000000000000004,920
2014,3,6,4,0,0,0,0,19,2.3000000000000003,920
2014,3,6,5,0,0,0,0,19,2.2,920
2014,3,6,6,0,0,0,0,19,2,920
2014,3,6,7,0,147,234,94,20,1.9000000000000001,920
2014,3,6,8,0,329,243,217,22,1.8,920
2014,3,6,9,0,616,538,260,24,1.7000000000000002,920
2014,3,6,10,0,703,443,341,26,1.6,920
2014,3,6,11,0,766,383,416,27,1.4000000000000001,920
2014,3,6,12,0,866,515,377,27,1.2000000000000002,920
2014,3,6,13,0,868,584,333,27,1.1,920
2014,3,6,14,0,572,217,394,27,1.1,920
2014,3,6,15,0,630,557,258,26,1.1,920
2014,3,6,16,0,405,552,147,25,1.2000000000000002,920
2014,3,6,17,0,118,78,99,24,1.2000000000000002,920
2014,3,6,18,0,0,0,0,24,1.3,920
2014,3,6,19,0,0,0,0,23,1.5,920
2014,3,6,20,0,0,0,0,23,1.8,920
2014,3,6,21,0,0,0,0,22,2.1,920
2014,3,6,22,0,0,0,0,22,2.5,920
2014,3,6,23,0,0,0,0,21,2.9000000000000004,920
2014,3,7,0,0,0,0,0,20,3.2,920
2014,3,7,1,0,0,0,0,20,3.3000000000000003,920
2014,3,7,2,0,0,0,0,19,3.1,920
2014,3,7,3,0,0,0,0,19,2.9000000000000004,920
2014,3,7,4,0,0,0,0,19,2.7,920
2014,3,7,5,0,0,0,0,19,2.5,920
2014,3,7,6,0,0,0,0,19,2.4000000000000004,920
2014,3,7,7,0,155,305,86,20,2.4000000000000004,920
2014,3,7,8,0,326,229,220,22,2.6,920
2014,3,7,9,0,613,523,266,24,2.8000000000000003,920
2014,3,7,10,0,816,750,202,26,2.8000000000000003,920
2014,3,7,11,0,935,677,315,28,2.9000000000000004,920
2014,3,7,12,0,773,341,449,29,2.9000000000000004,920
2014,3,7,13,0,736,328,434,29,2.9000000000000004,920
2014,3,7,14,0,402,110,311,28,2.9000000000000004,920
2014,3,7,15,0,637,681,181,27,2.7,920
2014,3,7,16,0,362,308,217,26,2.5,920
2014,3,7,17,0,113,63,98,24,2.5,920
2014,3,7,18,0,0,0,0,24,2.8000000000000003,920
2014,3,7,19,0,0,0,0,23,3.1,920
2014,3,7,20,0,0,0,0,22,3.5,920
2014,3,7,21,0,0,0,0,21,3.8000000000000003,920
2014,3,7,22,0,0,0,0,20,3.9000000000000004,920
2014,3,7,23,0,0,0,0,19,3.8000000000000003,920
2014,3,8,0,0,0,0,0,18,3.6,920
2014,3,8,1,0,0,0,0,18,3.2,920
2014,3,8,2,0,0,0,0,17,2.7,920
2014,3,8,3,0,0,0,0,17,2.5,920
2014,3,8,4,0,0,0,0,17,2.4000000000000004,920
2014,3,8,5,0,0,0,0,17,2.4000000000000004,920
2014,3,8,6,0,0,0,0,18,2.5,920
2014,3,8,7,0,161,318,88,20,2.6,920
2014,3,8,8,0,408,560,148,23,2.7,920
2014,3,8,9,0,641,689,182,26,3.1,920
2014,3,8,10,0,827,759,203,29,3.1,920
2014,3,8,11,0,891,588,351,30,2.9000000000000004,920
2014,3,8,12,0,925,589,364,31,2.6,920
2014,3,8,13,0,893,587,353,30,2.4000000000000004,920
2014,3,8,14,0,826,756,203,29,2.2,920
2014,3,8,15,0,590,439,296,28,2.1,920
2014,3,8,16,0,205,31,190,27,2.1,920
2014,3,8,17,0,114,58,100,25,2.2,920
2014,3,8,18,0,0,0,0,24,2.7,920
2014,3,8,19,0,0,0,0,23,3.2,920
2014,3,8,20,0,0,0,0,22,3.8000000000000003,920
2014,3,8,21,0,0,0,0,21,4.1000000000000005,920
2014,3,8,22,0,0,0,0,20,4.1000000000000005,920
2014,3,8,23,0,0,0,0,19,3.9000000000000004,920
2014,3,9,0,0,0,0,0,18,3.5,920
2014,3,9,1,0,0,0,0,17,3.1,920
2014,3,9,2,0,0,0,0,17,2.7,920
2014,3,9,3,0,0,0,0,17,2.4000000000000004,920
2014,3,9,4,0,0,0,0,17,2.1,920
2014,3,9,5,0,0,0,0,16,2.1,920
2014,3,9,6,0,0,0,0,17,2,920
2014,3,9,7,0,151,205,103,20,2.3000000000000003,920
2014,3,9,8,0,408,558,148,22,2.4000000000000004,920
2014,3,9,9,0,640,686,182,25,2.6,920
2014,3,9,10,0,826,756,203,27,2.6,920
2014,3,9,11,0,944,792,215,28,2.4000000000000004,920
2014,3,9,12,0,985,803,218,29,2.1,920
2014,3,9,13,0,945,792,214,29,1.9000000000000001,920
2014,3,9,14,0,826,756,203,28,1.8,920
2014,3,9,15,0,642,685,182,27,1.8,920
2014,3,9,16,0,372,335,214,26,1.8,920
2014,3,9,17,0,127,91,105,24,1.8,920
2014,3,9,18,0,0,0,0,23,2,920
2014,3,9,19,0,0,0,0,22,2.3000000000000003,920
2014,3,9,20,0,0,0,0,22,2.6,920
2014,3,9,21,0,0,0,0,21,2.9000000000000004,920
2014,3,9,22,0,0,0,0,20,3.1,920
2014,3,9,23,0,0,0,0,19,3.2,920
2014,3,10,0,0,0,0,0,18,3.1,920
2014,3,10,1,0,0,0,0,18,2.9000000000000004,920
2014,3,10,2,0,0,0,0,17,2.6,920
2014,3,10,3,0,0,0,0,17,2.3000000000000003,920
2014,3,10,4,0,0,0,0,16,2.1,920
2014,3,10,5,0,0,0,0,16,2,920
2014,3,10,6,0,0,0,0,18,1.9000000000000001,920
2014,3,10,7,0,136,101,112,20,1.8,920
2014,3,10,8,0,281,125,222,23,1.7000000000000002,920
2014,3,10,9,0,638,680,181,27,1.4000000000000001,920
2014,3,10,10,0,821,750,202,29,1.2000000000000002,920
2014,3,10,11,0,939,785,214,30,1,920
2014,3,10,12,0,979,796,217,31,0.9,920
2014,3,10,13,0,938,785,214,31,0.9,920
2014,3,10,14,0,767,537,323,30,0.9,920
2014,3,10,15,0,473,219,325,29,0.9,920
2014,3,10,16,0,159,3,157,27,1.1,920
2014,3,10,17,0,98,19,93,26,1.3,920
2014,3,10,18,0,0,0,0,25,1.7000000000000002,920
2014,3,10,19,0,0,0,0,24,2.2,920
2014,3,10,20,0,0,0,0,24,2.8000000000000003,920
2014,3,10,21,0,0,0,0,23,3.3000000000000003,920
2014,3,10,22,0,0,0,0,22,3.8000000000000003,920
2014,3,10,23,0,0,0,0,21,4.1000000000000005,920
2014,3,11,0,0,0,0,0,20,4.1000000000000005,920
2014,3,11,1,0,0,0,0,19,4,920
2014,3,11,2,0,0,0,0,18,3.5,920
2014,3,11,3,0,0,0,0,18,3,920
2014,3,11,4,0,0,0,0,17,2.7,920
2014,3,11,5,0,0,0,0,17,2.4000000000000004,920
2014,3,11,6,0,0,0,0,18,2.2,920
2014,3,11,7,0,133,122,104,21,2.2,920
2014,3,11,8,0,412,559,148,25,2.5,920
2014,3,11,9,0,453,175,335,28,2.7,920
2014,3,11,10,0,663,325,393,30,2.5,920
2014,3,11,11,0,715,283,453,31,2.1,920
2014,3,11,12,0,845,477,388,32,1.8,920
2014,3,11,13,0,872,575,340,31,1.7000000000000002,920
2014,3,11,14,0,504,126,399,30,1.6,920
2014,3,11,15,0,334,31,313,29,1.6,920
2014,3,11,16,0,195,23,184,27,1.6,920
2014,3,11,17,0,164,318,89,26,1.7000000000000002,920
2014,3,11,18,0,0,0,0,25,2,920
2014,3,11,19,0,0,0,0,25,2.4000000000000004,920
2014,3,11,20,0,0,0,0,24,2.8000000000000003,920
2014,3,11,21,0,0,0,0,23,3,920
2014,3,11,22,0,0,0,0,22,3.2,920
2014,3,11,23,0,0,0,0,21,3.3000000000000003,920
2014,3,12,0,0,0,0,0,19,3.3000000000000003,920
2014,3,12,1,0,0,0,0,19,3.2,920
2014,3,12,2,0,0,0,0,18,3.3000000000000003,920
2014,3,12,3,0,0,0,0,18,3.3000000000000003,920
2014,3,12,4,0,0,0,0,17,3.3000000000000003,920
2014,3,12,5,0,0,0,0,17,3.2,920
2014,3,12,6,0,0,0,0,18,3.1,920
2014,3,12,7,0,148,150,112,20,3.2,920
2014,3,12,8,0,414,560,148,23,3.2,920
2014,3,12,9,0,587,445,286,25,3,920
2014,3,12,10,0,829,753,203,27,2.9000000000000004,920
2014,3,12,11,0,693,314,401,29,2.8000000000000003,920
2014,3,12,12,0,987,801,218,30,3,920
2014,3,12,13,0,920,623,342,30,3.4000000000000004,920
2014,3,12,14,0,725,453,349,29,3.5,920
2014,3,12,15,0,647,688,182,28,3.4000000000000004,920
2014,3,12,16,0,415,564,149,27,3.1,920
2014,3,12,17,0,161,234,105,25,3,920
2014,3,12,18,0,0,0,0,24,3.2,920
2014,3,12,19,0,0,0,0,23,3.5,920
2014,3,12,20,0,0,0,0,22,3.9000000000000004,920
2014,3,12,21,0,0,0,0,21,4.2,920
2014,3,12,22,0,0,0,0,20,4.3,920
2014,3,12,23,0,0,0,0,19,4.2,920
2014,3,13,0,0,0,0,0,19,4,920
2014,3,13,1,0,0,0,0,18,3.6,920
2014,3,13,2,0,0,0,0,17,3.1,920
2014,3,13,3,0,0,0,0,16,2.8000000000000003,920
2014,3,13,4,0,0,0,0,16,2.7,920
2014,3,13,5,0,0,0,0,15,2.7,920
2014,3,13,6,0,0,0,0,17,2.7,920
2014,3,13,7,0,180,353,94,20,2.6,920
2014,3,13,8,0,428,566,157,25,3.1,920
2014,3,13,9,0,674,716,188,27,3.5,920
2014,3,13,10,0,862,786,207,29,3.5,920
2014,3,13,11,0,981,820,218,31,3.2,920
2014,3,13,12,0,1020,830,222,32,2.8000000000000003,920
2014,3,13,13,0,975,802,230,32,2.5,920
2014,3,13,14,0,801,587,313,31,2.4000000000000004,920
2014,3,13,15,0,663,707,185,30,2.4000000000000004,920
2014,3,13,16,0,425,580,150,28,2.5,920
2014,3,13,17,0,161,236,104,26,2.6,920
2014,3,13,18,0,0,0,0,24,3.1,920
2014,3,13,19,0,0,0,0,23,3.7,920
2014,3,13,20,0,0,0,0,22,4.3,920
2014,3,13,21,0,0,0,0,21,4.5,920
2014,3,13,22,0,0,0,0,19,4.4,920
2014,3,13,23,0,0,0,0,19,4.1000000000000005,920
2014,3,14,0,0,0,0,0,18,3.7,920
2014,3,14,1,0,0,0,0,17,3.1,920
2014,3,14,2,0,0,0,0,17,2.7,920
2014,3,14,3,0,0,0,0,16,2.4000000000000004,920
2014,3,14,4,0,0,0,0,16,2.3000000000000003,920
2014,3,14,5,0,0,0,0,16,2.4000000000000004,920
2014,3,14,6,0,0,0,0,18,2.5,920
2014,3,14,7,0,182,343,97,21,2.3000000000000003,920
2014,3,14,8,0,438,594,153,26,2.7,920
2014,3,14,9,0,676,718,187,29,3.3000000000000003,920
2014,3,14,10,0,864,786,207,31,3.3000000000000003,920
2014,3,14,11,0,983,820,219,32,3.2,920
2014,3,14,12,0,1022,830,222,33,3.2,920
2014,3,14,13,0,978,817,218,33,3,920
2014,3,14,14,0,855,780,206,32,2.7,920
2014,3,14,15,0,664,708,185,31,2.6,920
2014,3,14,16,0,426,581,151,29,2.5,920
2014,3,14,17,0,155,207,105,26,2.4000000000000004,920
2014,3,14,18,0,0,0,0,25,2.5,920
2014,3,14,19,0,0,0,0,24,2.7,920
2014,3,14,20,0,0,0,0,23,3.2,920
2014,3,14,21,0,0,0,0,21,3.8000000000000003,920
2014,3,14,22,0,0,0,0,20,4,920
2014,3,14,23,0,0,0,0,19,4,920
2014,3,15,0,0,0,0,0,18,3.9000000000000004,920
2014,3,15,1,0,0,0,0,18,3.6,920
2014,3,15,2,0,0,0,0,17,3.2,920
2014,3,15,3,0,0,0,0,17,2.8000000000000003,920
2014,3,15,4,0,0,0,0,17,2.4000000000000004,920
2014,3,15,5,0,0,0,0,16,1.9000000000000001,920
2014,3,15,6,0,0,0,0,18,1.5,920
2014,3,15,7,0,185,348,98,22,0.9,920
2014,3,15,8,0,441,595,153,26,1.2000000000000002,920
2014,3,15,9,0,679,719,187,30,1.9000000000000001,920
2014,3,15,10,0,868,788,208,32,2.2,920
2014,3,15,11,0,988,823,219,33,2.4000000000000004,920
2014,3,15,12,0,1028,833,223,33,2.6,920
2014,3,15,13,0,985,822,219,33,2.7,920
2014,3,15,14,0,862,786,207,32,2.7,920
2014,3,15,15,0,671,716,186,31,2.8000000000000003,920
2014,3,15,16,0,432,590,152,29,2.8000000000000003,920
2014,3,15,17,0,156,208,106,26,2.8000000000000003,920
2014,3,15,18,0,0,0,0,25,3.1,920
2014,3,15,19,0,0,0,0,24,3.4000000000000004,920
2014,3,15,20,0,0,0,0,23,3.7,920
2014,3,15,21,0,0,0,0,21,3.9000000000000004,920
2014,3,15,22,0,0,0,0,20,3.9000000000000004,920
2014,3,15,23,0,0,0,0,19,3.7,920
2014,3,16,0,0,0,0,0,18,3.5,920
2014,3,16,1,0,0,0,0,18,3.1,920
2014,3,16,2,0,0,0,0,17,2.8000000000000003,920
2014,3,16,3,0,0,0,0,17,2.6,920
2014,3,16,4,0,0,0,0,17,2.4000000000000004,920
2014,3,16,5,0,0,0,0,17,2.4000000000000004,920
2014,3,16,6,0,0,0,0,19,2.4000000000000004,920
2014,3,16,7,0,187,362,96,22,2.1,920
2014,3,16,8,0,443,596,154,27,2.5,920
2014,3,16,9,0,681,719,187,30,3.2,920
2014,3,16,10,0,870,788,208,32,3.4000000000000004,920
2014,3,16,11,0,990,823,219,33,3.4000000000000004,920
2014,3,16,12,0,1030,834,223,33,3.3000000000000003,920
2014,3,16,13,0,987,823,219,33,3.2,920
2014,3,16,14,0,863,787,207,33,3.1,920
2014,3,16,15,0,672,717,186,31,3.1,920
2014,3,16,16,0,432,590,152,29,2.9000000000000004,920
2014,3,16,17,0,163,238,106,26,2.8000000000000003,920
2014,3,16,18,0,0,0,0,25,2.7,920
2014,3,16,19,0,0,0,0,24,2.7,920
2014,3,16,20,0,0,0,0,23,2.8000000000000003,920
2014,3,16,21,0,0,0,0,22,3.1,920
2014,3,16,22,0,0,0,0,21,3.3000000000000003,920
2014,3,16,23,0,0,0,0,20,3.4000000000000004,920
2014,3,17,0,0,0,0,0,19,3.4000000000000004,920
2014,3,17,1,0,0,0,0,18,3.3000000000000003,920
2014,3,17,2,0,0,0,0,18,3.2,920
2014,3,17,3,0,0,0,0,17,3,920
2014,3,17,4,0,0,0,0,17,2.8000000000000003,920
2014,3,17,5,0,0,0,0,17,2.5,920
2014,3,17,6,0,0,0,0,19,2.3000000000000003,920
2014,3,17,7,0,191,361,99,22,1.8,920
2014,3,17,8,0,447,600,154,27,2.3000000000000003,920
2014,3,17,9,0,686,723,188,30,2.9000000000000004,920
2014,3,17,10,0,876,792,208,32,2.9000000000000004,920
2014,3,17,11,0,995,827,220,33,2.7,920
2014,3,17,12,0,1034,836,223,34,2.5,920
2014,3,17,13,0,989,824,219,34,2.2,920
2014,3,17,14,0,864,786,207,33,2.1,920
2014,3,17,15,0,671,715,186,32,2,920
2014,3,17,16,0,431,588,152,30,2,920
2014,3,17,17,0,156,209,105,27,1.8,920
2014,3,17,18,0,0,0,0,26,1.9000000000000001,920
2014,3,17,19,0,0,0,0,25,2,920
2014,3,17,20,0,0,0,0,24,2.3000000000000003,920
2014,3,17,21,0,0,0,0,23,2.7,920
2014,3,17,22,0,0,0,0,22,3.1,920
2014,3,17,23,0,0,0,0,21,3.3000000000000003,920
2014,3,18,0,0,0,0,0,20,3.2,920
2014,3,18,1,0,0,0,0,19,3,920
2014,3,18,2,0,0,0,0,18,2.8000000000000003,920
2014,3,18,3,0,0,0,0,18,2.5,920
2014,3,18,4,0,0,0,0,18,2.1,920
2014,3,18,5,0,0,0,0,17,1.8,920
2014,3,18,6,0,0,0,0,19,1.5,920
2014,3,18,7,0,184,283,111,23,1,920
2014,3,18,8,0,445,592,154,28,0.6000000000000001,920
2014,3,18,9,0,679,712,187,31,1.1,920
2014,3,18,10,0,864,778,207,33,1.7000000000000002,920
2014,3,18,11,0,981,812,218,34,2.2,920
2014,3,18,12,0,1020,822,221,35,2.6,920
2014,3,18,13,0,977,811,217,35,2.8000000000000003,920
2014,3,18,14,0,855,776,206,34,2.9000000000000004,920
2014,3,18,15,0,666,707,185,33,3.1,920
2014,3,18,16,0,428,582,151,31,3.1,920
2014,3,18,17,0,163,239,105,28,2.9000000000000004,920
2014,3,18,18,0,0,0,0,26,2.9000000000000004,920
2014,3,18,19,0,0,0,0,25,3.1,920
2014,3,18,20,0,0,0,0,24,3.5,920
2014,3,18,21,0,0,0,0,23,4,920
2014,3,18,22,0,0,0,0,21,4.3,920
2014,3,18,23,0,0,0,0,20,4.3,920
2014,3,19,0,0,0,0,0,19,4,920
2014,3,19,1,0,0,0,0,19,3.5,920
2014,3,19,2,0,0,0,0,18,3,920
2014,3,19,3,0,0,0,0,18,2.5,920
2014,3,19,4,0,0,0,0,17,2,920
2014,3,19,5,0,0,0,0,17,1.5,920
2014,3,19,6,0,0,0,0,19,1,920
2014,3,19,7,0,169,212,114,23,0.6000000000000001,920
2014,3,19,8,0,450,599,155,28,0.2,920
2014,3,19,9,0,687,719,188,32,0.8,920
2014,3,19,10,0,874,787,208,34,1.2000000000000002,920
2014,3,19,11,0,992,821,219,35,1.5,920
2014,3,19,12,0,1031,831,222,35,1.6,920
2014,3,19,13,0,966,759,255,35,1.8,920
2014,3,19,14,0,861,782,206,34,1.9000000000000001,920
2014,3,19,15,0,669,711,185,33,2.1,920
2014,3,19,16,0,430,585,151,31,2.1,920
2014,3,19,17,0,150,182,106,28,2.1,920
2014,3,19,18,0,0,0,0,27,2.2,920
2014,3,19,19,0,0,0,0,26,2.3000000000000003,920
2014,3,19,20,0,0,0,0,25,2.6,920
2014,3,19,21,0,0,0,0,24,3,920
2014,3,19,22,0,0,0,0,23,3.6,920
2014,3,19,23,0,0,0,0,21,4,920
2014,3,20,0,0,0,0,0,20,4.2,920
2014,3,20,1,0,0,0,0,20,4.3,920
2014,3,20,2,0,0,0,0,19,4,920
2014,3,20,3,0,0,0,0,19,3.7,920
2014,3,20,4,0,0,0,0,19,3.3000000000000003,920
2014,3,20,5,0,0,0,0,19,2.9000000000000004,920
2014,3,20,6,0,0,0,0,20,2.4000000000000004,920
2014,3,20,7,0,190,294,112,24,1.9000000000000001,920
2014,3,20,8,0,446,589,154,28,1.7000000000000002,920
2014,3,20,9,0,679,707,186,31,1.3,920
2014,3,20,10,0,863,773,206,33,1.2000000000000002,920
2014,3,20,11,0,978,806,217,35,1.2000000000000002,920
2014,3,20,12,0,1014,815,220,35,1.3,920
2014,3,20,13,0,969,803,216,35,1.4000000000000001,920
2014,3,20,14,0,846,766,204,35,1.6,920
2014,3,20,15,0,657,695,183,34,1.7000000000000002,920
2014,3,20,16,0,421,569,149,32,1.8,920
2014,3,20,17,0,164,240,106,29,1.9000000000000001,920
2014,3,20,18,0,0,0,0,29,2,920
2014,3,20,19,0,0,0,0,28,2.2,920
2014,3,20,20,0,0,0,0,27,2.5,920
2014,3,20,21,0,0,0,0,26,3,920
2014,3,20,22,0,0,0,0,25,3.6,920
2014,3,20,23,0,0,0,0,24,4,920
2014,3,21,0,0,0,0,0,24,4.2,920
2014,3,21,1,0,0,0,0,23,4.2,920
2014,3,21,2,0,0,0,0,22,4,920
2014,3,21,3,0,0,0,0,21,3.6,920
2014,3,21,4,0,0,0,0,21,3.2,920
2014,3,21,5,0,0,0,0,21,2.9000000000000004,920
2014,3,21,6,0,1,0,1,22,2.4000000000000004,920
2014,3,21,7,0,187,274,114,25,2.2,920
2014,3,21,8,0,442,579,153,28,2.2,920
2014,3,21,9,0,673,698,185,30,2.1,920
2014,3,21,10,0,855,764,205,32,1.9000000000000001,920
2014,3,21,11,0,970,797,216,33,1.7000000000000002,920
2014,3,21,12,0,1007,807,219,34,1.4000000000000001,920
2014,3,21,13,0,962,795,215,34,1.2000000000000002,920
2014,3,21,14,0,841,760,204,34,1.1,920
2014,3,21,15,0,654,691,183,33,1.1,920
2014,3,21,16,0,419,566,149,31,1.1,920
2014,3,21,17,0,151,183,106,29,1,920
2014,3,21,18,0,0,0,0,28,0.9,920
2014,3,21,19,0,0,0,0,28,0.9,920
2014,3,21,20,0,0,0,0,27,1,920
2014,3,21,21,0,0,0,0,27,1.4000000000000001,920
2014,3,21,22,0,0,0,0,26,1.9000000000000001,920
2014,3,21,23,0,0,0,0,25,2.4000000000000004,920
2014,3,22,0,0,0,0,0,24,2.7,920
2014,3,22,1,0,0,0,0,24,2.9000000000000004,920
2014,3,22,2,0,0,0,0,23,2.9000000000000004,920
2014,3,22,3,0,0,0,0,22,2.7,920
2014,3,22,4,0,0,0,0,22,2.4000000000000004,920
2014,3,22,5,0,0,0,0,22,2.1,920
2014,3,22,6,0,1,0,1,22,1.8,920
2014,3,22,7,0,154,123,121,24,1.7000000000000002,920
2014,3,22,8,0,419,403,217,27,1.6,920
2014,3,22,9,0,640,552,253,28,1.2000000000000002,920
2014,3,22,10,0,848,754,204,29,0.8,920
2014,3,22,11,0,960,787,215,29,0.30000000000000004,920
2014,3,22,12,0,996,796,218,29,0.2,920
2014,3,22,13,0,917,551,398,29,0.4,920
2014,3,22,14,0,171,8,164,29,0.4,920
2014,3,22,15,0,638,512,288,29,0.4,920
2014,3,22,16,0,413,555,148,28,0.4,920
2014,3,22,17,0,114,59,99,26,0.5,920
2014,3,22,18,0,0,0,0,26,0.7000000000000001,920
2014,3,22,19,0,0,0,0,25,0.8,920
2014,3,22,20,0,0,0,0,25,0.6000000000000001,920
2014,3,22,21,0,0,0,0,25,0.7000000000000001,920
2014,3,22,22,0,0,0,0,24,1.4000000000000001,920
2014,3,22,23,0,0,0,0,24,2,920
2014,3,23,0,0,0,0,0,23,2.2,920
2014,3,23,1,0,0,0,0,23,2.1,920
2014,3,23,2,0,0,0,0,22,2,920
2014,3,23,3,0,0,0,0,22,1.7000000000000002,920
2014,3,23,4,0,0,0,0,22,1.6,920
2014,3,23,5,0,0,0,0,22,1.6,920
2014,3,23,6,0,1,0,1,23,1.6,920
2014,3,23,7,0,176,210,119,25,2,920
2014,3,23,8,0,456,596,155,28,2.5,920
2014,3,23,9,0,690,714,187,31,2.8000000000000003,920
2014,3,23,10,0,874,780,207,33,2.8000000000000003,920
2014,3,23,11,0,990,813,218,34,2.6,920
2014,3,23,12,0,1026,823,221,35,2.5,920
2014,3,23,13,0,980,810,217,35,2.3000000000000003,920
2014,3,23,14,0,855,773,205,34,2.1,920
2014,3,23,15,0,664,703,184,33,1.9000000000000001,920
2014,3,23,16,0,427,578,150,31,1.8,920
2014,3,23,17,0,171,272,105,29,1.7000000000000002,920
2014,3,23,18,0,0,0,0,28,1.8,920
2014,3,23,19,0,0,0,0,27,2.2,920
2014,3,23,20,0,0,0,0,26,3,920
2014,3,23,21,0,0,0,0,25,3.9000000000000004,920
2014,3,23,22,0,0,0,0,23,4.4,920
2014,3,23,23,0,0,0,0,21,4.5,920
2014,3,24,0,0,0,0,0,20,4.4,920
2014,3,24,1,0,0,0,0,19,4.1000000000000005,920
2014,3,24,2,0,0,0,0,18,3.7,920
2014,3,24,3,0,0,0,0,18,3.2,920
2014,3,24,4,0,0,0,0,17,2.8000000000000003,920
2014,3,24,5,0,0,0,0,17,2.6,920
2014,3,24,6,0,1,0,1,19,2.3000000000000003,920
2014,3,24,7,0,196,291,116,22,1.9000000000000001,920
2014,3,24,8,0,464,571,174,27,2.1,920
2014,3,24,9,0,700,723,189,30,1.9000000000000001,920
2014,3,24,10,0,883,787,208,32,1.5,920
2014,3,24,11,0,998,819,219,34,1.2000000000000002,920
2014,3,24,12,0,1033,828,222,35,1,920
2014,3,24,13,0,986,815,218,34,0.9,920
2014,3,24,14,0,860,778,206,34,1.1,920
2014,3,24,15,0,668,707,185,33,1.3,920
2014,3,24,16,0,429,581,151,31,1.3,920
2014,3,24,17,0,165,242,106,28,1.3,920
2014,3,24,18,0,0,0,0,27,1.3,920
2014,3,24,19,0,0,0,0,26,1.5,920
2014,3,24,20,0,0,0,0,25,1.7000000000000002,920
2014,3,24,21,0,0,0,0,24,2,920
2014,3,24,22,0,0,0,0,23,2.4000000000000004,920
2014,3,24,23,0,0,0,0,22,2.6,920
2014,3,25,0,0,0,0,0,21,2.8000000000000003,920
2014,3,25,1,0,0,0,0,20,2.8000000000000003,920
2014,3,25,2,0,0,0,0,19,2.7,920
2014,3,25,3,0,0,0,0,19,2.5,920
2014,3,25,4,0,0,0,0,18,2.4000000000000004,920
2014,3,25,5,0,0,0,0,18,2.3000000000000003,920
2014,3,25,6,0,1,0,1,20,2.1,920
2014,3,25,7,0,205,355,107,23,1.9000000000000001,920
2014,3,25,8,0,466,606,157,28,2.4000000000000004,920
2014,3,25,9,0,701,722,189,31,2.7,920
2014,3,25,10,0,885,787,208,33,2.8000000000000003,920
2014,3,25,11,0,1001,820,219,34,2.8000000000000003,920
2014,3,25,12,0,1037,830,222,35,2.7,920
2014,3,25,13,0,990,818,218,35,2.6,920
2014,3,25,14,0,865,782,206,35,2.6,920
2014,3,25,15,0,672,712,185,33,2.6,920
2014,3,25,16,0,432,586,151,31,2.5,920
2014,3,25,17,0,165,243,106,28,2.5,920
2014,3,25,18,0,0,0,0,27,2.7,920
2014,3,25,19,0,0,0,0,25,3.2,920
2014,3,25,20,0,0,0,0,24,4,920
2014,3,25,21,0,0,0,0,23,4.6000000000000005,920
2014,3,25,22,0,0,0,0,21,4.9,920
2014,3,25,23,0,0,0,0,20,4.800000000000001,920
2014,3,26,0,0,0,0,0,19,4.4,920
2014,3,26,1,0,0,0,0,19,4,920
2014,3,26,2,0,0,0,0,18,3.5,920
2014,3,26,3,0,0,0,0,18,3.1,920
2014,3,26,4,0,0,0,0,17,2.8000000000000003,920
2014,3,26,5,0,0,0,0,17,2.6,920
2014,3,26,6,0,4,0,4,19,2.3000000000000003,920
2014,3,26,7,0,208,361,107,23,2.1,920
2014,3,26,8,0,470,609,158,27,2.4000000000000004,920
2014,3,26,9,0,699,720,187,30,2.5,920
2014,3,26,10,0,892,793,209,33,2.7,920
2014,3,26,11,0,1007,825,220,34,2.9000000000000004,920
2014,3,26,12,0,1042,833,223,35,3,920
2014,3,26,13,0,993,820,218,35,3,920
2014,3,26,14,0,865,782,206,35,2.9000000000000004,920
2014,3,26,15,0,672,711,185,33,2.8000000000000003,920
2014,3,26,16,0,431,585,151,31,2.7,920
2014,3,26,17,0,152,186,106,28,2.6,920
2014,3,26,18,0,0,0,0,27,2.9000000000000004,920
2014,3,26,19,0,0,0,0,25,3.3000000000000003,920
2014,3,26,20,0,0,0,0,24,3.8000000000000003,920
2014,3,26,21,0,0,0,0,23,4.1000000000000005,920
2014,3,26,22,0,0,0,0,22,4.3,920
2014,3,26,23,0,0,0,0,21,4.3,920
2014,3,27,0,0,0,0,0,20,4,920
2014,3,27,1,0,0,0,0,19,3.6,920
2014,3,27,2,0,0,0,0,18,3.1,920
2014,3,27,3,0,0,0,0,18,2.6,920
2014,3,27,4,0,0,0,0,17,2.3000000000000003,920
2014,3,27,5,0,0,0,0,17,1.9000000000000001,920
2014,3,27,6,0,3,0,3,19,1.6,920
2014,3,27,7,0,216,370,112,23,1.3,920
2014,3,27,8,0,473,613,158,28,1.9000000000000001,920
2014,3,27,9,0,708,728,190,31,2.3000000000000003,920
2014,3,27,10,0,894,792,209,33,2.6,920
2014,3,27,11,0,1010,826,220,34,2.8000000000000003,920
2014,3,27,12,0,1046,837,223,35,2.8000000000000003,920
2014,3,27,13,0,1000,825,219,35,2.8000000000000003,920
2014,3,27,14,0,874,790,207,35,2.4000000000000004,920
2014,3,27,15,0,680,721,186,33,2,920
2014,3,27,16,0,436,564,165,31,1.6,920
2014,3,27,17,0,165,244,105,28,1.4000000000000001,920
2014,3,27,18,0,0,0,0,27,1.4000000000000001,920
2014,3,27,19,0,0,0,0,26,1.5,920
2014,3,27,20,0,0,0,0,25,1.8,920
2014,3,27,21,0,0,0,0,24,2.2,920
2014,3,27,22,0,0,0,0,22,2.5,920
2014,3,27,23,0,0,0,0,21,2.6,920
2014,3,28,0,0,0,0,0,20,2.7,920
2014,3,28,1,0,0,0,0,20,2.8000000000000003,920
2014,3,28,2,0,0,0,0,19,2.8000000000000003,920
2014,3,28,3,0,0,0,0,18,2.8000000000000003,920
2014,3,28,4,0,0,0,0,18,2.7,920
2014,3,28,5,0,0,0,0,18,2.6,920
2014,3,28,6,0,4,0,4,20,2.3000000000000003,920
2014,3,28,7,0,214,333,119,23,1.7000000000000002,920
2014,3,28,8,0,438,469,195,28,1.5,920
2014,3,28,9,0,710,727,190,32,2,920
2014,3,28,10,0,892,790,209,34,2.4000000000000004,920
2014,3,28,11,0,1006,786,253,35,2.6,920
2014,3,28,12,0,869,483,393,36,2.6,920
2014,3,28,13,0,914,566,378,36,2.5,920
2014,3,28,14,0,866,781,206,35,2.5,920
2014,3,28,15,0,673,712,185,34,2.5,920
2014,3,28,16,0,342,239,227,32,2.5,920
2014,3,28,17,0,152,185,107,29,2.3000000000000003,920
2014,3,28,18,0,0,0,0,27,2.4000000000000004,920
2014,3,28,19,0,0,0,0,26,2.5,920
2014,3,28,20,0,0,0,0,25,2.8000000000000003,920
2014,3,28,21,0,0,0,0,24,3.1,920
2014,3,28,22,0,0,0,0,23,3.4000000000000004,920
2014,3,28,23,0,0,0,0,22,3.5,920
2014,3,29,0,0,0,0,0,21,3.5,920
2014,3,29,1,0,0,0,0,20,3.4000000000000004,920
2014,3,29,2,0,0,0,0,20,3.1,920
2014,3,29,3,0,0,0,0,19,2.8000000000000003,920
2014,3,29,4,0,0,0,0,19,2.5,920
2014,3,29,5,0,0,0,0,19,2.3000000000000003,920
2014,3,29,6,0,5,0,5,21,2,920
2014,3,29,7,0,212,352,111,24,1.5,920
2014,3,29,8,0,479,585,175,29,1.6,920
2014,3,29,9,0,717,734,191,33,2.7,920
2014,3,29,10,0,899,795,210,35,3.1,920
2014,3,29,11,0,1011,825,220,37,3.2,920
2014,3,29,12,0,1045,833,223,38,3.2,920
2014,3,29,13,0,996,820,218,38,3.2,920
2014,3,29,14,0,868,783,206,37,3.2,920
2014,3,29,15,0,674,713,185,36,3.2,920
2014,3,29,16,0,433,587,151,34,3.2,920
2014,3,29,17,0,166,244,106,30,3.1,920
2014,3,29,18,0,0,0,0,28,3.4000000000000004,920
2014,3,29,19,0,0,0,0,27,3.9000000000000004,920
2014,3,29,20,0,0,0,0,26,4.3,920
2014,3,29,21,0,0,0,0,24,4.5,920
2014,3,29,22,0,0,0,0,23,4.4,920
2014,3,29,23,0,0,0,0,22,4.1000000000000005,920
2014,3,30,0,0,0,0,0,21,3.6,920
2014,3,30,1,0,0,0,0,20,3.2,920
2014,3,30,2,0,0,0,0,20,2.9000000000000004,920
2014,3,30,3,0,0,0,0,19,2.7,920
2014,3,30,4,0,0,0,0,19,2.6,920
2014,3,30,5,0,0,0,0,19,2.4000000000000004,920
2014,3,30,6,0,7,0,7,21,2.2,920
2014,3,30,7,0,209,330,113,24,1.6,920
2014,3,30,8,0,470,549,183,29,1.8,920
2014,3,30,9,0,710,712,198,33,2.2,920
2014,3,30,10,0,897,792,209,36,2.3000000000000003,920
2014,3,30,11,0,1010,823,220,37,2.2,920
2014,3,30,12,0,1043,831,222,38,2.1,920
2014,3,30,13,0,993,818,218,38,1.9000000000000001,920
2014,3,30,14,0,865,780,206,38,1.8,920
2014,3,30,15,0,671,709,185,36,1.8,920
2014,3,30,16,0,431,583,151,34,1.9000000000000001,920
2014,3,30,17,0,166,245,106,31,1.9000000000000001,920
2014,3,30,18,0,0,0,0,29,2.1,920
2014,3,30,19,0,0,0,0,28,2.5,920
2014,3,30,20,0,0,0,0,27,3,920
2014,3,30,21,0,0,0,0,26,3.5,920
2014,3,30,22,0,0,0,0,24,3.9000000000000004,920
2014,3,30,23,0,0,0,0,23,4.2,920
2014,3,31,0,0,0,0,0,22,4.2,920
2014,3,31,1,0,0,0,0,22,4.1000000000000005,920
2014,3,31,2,0,0,0,0,21,3.8000000000000003,920
2014,3,31,3,0,0,0,0,20,3.6,920
2014,3,31,4,0,0,0,0,20,3.4000000000000004,920
2014,3,31,5,0,0,0,0,20,3.1,920
2014,3,31,6,0,8,0,8,22,2.8000000000000003,920
2014,3,31,7,0,200,253,126,25,2.4000000000000004,920
2014,3,31,8,0,467,531,188,30,2.5,920
2014,3,31,9,0,707,718,189,33,2.3000000000000003,920
2014,3,31,10,0,887,780,208,35,2.1,920
2014,3,31,11,0,1000,812,218,37,1.8,920
2014,3,31,12,0,1033,822,221,38,1.6,920
2014,3,31,13,0,985,809,217,38,1.6,920
2014,3,31,14,0,859,773,205,37,1.6,920
2014,3,31,15,0,667,704,184,36,1.6,920
2014,3,31,16,0,428,579,150,34,1.6,920
2014,3,31,17,0,166,245,106,31,1.6,920
2014,3,31,18,0,0,0,0,29,1.6,920
2014,3,31,19,0,0,0,0,28,1.8,920
2014,3,31,20,0,0,0,0,28,2,920
2014,3,31,21,0,0,0,0,26,2.3000000000000003,920
2014,3,31,22,0,0,0,0,25,2.5,920
2014,3,31,23,0,0,0,0,24,2.5,920
2014,4,1,0,0,0,0,0,23,2.5,920
2014,4,1,1,0,0,0,0,22,2.4000000000000004,920
2014,4,1,2,0,0,0,0,22,2.2,920
2014,4,1,3,0,0,0,0,21,2,920
2014,4,1,4,0,0,0,0,21,1.7000000000000002,920
2014,4,1,5,0,0,0,0,20,1.4000000000000001,920
2014,4,1,6,0,8,0,8,22,1.2000000000000002,920
2014,4,1,7,0,184,174,132,26,1.1,920
2014,4,1,8,0,452,448,216,30,0.9,920
2014,4,1,9,0,683,622,233,34,1.1,920
2014,4,1,10,0,857,690,255,36,1.3,920
2014,4,1,11,0,982,742,267,38,1.5,920
2014,4,1,12,0,1015,752,271,39,1.7000000000000002,920
2014,4,1,13,0,967,738,266,39,2,920
2014,4,1,14,0,798,587,301,38,2,910
2014,4,1,15,0,643,615,221,37,2,910
2014,4,1,16,0,405,469,179,35,2.2,910
2014,4,1,17,0,151,166,110,32,2.1,910
2014,4,1,18,0,0,0,0,29,2.3000000000000003,910
2014,4,1,19,0,0,0,0,28,2.7,920
2014,4,1,20,0,0,0,0,27,3.2,920
2014,4,1,21,0,0,0,0,26,3.5,920
2014,4,1,22,0,0,0,0,24,3.6,920
2014,4,1,23,0,0,0,0,23,3.3000000000000003,920
2014,4,2,0,0,0,0,0,23,3,920
2014,4,2,1,0,0,0,0,22,2.7,920
2014,4,2,2,0,0,0,0,21,2.5,910
2014,4,2,3,0,0,0,0,21,2.3000000000000003,910
2014,4,2,4,0,0,0,0,21,2,920
2014,4,2,5,0,0,0,0,20,1.9000000000000001,920
2014,4,2,6,0,9,0,9,22,1.7000000000000002,920
2014,4,2,7,0,163,107,131,26,1.5,920
2014,4,2,8,0,435,379,234,31,1.3,920
2014,4,2,9,0,667,571,253,34,0.8,920
2014,4,2,10,0,840,620,298,37,0.6000000000000001,920
2014,4,2,11,0,966,698,293,38,1.1,920
2014,4,2,12,0,999,737,268,39,1.6,910
2014,4,2,13,0,950,723,263,39,2.1,910
2014,4,2,14,0,822,672,253,38,2.3000000000000003,910
2014,4,2,15,0,637,607,220,37,2.3000000000000003,910
2014,4,2,16,0,405,430,198,35,2.3000000000000003,910
2014,4,2,17,0,140,113,112,32,2.1,910
2014,4,2,18,0,0,0,0,31,2.1,910
2014,4,2,19,0,0,0,0,30,2.6,920
2014,4,2,20,0,0,0,0,29,3.5,920
2014,4,2,21,0,0,0,0,27,4.1000000000000005,920
2014,4,2,22,0,0,0,0,26,4.2,920
2014,4,2,23,0,0,0,0,25,4,920
2014,4,3,0,0,0,0,0,23,3.5,920
2014,4,3,1,0,0,0,0,23,3.1,920
2014,4,3,2,0,0,0,0,22,2.7,920
2014,4,3,3,0,0,0,0,22,2.1,920
2014,4,3,4,0,0,0,0,21,1.6,920
2014,4,3,5,0,0,0,0,21,1.2000000000000002,920
2014,4,3,6,0,11,0,11,22,0.9,920
2014,4,3,7,0,202,226,134,25,0.9,920
2014,4,3,8,0,458,498,193,28,0.6000000000000001,920
2014,4,3,9,0,675,591,245,31,0.4,920
2014,4,3,10,0,860,678,266,34,1,920
2014,4,3,11,0,973,732,266,37,1.6,920
2014,4,3,12,0,1005,742,269,38,2.1,920
2014,4,3,13,0,957,729,264,38,2.5,920
2014,4,3,14,0,833,690,249,38,2.6,920
2014,4,3,15,0,633,586,230,36,2.7,910
2014,4,3,16,0,408,439,196,34,2.8000000000000003,920
2014,4,3,17,0,146,146,110,32,2.8000000000000003,920
2014,4,3,18,0,0,0,0,30,3,920
2014,4,3,19,0,0,0,0,29,3.5,920
2014,4,3,20,0,0,0,0,28,4.2,920
2014,4,3,21,0,0,0,0,27,4.7,920
2014,4,3,22,0,0,0,0,26,5,920
2014,4,3,23,0,0,0,0,26,4.800000000000001,920
2014,4,4,0,0,0,0,0,25,4.4,920
2014,4,4,1,0,0,0,0,24,4.1000000000000005,920
2014,4,4,2,0,0,0,0,23,3.6,920
2014,4,4,3,0,0,0,0,22,3.2,920
2014,4,4,4,0,0,0,0,21,3,920
2014,4,4,5,0,0,0,0,21,2.7,920
2014,4,4,6,0,12,0,12,22,2.4000000000000004,920
2014,4,4,7,0,210,280,125,26,2.1,920
2014,4,4,8,0,461,502,193,30,2.2,920
2014,4,4,9,0,690,629,231,34,2.2,920
2014,4,4,10,0,874,707,254,36,2.2,920
2014,4,4,11,0,985,742,267,38,2.2,920
2014,4,4,12,0,1017,752,271,39,2.2,920
2014,4,4,13,0,967,738,265,39,2.3000000000000003,920
2014,4,4,14,0,841,697,250,38,2.4000000000000004,920
2014,4,4,15,0,642,614,220,37,2.6,920
2014,4,4,16,0,408,439,196,35,2.8000000000000003,920
2014,4,4,17,0,140,114,112,32,3,920
2014,4,4,18,0,0,0,0,29,3.2,920
2014,4,4,19,0,0,0,0,28,3.7,920
2014,4,4,20,0,0,0,0,27,4.2,920
2014,4,4,21,0,0,0,0,26,4.6000000000000005,920
2014,4,4,22,0,0,0,0,25,4.7,920
2014,4,4,23,0,0,0,0,24,4.6000000000000005,920
2014,4,5,0,0,0,0,0,23,4.3,920
2014,4,5,1,0,0,0,0,23,3.9000000000000004,920
2014,4,5,2,0,0,0,0,22,3.5,920
2014,4,5,3,0,0,0,0,21,3,920
2014,4,5,4,0,0,0,0,21,2.7,920
2014,4,5,5,0,0,0,0,20,2.4000000000000004,920
2014,4,5,6,0,11,0,11,22,2.1,920
2014,4,5,7,0,213,285,126,26,2,920
2014,4,5,8,0,467,520,188,31,2.2,920
2014,4,5,9,0,695,639,228,34,2.3000000000000003,920
2014,4,5,10,0,882,713,255,37,2.3000000000000003,920
2014,4,5,11,0,990,746,268,38,2.4000000000000004,920
2014,4,5,12,0,1019,753,271,39,2.4000000000000004,920
2014,4,5,13,0,967,737,265,39,2.5,920
2014,4,5,14,0,839,695,249,39,2.6,920
2014,4,5,15,0,642,614,220,37,2.7,920
2014,4,5,16,0,407,438,196,35,2.9000000000000004,920
2014,4,5,17,0,146,147,110,32,3,920
2014,4,5,18,0,0,0,0,30,3.2,920
2014,4,5,19,0,0,0,0,30,3.5,920
2014,4,5,20,0,0,0,0,29,4.1000000000000005,920
2014,4,5,21,0,0,0,0,28,4.6000000000000005,920
2014,4,5,22,0,0,0,0,26,4.9,920
2014,4,5,23,0,0,0,0,25,4.9,920
2014,4,6,0,0,0,0,0,24,4.5,920
2014,4,6,1,0,0,0,0,23,4.1000000000000005,920
2014,4,6,2,0,0,0,0,22,3.6,920
2014,4,6,3,0,0,0,0,22,3.2,920
2014,4,6,4,0,0,0,0,21,3,920
2014,4,6,5,0,0,0,0,21,2.8000000000000003,920
2014,4,6,6,0,15,0,15,22,2.7,920
2014,4,6,7,0,216,291,126,26,2.8000000000000003,920
2014,4,6,8,0,469,496,202,30,2.9000000000000004,920
2014,4,6,9,0,696,639,228,33,3.2,920
2014,4,6,10,0,890,720,256,36,3.1,920
2014,4,6,11,0,984,753,254,38,3.1,920
2014,4,6,12,0,1017,761,261,38,2.9000000000000004,920
2014,4,6,13,0,976,745,267,38,2.8000000000000003,920
2014,4,6,14,0,847,703,251,38,2.7,920
2014,4,6,15,0,642,613,221,37,2.6,920
2014,4,6,16,0,407,438,196,35,2.6,920
2014,4,6,17,0,140,114,112,32,2.8000000000000003,920
2014,4,6,18,0,0,0,0,30,3.2,920
2014,4,6,19,0,0,0,0,28,3.7,920
2014,4,6,20,0,0,0,0,27,4.3,920
2014,4,6,21,0,0,0,0,27,4.7,920
2014,4,6,22,0,0,0,0,26,4.800000000000001,920
2014,4,6,23,0,0,0,0,25,4.6000000000000005,920
2014,4,7,0,0,0,0,0,24,4.2,920
2014,4,7,1,0,0,0,0,23,3.7,920
2014,4,7,2,0,0,0,0,23,3.4000000000000004,920
2014,4,7,3,0,0,0,0,22,3,920
2014,4,7,4,0,0,0,0,22,2.7,920
2014,4,7,5,0,0,0,0,21,2.4000000000000004,920
2014,4,7,6,0,14,0,14,23,2.1,920
2014,4,7,7,0,224,320,125,27,2,920
2014,4,7,8,0,472,497,204,31,1.7000000000000002,920
2014,4,7,9,0,698,640,228,34,1.4000000000000001,920
2014,4,7,10,0,883,712,255,37,1.2000000000000002,920
2014,4,7,11,0,990,745,268,38,1.1,920
2014,4,7,12,0,1019,753,271,39,1.2000000000000002,920
2014,4,7,13,0,967,737,265,39,1.2000000000000002,920
2014,4,7,14,0,838,695,249,39,1.3,920
2014,4,7,15,0,642,613,221,37,1.5,920
2014,4,7,16,0,407,438,196,35,1.7000000000000002,920
2014,4,7,17,0,146,147,110,33,1.9000000000000001,920
2014,4,7,18,0,0,0,0,31,2,920
2014,4,7,19,0,0,0,0,30,2.1,920
2014,4,7,20,0,0,0,0,29,2.3000000000000003,920
2014,4,7,21,0,0,0,0,28,2.3000000000000003,920
2014,4,7,22,0,0,0,0,27,2.3000000000000003,920
2014,4,7,23,0,0,0,0,26,2.1,920
2014,4,8,0,0,0,0,0,25,2,920
2014,4,8,1,0,0,0,0,24,1.9000000000000001,920
2014,4,8,2,0,0,0,0,24,1.7000000000000002,920
2014,4,8,3,0,0,0,0,23,1.5,920
2014,4,8,4,0,0,0,0,22,1.4000000000000001,920
2014,4,8,5,0,0,0,0,22,1.3,920
2014,4,8,6,0,15,0,15,24,1.2000000000000002,920
2014,4,8,7,0,227,325,125,27,1,920
2014,4,8,8,0,469,517,189,30,0.8,920
2014,4,8,9,0,691,628,228,32,0.8,920
2014,4,8,10,0,863,692,252,33,0.8,920
2014,4,8,11,0,967,700,287,33,1.1,920
2014,4,8,12,0,995,732,267,33,1.7000000000000002,920
2014,4,8,13,0,943,716,261,33,2.4000000000000004,920
2014,4,8,14,0,817,674,246,32,2.8000000000000003,920
2014,4,8,15,0,406,115,327,31,3.1,920
2014,4,8,16,0,317,141,249,29,3.2,920
2014,4,8,17,0,129,68,112,28,3.3000000000000003,920
2014,4,8,18,0,0,0,0,26,3.4000000000000004,920
2014,4,8,19,0,0,0,0,26,3.1,920
2014,4,8,20,0,0,0,0,25,2.9000000000000004,920
2014,4,8,21,0,0,0,0,24,2.5,920
2014,4,8,22,0,0,0,0,23,2.1,920
2014,4,8,23,0,0,0,0,23,1.8,920
2014,4,9,0,0,0,0,0,23,1.9000000000000001,920
2014,4,9,1,0,0,0,0,22,2.2,920
2014,4,9,2,0,0,0,0,22,2.2,920
2014,4,9,3,0,0,0,0,22,2.2,920
2014,4,9,4,0,0,0,0,22,2.1,920
2014,4,9,5,0,0,0,0,22,2.3000000000000003,920
2014,4,9,6,0,14,0,14,23,2.4000000000000004,920
2014,4,9,7,0,189,153,141,24,2.5,920
2014,4,9,8,0,464,507,188,26,2.7,920
2014,4,9,9,0,683,618,226,28,2.7,920
2014,4,9,10,0,818,540,340,30,2.5,920
2014,4,9,11,0,639,198,446,32,2,920
2014,4,9,12,0,861,475,388,33,1.4000000000000001,920
2014,4,9,13,0,672,230,452,32,1,920
2014,4,9,14,0,510,117,410,31,0.9,920
2014,4,9,15,0,365,74,314,30,1,920
2014,4,9,16,0,396,464,173,29,1.2000000000000002,920
2014,4,9,17,0,129,93,106,28,1.5,920
2014,4,9,18,0,0,0,0,26,1.8,920
2014,4,9,19,0,0,0,0,26,2,920
2014,4,9,20,0,0,0,0,25,2,920
2014,4,9,21,0,0,0,0,25,2.2,920
2014,4,9,22,0,0,0,0,24,2.3000000000000003,920
2014,4,9,23,0,0,0,0,23,2.5,920
2014,4,10,0,0,0,0,0,23,2.6,920
2014,4,10,1,0,0,0,0,22,2.6,920
2014,4,10,2,0,0,0,0,22,2.3000000000000003,920
2014,4,10,3,0,0,0,0,22,2,920
2014,4,10,4,0,0,0,0,22,1.8,920
2014,4,10,5,0,0,0,0,22,1.6,920
2014,4,10,6,0,6,0,6,22,1.5,920
2014,4,10,7,0,179,123,140,24,1.6,920
2014,4,10,8,0,235,21,223,25,1.6,920
2014,4,10,9,0,221,8,215,27,1.6,920
2014,4,10,10,0,371,36,339,29,1.9000000000000001,920
2014,4,10,11,0,957,714,262,30,2.3000000000000003,920
2014,4,10,12,0,986,724,266,30,2.3000000000000003,920
2014,4,10,13,0,937,710,260,30,2.1,920
2014,4,10,14,0,813,670,245,29,1.7000000000000002,920
2014,4,10,15,0,583,402,306,29,1.4000000000000001,920
2014,4,10,16,0,249,65,217,28,1.2000000000000002,920
2014,4,10,17,0,113,38,103,27,1.4000000000000001,920
2014,4,10,18,0,0,0,0,26,1.9000000000000001,920
2014,4,10,19,0,0,0,0,26,2.3000000000000003,920
2014,4,10,20,0,0,0,0,25,2.6,920
2014,4,10,21,0,0,0,0,24,2.7,920
2014,4,10,22,0,0,0,0,23,2.6,920
2014,4,10,23,0,0,0,0,23,2.5,920
2014,4,11,0,0,0,0,0,22,2.4000000000000004,920
2014,4,11,1,0,0,0,0,21,2.3000000000000003,920
2014,4,11,2,0,0,0,0,21,2.1,920
2014,4,11,3,0,0,0,0,21,1.8,920
2014,4,11,4,0,0,0,0,21,1.5,920
2014,4,11,5,0,0,0,0,21,1.2000000000000002,920
2014,4,11,6,0,23,0,23,22,1.1,920
2014,4,11,7,0,224,264,139,24,1.1,920
2014,4,11,8,0,472,516,190,27,1,920
2014,4,11,9,0,691,626,228,29,1.1,920
2014,4,11,10,0,862,689,251,31,1.3,920
2014,4,11,11,0,964,720,263,31,1.6,920
2014,4,11,12,0,991,727,266,30,1.8,920
2014,4,11,13,0,940,713,260,29,1.8,920
2014,4,11,14,0,816,673,245,29,1.8,920
2014,4,11,15,0,630,599,218,29,1.7000000000000002,920
2014,4,11,16,0,401,471,174,28,1.5,920
2014,4,11,17,0,135,110,108,27,1.4000000000000001,920
2014,4,11,18,0,0,0,0,26,1.1,920
2014,4,11,19,0,0,0,0,26,1,920
2014,4,11,20,0,0,0,0,25,1,920
2014,4,11,21,0,0,0,0,24,1.2000000000000002,920
2014,4,11,22,0,0,0,0,24,1.6,920
2014,4,11,23,0,0,0,0,23,1.9000000000000001,920
2014,4,12,0,0,0,0,0,23,2.1,920
2014,4,12,1,0,0,0,0,22,1.9000000000000001,920
2014,4,12,2,0,0,0,0,22,1.5,920
2014,4,12,3,0,0,0,0,22,0.9,920
2014,4,12,4,0,0,0,0,22,0.6000000000000001,920
2014,4,12,5,0,0,0,0,22,0.6000000000000001,920
2014,4,12,6,0,18,0,18,22,0.7000000000000001,920
2014,4,12,7,0,220,268,134,24,0.7000000000000001,920
2014,4,12,8,0,442,383,231,26,0.9,920
2014,4,12,9,0,690,623,227,30,1.5,920
2014,4,12,10,0,861,688,251,31,1.9000000000000001,920
2014,4,12,11,0,966,721,263,32,2.4000000000000004,920
2014,4,12,12,0,980,638,344,32,2.6,920
2014,4,12,13,0,941,713,260,31,2.6,920
2014,4,12,14,0,455,128,346,30,2.6,920
2014,4,12,15,0,117,0,117,29,2.6,920
2014,4,12,16,0,345,176,260,28,2.5,920
2014,4,12,17,0,84,1,83,27,2.5,920
2014,4,12,18,0,0,0,0,25,2.6,920
2014,4,12,19,0,0,0,0,25,2.6,920
2014,4,12,20,0,0,0,0,24,2.7,920
2014,4,12,21,0,0,0,0,23,3,920
2014,4,12,22,0,0,0,0,23,3.1,920
2014,4,12,23,0,0,0,0,22,3.1,920
2014,4,13,0,0,0,0,0,21,3,920
2014,4,13,1,0,0,0,0,21,2.8000000000000003,920
2014,4,13,2,0,0,0,0,20,2.5,920
2014,4,13,3,0,0,0,0,20,2.2,920
2014,4,13,4,0,0,0,0,20,1.9000000000000001,920
2014,4,13,5,0,0,0,0,20,1.6,920
2014,4,13,6,0,23,0,23,22,1.2000000000000002,920
2014,4,13,7,0,217,229,143,25,1.1,920
2014,4,13,8,0,477,508,197,28,1.3,920
2014,4,13,9,0,698,630,229,30,1.4000000000000001,920
2014,4,13,10,0,868,693,252,32,1.5,920
2014,4,13,11,0,971,725,264,33,1.6,920
2014,4,13,12,0,988,674,316,33,1.7000000000000002,920
2014,4,13,13,0,944,716,261,32,1.6,920
2014,4,13,14,0,817,674,245,31,1.4000000000000001,920
2014,4,13,15,0,623,562,237,30,1.3,920
2014,4,13,16,0,399,467,173,29,1.2000000000000002,920
2014,4,13,17,0,160,246,100,28,1.3,920
2014,4,13,18,0,0,0,0,28,1.5,920
2014,4,13,19,0,0,0,0,27,1.6,920
2014,4,13,20,0,0,0,0,26,2,920
2014,4,13,21,0,0,0,0,25,2.4000000000000004,920
2014,4,13,22,0,0,0,0,24,2.8000000000000003,920
2014,4,13,23,0,0,0,0,23,3,920
2014,4,14,0,0,0,0,0,23,3,920
2014,4,14,1,0,0,0,0,22,3,920
2014,4,14,2,0,0,0,0,21,2.7,920
2014,4,14,3,0,0,0,0,21,2.6,920
2014,4,14,4,0,0,0,0,21,2.3000000000000003,920
2014,4,14,5,0,0,0,0,20,2.1,920
2014,4,14,6,0,21,0,21,22,1.8,920
2014,4,14,7,0,213,212,144,24,1.8,920
2014,4,14,8,0,473,488,203,26,2,920
2014,4,14,9,0,644,491,278,29,2.2,920
2014,4,14,10,0,750,426,371,31,2.4000000000000004,920
2014,4,14,11,0,830,453,388,33,2.5,920
2014,4,14,12,0,966,576,391,34,2.5,920
2014,4,14,13,0,951,722,262,34,2.5,920
2014,4,14,14,0,823,680,246,33,2.3000000000000003,920
2014,4,14,15,0,634,604,219,32,2,920
2014,4,14,16,0,403,474,174,30,1.8,920
2014,4,14,17,0,152,170,110,28,1.7000000000000002,920
2014,4,14,18,0,0,0,0,27,2,920
2014,4,14,19,0,0,0,0,26,2.3000000000000003,920
2014,4,14,20,0,0,0,0,25,2.8000000000000003,920
2014,4,14,21,0,0,0,0,24,3.3000000000000003,920
2014,4,14,22,0,0,0,0,23,3.6,920
2014,4,14,23,0,0,0,0,22,3.6,920
2014,4,15,0,0,0,0,0,21,3.5,920
2014,4,15,1,0,0,0,0,20,3.3000000000000003,920
2014,4,15,2,0,0,0,0,20,2.9000000000000004,920
2014,4,15,3,0,0,0,0,20,2.6,920
2014,4,15,4,0,0,0,0,19,2.3000000000000003,920
2014,4,15,5,0,0,0,0,19,2.1,920
2014,4,15,6,0,23,0,23,21,1.8,920
2014,4,15,7,0,228,258,143,23,1.7000000000000002,920
2014,4,15,8,0,482,514,197,27,1.9000000000000001,920
2014,4,15,9,0,702,633,229,30,2.1,920
2014,4,15,10,0,871,694,252,32,2.2,920
2014,4,15,11,0,945,607,352,34,2.2,920
2014,4,15,12,0,998,733,267,34,2.3000000000000003,920
2014,4,15,13,0,810,457,374,34,2.3000000000000003,920
2014,4,15,14,0,787,581,294,34,2.3000000000000003,920
2014,4,15,15,0,630,600,218,33,2.2,920
2014,4,15,16,0,152,2,151,31,2,920
2014,4,15,17,0,125,78,105,29,1.9000000000000001,920
2014,4,15,18,0,0,0,0,28,2,920
2014,4,15,19,0,0,0,0,27,2.2,920
2014,4,15,20,0,0,0,0,26,2.6,920
2014,4,15,21,0,0,0,0,26,3.1,920
2014,4,15,22,0,0,0,0,24,3.5,920
2014,4,15,23,0,0,0,0,23,3.8000000000000003,920
2014,4,16,0,0,0,0,0,22,3.9000000000000004,920
2014,4,16,1,0,0,0,0,22,3.8000000000000003,920
2014,4,16,2,0,0,0,0,21,3.6,920
2014,4,16,3,0,0,0,0,21,3.2,920
2014,4,16,4,0,0,0,0,20,2.8000000000000003,920
2014,4,16,5,0,0,0,0,20,2.4000000000000004,920
2014,4,16,6,0,24,0,24,22,2,920
2014,4,16,7,0,230,262,143,25,1.8,920
2014,4,16,8,0,484,525,192,29,1.5,920
2014,4,16,9,0,702,632,229,31,1.3,920
2014,4,16,10,0,871,694,252,33,1.1,920
2014,4,16,11,0,973,726,264,34,1.2000000000000002,920
2014,4,16,12,0,950,557,394,34,1.3,920
2014,4,16,13,0,893,587,333,34,1.2000000000000002,920
2014,4,16,14,0,818,675,245,33,1.1,920
2014,4,16,15,0,629,599,218,32,1,920
2014,4,16,16,0,237,57,209,31,1,920
2014,4,16,17,0,55,0,55,29,1.1,920
2014,4,16,18,0,0,0,0,28,1.3,920
2014,4,16,19,0,0,0,0,27,1.2000000000000002,920
2014,4,16,20,0,0,0,0,27,0.9,920
2014,4,16,21,0,0,0,0,26,0.6000000000000001,920
2014,4,16,22,0,0,0,0,25,0.7000000000000001,920
2014,4,16,23,0,0,0,0,24,1.1,920
2014,4,17,0,0,0,0,0,23,1.4000000000000001,920
2014,4,17,1,0,0,0,0,23,1.5,920
2014,4,17,2,0,0,0,0,23,1.4000000000000001,920
2014,4,17,3,0,0,0,0,22,1.1,920
2014,4,17,4,0,0,0,0,22,0.9,920
2014,4,17,5,0,0,0,0,22,0.7000000000000001,920
2014,4,17,6,0,23,0,23,23,0.8,920
2014,4,17,7,0,227,212,156,26,1,920
2014,4,17,8,0,315,96,261,29,0.8,920
2014,4,17,9,0,700,629,228,31,0.5,920
2014,4,17,10,0,868,691,251,32,0.5,920
2014,4,17,11,0,970,723,263,32,0.6000000000000001,920
2014,4,17,12,0,972,615,358,32,0.6000000000000001,920
2014,4,17,13,0,942,715,260,32,0.7000000000000001,920
2014,4,17,14,0,744,499,320,31,0.7000000000000001,920
2014,4,17,15,0,548,314,332,30,0.7000000000000001,920
2014,4,17,16,0,117,0,117,29,0.8,920
2014,4,17,17,0,63,0,63,28,1.1,920
2014,4,17,18,0,0,0,0,27,1.5,920
2014,4,17,19,0,0,0,0,26,1.8,920
2014,4,17,20,0,0,0,0,26,1.9000000000000001,920
2014,4,17,21,0,0,0,0,25,1.9000000000000001,920
2014,4,17,22,0,0,0,0,25,1.9000000000000001,920
2014,4,17,23,0,0,0,0,24,1.8,920
2014,4,18,0,0,0,0,0,24,1.9000000000000001,920
2014,4,18,1,0,0,0,0,23,2,920
2014,4,18,2,0,0,0,0,23,2,920
2014,4,18,3,0,0,0,0,22,1.9000000000000001,920
2014,4,18,4,0,0,0,0,21,1.8,920
2014,4,18,5,0,0,0,0,21,1.7000000000000002,920
2014,4,18,6,0,13,0,13,23,1.5,920
2014,4,18,7,0,210,161,156,26,1.3,920
2014,4,18,8,0,489,530,193,29,1.3,920
2014,4,18,9,0,707,636,230,31,1.1,920
2014,4,18,10,0,875,697,252,33,0.9,920
2014,4,18,11,0,975,727,264,35,0.8,920
2014,4,18,12,0,1000,718,283,36,1,920
2014,4,18,13,0,945,717,261,36,1.1,920
2014,4,18,14,0,760,528,312,35,1.2000000000000002,920
2014,4,18,15,0,612,479,283,34,1.3,920
2014,4,18,16,0,224,47,201,32,1.4000000000000001,920
2014,4,18,17,0,29,0,29,30,1.3,920
2014,4,18,18,0,0,0,0,29,1.3,920
2014,4,18,19,0,0,0,0,28,1.3,920
2014,4,18,20,0,0,0,0,28,1.7000000000000002,920
2014,4,18,21,0,0,0,0,27,2.6,920
2014,4,18,22,0,0,0,0,26,3.4000000000000004,920
2014,4,18,23,0,0,0,0,25,3.6,920
2014,4,19,0,0,0,0,0,24,3.6,920
2014,4,19,1,0,0,0,0,23,3.5,920
2014,4,19,2,0,0,0,0,22,3.1,920
2014,4,19,3,0,0,0,0,21,2.7,920
2014,4,19,4,0,0,0,0,21,2.4000000000000004,920
2014,4,19,5,0,0,0,0,20,2.1,920
2014,4,19,6,0,32,6,31,22,1.8,920
2014,4,19,7,0,243,295,144,25,1.6,920
2014,4,19,8,0,492,508,207,28,1.2000000000000002,920
2014,4,19,9,0,714,645,229,32,1.1,920
2014,4,19,10,0,888,709,254,34,1.3,920
2014,4,19,11,0,965,665,314,35,1.5,920
2014,4,19,12,0,948,554,394,36,1.6,920
2014,4,19,13,0,930,642,317,36,1.6,920
2014,4,19,14,0,831,689,247,36,1.5,920
2014,4,19,15,0,627,580,228,35,1.6,920
2014,4,19,16,0,405,435,195,33,1.7000000000000002,920
2014,4,19,17,0,125,79,105,30,1.7000000000000002,920
2014,4,19,18,0,0,0,0,29,2,920
2014,4,19,19,0,0,0,0,28,2.6,920
2014,4,19,20,0,0,0,0,27,3.5,920
2014,4,19,21,0,0,0,0,26,4.3,920
2014,4,19,22,0,0,0,0,24,4.6000000000000005,920
2014,4,19,23,0,0,0,0,23,4.5,920
2014,4,20,0,0,0,0,0,22,4.3,920
2014,4,20,1,0,0,0,0,21,3.9000000000000004,920
2014,4,20,2,0,0,0,0,21,3.6,920
2014,4,20,3,0,0,0,0,20,3.2,920
2014,4,20,4,0,0,0,0,20,2.9000000000000004,920
2014,4,20,5,0,0,0,0,20,2.6,920
2014,4,20,6,0,34,8,33,21,2.2,920
2014,4,20,7,0,250,320,142,25,2,920
2014,4,20,8,0,494,536,192,28,2.2,920
2014,4,20,9,0,714,645,228,31,2.3000000000000003,920
2014,4,20,10,0,890,710,255,33,2.3000000000000003,920
2014,4,20,11,0,992,742,267,35,2.2,920
2014,4,20,12,0,1018,749,269,36,2.1,920
2014,4,20,13,0,964,734,263,36,2.1,920
2014,4,20,14,0,836,693,248,36,2.3000000000000003,910
2014,4,20,15,0,636,608,218,34,2.5,910
2014,4,20,16,0,404,435,194,33,2.7,910
2014,4,20,17,0,147,150,110,30,2.8000000000000003,910
2014,4,20,18,0,0,0,0,28,3.2,920
2014,4,20,19,0,0,0,0,27,3.8000000000000003,920
2014,4,20,20,0,0,0,0,26,4.3,920
2014,4,20,21,0,0,0,0,25,4.6000000000000005,920
2014,4,20,22,0,0,0,0,24,4.7,920
2014,4,20,23,0,0,0,0,23,4.6000000000000005,920
2014,4,21,0,0,0,0,0,23,4.4,920
2014,4,21,1,0,0,0,0,22,4.3,920
2014,4,21,2,0,0,0,0,22,3.8000000000000003,920
2014,4,21,3,0,0,0,0,21,3.3000000000000003,920
2014,4,21,4,0,0,0,0,21,3,920
2014,4,21,5,0,0,0,0,21,2.7,920
2014,4,21,6,0,35,10,34,22,2.3000000000000003,920
2014,4,21,7,0,255,332,142,25,2.2,920
2014,4,21,8,0,495,537,192,29,2.2,920
2014,4,21,9,0,715,645,229,31,2.3000000000000003,920
2014,4,21,10,0,892,712,255,34,2.4000000000000004,920
2014,4,21,11,0,992,741,266,35,2.4000000000000004,920
2014,4,21,12,0,1015,747,269,36,2.3000000000000003,920
2014,4,21,13,0,959,729,262,36,2.1,920
2014,4,21,14,0,829,687,246,36,2.2,920
2014,4,21,15,0,636,608,218,34,2.4000000000000004,910
2014,4,21,16,0,404,435,194,32,2.6,920
2014,4,21,17,0,136,111,108,30,2.8000000000000003,920
2014,4,21,18,0,0,0,0,28,3.2,920
2014,4,21,19,0,0,0,0,27,3.7,920
2014,4,21,20,0,0,0,0,26,3.9000000000000004,920
2014,4,21,21,0,0,0,0,25,3.8000000000000003,920
2014,4,21,22,0,0,0,0,25,3.6,920
2014,4,21,23,0,0,0,0,24,3.4000000000000004,920
2014,4,22,0,0,0,0,0,23,3.3000000000000003,920
2014,4,22,1,0,0,0,0,22,3.2,920
2014,4,22,2,0,0,0,0,22,3,920
2014,4,22,3,0,0,0,0,21,2.8000000000000003,920
2014,4,22,4,0,0,0,0,21,2.5,920
2014,4,22,5,0,0,0,0,21,2.3000000000000003,920
2014,4,22,6,0,37,12,35,23,2,920
2014,4,22,7,0,256,334,142,26,2,920
2014,4,22,8,0,496,538,192,30,2.2,920
2014,4,22,9,0,716,642,231,33,2.5,920
2014,4,22,10,0,882,702,253,35,2.8000000000000003,920
2014,4,22,11,0,981,731,265,36,3,920
2014,4,22,12,0,1005,738,267,37,3.1,920
2014,4,22,13,0,950,722,261,37,3.2,920
2014,4,22,14,0,823,681,245,37,3.3000000000000003,920
2014,4,22,15,0,634,606,218,36,3.4000000000000004,920
2014,4,22,16,0,404,435,194,34,3.6,920
2014,4,22,17,0,142,116,113,31,3.5,920
2014,4,22,18,0,0,0,0,29,3.9000000000000004,920
2014,4,22,19,0,0,0,0,27,4.4,920
2014,4,22,20,0,0,0,0,26,4.6000000000000005,920
2014,4,22,21,0,0,0,0,25,4.7,920
2014,4,22,22,0,0,0,0,25,4.7,920
2014,4,22,23,0,0,0,0,24,4.4,920
2014,4,23,0,0,0,0,0,23,4.1000000000000005,920
2014,4,23,1,0,0,0,0,23,3.8000000000000003,920
2014,4,23,2,0,0,0,0,22,3.3000000000000003,920
2014,4,23,3,0,0,0,0,22,2.9000000000000004,920
2014,4,23,4,0,0,0,0,22,2.6,920
2014,4,23,5,0,0,0,0,22,2.4000000000000004,920
2014,4,23,6,0,28,0,28,23,2.1,920
2014,4,23,7,0,172,66,149,26,1.9000000000000001,920
2014,4,23,8,0,405,234,272,29,1.9000000000000001,920
2014,4,23,9,0,595,328,347,32,1.6,920
2014,4,23,10,0,777,475,351,33,1.6,920
2014,4,23,11,0,962,619,355,34,1.5,920
2014,4,23,12,0,833,424,409,35,1.4000000000000001,920
2014,4,23,13,0,853,523,354,35,1.4000000000000001,920
2014,4,23,14,0,586,208,409,35,1.3,920
2014,4,23,15,0,488,231,329,34,1,920
2014,4,23,16,0,401,472,174,33,0.6000000000000001,920
2014,4,23,17,0,164,253,101,30,0.4,920
2014,4,23,18,0,0,0,0,29,0.8,920
2014,4,23,19,0,0,0,0,28,0.8,920
2014,4,23,20,0,0,0,0,27,1,920
2014,4,23,21,0,0,0,0,26,1.6,920
2014,4,23,22,0,0,0,0,25,2.1,920
2014,4,23,23,0,0,0,0,24,2.5,920
2014,4,24,0,0,0,0,0,23,2.4000000000000004,920
2014,4,24,1,0,0,0,0,23,2.3000000000000003,920
2014,4,24,2,0,0,0,0,22,2.2,920
2014,4,24,3,0,0,0,0,22,2,920
2014,4,24,4,0,0,0,0,22,1.9000000000000001,920
2014,4,24,5,0,0,0,0,22,1.8,920
2014,4,24,6,0,32,0,32,23,1.8,920
2014,4,24,7,0,210,159,155,26,1.7000000000000002,920
2014,4,24,8,0,489,523,192,28,1.5,920
2014,4,24,9,0,702,626,228,30,1.2000000000000002,920
2014,4,24,10,0,865,686,250,31,1.1,920
2014,4,24,11,0,964,716,262,31,1.2000000000000002,920
2014,4,24,12,0,987,723,264,32,1.1,920
2014,4,24,13,0,934,708,258,32,1,920
2014,4,24,14,0,808,667,243,32,1.1,920
2014,4,24,15,0,621,591,216,31,1.5,920
2014,4,24,16,0,395,463,172,30,1.8,920
2014,4,24,17,0,148,150,110,29,2.2,920
2014,4,24,18,0,0,0,0,28,2.4000000000000004,920
2014,4,24,19,0,0,0,0,27,2.3000000000000003,920
2014,4,24,20,0,0,0,0,27,1.4000000000000001,920
2014,4,24,21,0,0,0,0,27,0.30000000000000004,920
2014,4,24,22,0,0,0,0,26,1.1,920
2014,4,24,23,0,0,0,0,25,2.1,920
2014,4,25,0,0,0,0,0,24,2.5,920
2014,4,25,1,0,0,0,0,23,2.7,920
2014,4,25,2,0,0,0,0,23,2.3000000000000003,920
2014,4,25,3,0,0,0,0,22,1.9000000000000001,920
2014,4,25,4,0,0,0,0,22,1.5,920
2014,4,25,5,0,0,0,0,22,1.4000000000000001,920
2014,4,25,6,0,21,0,21,24,1.5,920
2014,4,25,7,0,119,2,118,27,1.7000000000000002,920
2014,4,25,8,0,340,121,271,30,1.7000000000000002,920
2014,4,25,9,0,655,457,309,31,1.4000000000000001,920
2014,4,25,10,0,866,687,250,32,1.3,920
2014,4,25,11,0,963,716,262,32,1.4000000000000001,920
2014,4,25,12,0,986,722,264,33,1.5,920
2014,4,25,13,0,931,655,306,33,1.5,920
2014,4,25,14,0,786,574,300,32,1.6,920
2014,4,25,15,0,621,591,215,32,1.7000000000000002,920
2014,4,25,16,0,395,463,172,31,1.8,920
2014,4,25,17,0,148,151,110,30,2.2,920
2014,4,25,18,0,0,0,0,29,2.5,920
2014,4,25,19,0,0,0,0,28,2.4000000000000004,920
2014,4,25,20,0,0,0,0,28,1.9000000000000001,920
2014,4,25,21,0,0,0,0,27,0.8,920
2014,4,25,22,0,0,0,0,26,0.6000000000000001,920
2014,4,25,23,0,0,0,0,26,1.6,920
2014,4,26,0,0,0,0,0,25,2.2,920
2014,4,26,1,0,0,0,0,25,2.4000000000000004,920
2014,4,26,2,0,0,0,0,24,2.1,920
2014,4,26,3,0,0,0,0,24,1.7000000000000002,920
2014,4,26,4,0,0,0,0,23,1.1,920
2014,4,26,5,0,0,0,0,23,0.8,920
2014,4,26,6,0,39,11,37,24,0.7000000000000001,920
2014,4,26,7,0,253,345,133,26,0.7000000000000001,920
2014,4,26,8,0,486,518,191,27,0.7000000000000001,920
2014,4,26,9,0,598,314,360,29,0.8,920
2014,4,26,10,0,859,680,249,30,0.8,920
2014,4,26,11,0,957,711,260,30,0.9,920
2014,4,26,12,0,980,718,263,30,1,920
2014,4,26,13,0,915,589,353,30,1,920
2014,4,26,14,0,695,379,374,30,0.8,920
2014,4,26,15,0,618,588,215,29,0.7000000000000001,920
2014,4,26,16,0,394,461,171,28,0.8,920
2014,4,26,17,0,161,246,100,27,0.9,920
2014,4,26,18,0,0,0,0,26,1.1,920
2014,4,26,19,0,0,0,0,26,1.2000000000000002,920
2014,4,26,20,0,0,0,0,25,1.2000000000000002,920
2014,4,26,21,0,0,0,0,25,1.4000000000000001,920
2014,4,26,22,0,0,0,0,25,1.8,920
2014,4,26,23,0,0,0,0,24,2.1,920
2014,4,27,0,0,0,0,0,24,2.4000000000000004,920
2014,4,27,1,0,0,0,0,23,2.6,920
2014,4,27,2,0,0,0,0,23,2.5,920
2014,4,27,3,0,0,0,0,22,2.3000000000000003,920
2014,4,27,4,0,0,0,0,22,2.2,920
2014,4,27,5,0,0,0,0,22,1.9000000000000001,920
2014,4,27,6,0,40,10,38,23,1.5,920
2014,4,27,7,0,191,79,163,26,1.4000000000000001,920
2014,4,27,8,0,376,134,299,29,1.5,920
2014,4,27,9,0,469,129,371,32,1.8,920
2014,4,27,10,0,717,329,421,34,2,920
2014,4,27,11,0,875,509,376,35,2,920
2014,4,27,12,0,950,564,386,35,1.9000000000000001,920
2014,4,27,13,0,874,552,347,34,1.7000000000000002,920
2014,4,27,14,0,805,665,242,33,1.6,920
2014,4,27,15,0,619,589,215,32,1.5,920
2014,4,27,16,0,394,462,171,31,1.5,920
2014,4,27,17,0,42,0,42,29,1.9000000000000001,920
2014,4,27,18,0,0,0,0,28,2.2,920
2014,4,27,19,0,0,0,0,27,2.4000000000000004,920
2014,4,27,20,0,0,0,0,26,2.6,920
2014,4,27,21,0,0,0,0,26,2.5,920
2014,4,27,22,0,0,0,0,25,2.5,920
2014,4,27,23,0,0,0,0,24,2.4000000000000004,920
2014,4,28,0,0,0,0,0,24,2.3000000000000003,920
2014,4,28,1,0,0,0,0,23,2.2,920
2014,4,28,2,0,0,0,0,22,2.1,920
2014,4,28,3,0,0,0,0,22,2,920
2014,4,28,4,0,0,0,0,21,1.9000000000000001,920
2014,4,28,5,0,0,0,0,21,1.9000000000000001,920
2014,4,28,6,0,34,0,34,23,1.7000000000000002,920
2014,4,28,7,0,164,40,150,26,1.6,920
2014,4,28,8,0,324,89,273,29,1.6,920
2014,4,28,9,0,614,339,356,31,1.6,920
2014,4,28,10,0,862,610,314,34,1.4000000000000001,920
2014,4,28,11,0,972,723,263,35,1.2000000000000002,920
2014,4,28,12,0,831,423,408,36,0.9,920
2014,4,28,13,0,940,715,259,36,0.6000000000000001,920
2014,4,28,14,0,814,674,243,35,0.30000000000000004,920
2014,4,28,15,0,471,204,331,34,0.2,910
2014,4,28,16,0,327,211,225,33,0.1,920
2014,4,28,17,0,78,0,78,30,0.30000000000000004,920
2014,4,28,18,0,0,0,0,28,1,920
2014,4,28,19,0,0,0,0,29,1.2000000000000002,920
2014,4,28,20,0,0,0,0,28,1.4000000000000001,920
2014,4,28,21,0,0,0,0,27,1.6,920
2014,4,28,22,0,0,0,0,26,1.8,920
2014,4,28,23,0,0,0,0,25,2,920
2014,4,29,0,0,0,0,0,24,2.3000000000000003,920
2014,4,29,1,0,0,0,0,23,2.5,920
2014,4,29,2,0,0,0,0,23,2.5,920
2014,4,29,3,0,0,0,0,22,2.4000000000000004,920
2014,4,29,4,0,0,0,0,22,2.3000000000000003,920
2014,4,29,5,0,0,0,0,21,2.3000000000000003,920
2014,4,29,6,0,35,0,35,23,2.1,920
2014,4,29,7,0,243,242,158,27,1.8,920
2014,4,29,8,0,469,415,231,29,1.5,920
2014,4,29,9,0,711,590,262,31,1.2000000000000002,920
2014,4,29,10,0,876,695,251,33,0.9,920
2014,4,29,11,0,967,692,289,34,0.7000000000000001,920
2014,4,29,12,0,991,704,288,34,0.9,920
2014,4,29,13,0,939,713,259,33,1.1,920
2014,4,29,14,0,811,671,243,32,1.1,920
2014,4,29,15,0,613,548,237,31,1.2000000000000002,920
2014,4,29,16,0,349,289,209,30,1.6,920
2014,4,29,17,0,163,250,100,28,2.1,920
2014,4,29,18,0,0,0,0,27,2.4000000000000004,920
2014,4,29,19,0,0,0,0,27,2.6,920
2014,4,29,20,0,0,0,0,26,2.4000000000000004,920
2014,4,29,21,0,0,0,0,25,2.2,920
2014,4,29,22,0,0,0,0,25,1.9000000000000001,920
2014,4,29,23,0,0,0,0,24,1.7000000000000002,920
2014,4,30,0,0,0,0,0,24,1.7000000000000002,920
2014,4,30,1,0,0,0,0,24,1.7000000000000002,920
2014,4,30,2,0,0,0,0,23,1.6,920
2014,4,30,3,0,0,0,0,23,1.5,920
2014,4,30,4,0,0,0,0,23,1.4000000000000001,920
2014,4,30,5,0,0,0,0,23,1.3,920
2014,4,30,6,0,33,0,33,24,1,920
2014,4,30,7,0,156,41,141,25,0.7000000000000001,920
2014,4,30,8,0,492,523,192,27,0.4,920
2014,4,30,9,0,471,137,366,29,0.30000000000000004,920
2014,4,30,10,0,848,555,349,30,0.5,920
2014,4,30,11,0,960,714,261,31,0.7000000000000001,920
2014,4,30,12,0,984,722,263,31,0.9,920
2014,4,30,13,0,931,707,257,32,0.9,920
2014,4,30,14,0,790,567,310,32,0.9,920
2014,4,30,15,0,580,460,264,32,1,920
2014,4,30,16,0,398,468,172,30,1.2000000000000002,920
2014,4,30,17,0,144,120,114,29,1.8,920
2014,4,30,18,0,0,0,0,27,2.5,920
2014,4,30,19,0,0,0,0,26,3,920
2014,4,30,20,0,0,0,0,25,2.9000000000000004,920
2014,4,30,21,0,0,0,0,25,2.7,920
2014,4,30,22,0,0,0,0,24,2.4000000000000004,920
2014,4,30,23,0,0,0,0,24,2,920
2014,5,1,0,0,0,0,0,23,1.7000000000000002,920
2014,5,1,1,0,0,0,0,23,1.5,920
2014,5,1,2,0,0,0,0,22,1.3,920
2014,5,1,3,0,0,0,0,22,1.2000000000000002,920
2014,5,1,4,0,0,0,0,22,1,920
2014,5,1,5,0,0,0,0,22,0.9,920
2014,5,1,6,0,27,0,27,23,0.8,920
2014,5,1,7,0,269,420,120,25,0.9,920
2014,5,1,8,0,497,571,169,28,1,920
2014,5,1,9,0,704,648,211,29,0.8,920
2014,5,1,10,0,874,743,206,30,0.6000000000000001,920
2014,5,1,11,0,829,500,339,31,0.4,920
2014,5,1,12,0,990,775,216,31,0.1,920
2014,5,1,13,0,936,761,212,30,0.5,920
2014,5,1,14,0,709,461,319,29,0.8,920
2014,5,1,15,0,522,332,294,29,0.8,920
2014,5,1,16,0,398,426,192,28,0.6000000000000001,920
2014,5,1,17,0,67,0,67,27,0.6000000000000001,920
2014,5,1,18,0,0,0,0,26,1.3,920
2014,5,1,19,0,0,0,0,26,2.1,920
2014,5,1,20,0,0,0,0,26,2.3000000000000003,920
2014,5,1,21,0,0,0,0,25,2.2,920
2014,5,1,22,0,0,0,0,24,2,920
2014,5,1,23,0,0,0,0,24,1.6,920
2014,5,2,0,0,0,0,0,23,1.3,920
2014,5,2,1,0,0,0,0,22,1,920
2014,5,2,2,0,0,0,0,22,0.9,920
2014,5,2,3,0,0,0,0,22,0.8,920
2014,5,2,4,0,0,0,0,21,0.7000000000000001,920
2014,5,2,5,0,0,0,0,21,0.5,920
2014,5,2,6,0,39,4,38,23,0.5,920
2014,5,2,7,0,168,64,145,26,0.9,920
2014,5,2,8,0,506,596,163,29,1.4000000000000001,920
2014,5,2,9,0,717,692,190,31,1.5,920
2014,5,2,10,0,878,747,206,31,1.5,920
2014,5,2,11,0,958,730,242,31,1.5,920
2014,5,2,12,0,974,716,259,31,1.4000000000000001,920
2014,5,2,13,0,940,764,212,31,1.2000000000000002,920
2014,5,2,14,0,812,691,228,30,1.2000000000000002,920
2014,5,2,15,0,577,494,238,30,1.2000000000000002,910
2014,5,2,16,0,403,531,147,29,1.3,920
2014,5,2,17,0,31,0,31,28,1.6,920
2014,5,2,18,0,0,0,0,27,1.9000000000000001,920
2014,5,2,19,0,0,0,0,26,2.4000000000000004,920
2014,5,2,20,0,0,0,0,25,3,920
2014,5,2,21,0,0,0,0,24,3.7,920
2014,5,2,22,0,0,0,0,24,4.1000000000000005,920
2014,5,2,23,0,0,0,0,23,4.3,920
2014,5,3,0,0,0,0,0,23,4.3,920
2014,5,3,1,0,0,0,0,22,4.2,920
2014,5,3,2,0,0,0,0,22,3.8000000000000003,920
2014,5,3,3,0,0,0,0,22,3.2,920
2014,5,3,4,0,0,0,0,22,2.8000000000000003,920
2014,5,3,5,0,0,0,0,22,2.5,920
2014,5,3,6,0,48,37,43,23,2.1,920
2014,5,3,7,0,273,427,121,24,1.8,920
2014,5,3,8,0,509,599,164,27,1.8,920
2014,5,3,9,0,645,490,271,30,2,920
2014,5,3,10,0,825,597,288,32,2.2,920
2014,5,3,11,0,938,651,300,33,2.2,920
2014,5,3,12,0,923,600,324,34,2.1,920
2014,5,3,13,0,941,766,212,33,2.1,920
2014,5,3,14,0,814,726,200,32,1.9000000000000001,910
2014,5,3,15,0,628,655,179,31,1.8,910
2014,5,3,16,0,402,530,147,29,2,920
2014,5,3,17,0,164,251,101,28,2.4000000000000004,920
2014,5,3,18,0,0,0,0,26,2.9000000000000004,920
2014,5,3,19,0,0,0,0,25,3.2,920
2014,5,3,20,0,0,0,0,24,3.3000000000000003,920
2014,5,3,21,0,0,0,0,23,3.3000000000000003,920
2014,5,3,22,0,0,0,0,23,3.3000000000000003,920
2014,5,3,23,0,0,0,0,22,3,920
2014,5,4,0,0,0,0,0,22,2.8000000000000003,920
2014,5,4,1,0,0,0,0,22,2.6,920
2014,5,4,2,0,0,0,0,21,2.4000000000000004,920
2014,5,4,3,0,0,0,0,22,2.2,920
2014,5,4,4,0,0,0,0,22,1.9000000000000001,920
2014,5,4,5,0,0,0,0,22,1.7000000000000002,920
2014,5,4,6,0,45,24,42,22,1.7000000000000002,920
2014,5,4,7,0,129,7,126,25,1.5,920
2014,5,4,8,0,313,96,257,27,1.3,920
2014,5,4,9,0,559,263,358,29,1.2000000000000002,920
2014,5,4,10,0,845,596,309,31,1.2000000000000002,920
2014,5,4,11,0,931,631,313,31,1.3,920
2014,5,4,12,0,992,777,216,31,1.4000000000000001,920
2014,5,4,13,0,915,679,269,31,1.6,910
2014,5,4,14,0,787,642,244,30,1.7000000000000002,910
2014,5,4,15,0,584,519,228,29,1.9000000000000001,910
2014,5,4,16,0,401,528,146,28,2.2,910
2014,5,4,17,0,168,303,92,26,2.6,920
2014,5,4,18,0,0,0,0,25,2.9000000000000004,920
2014,5,4,19,0,0,0,0,24,3.1,920
2014,5,4,20,0,0,0,0,23,3.2,920
2014,5,4,21,0,0,0,0,23,3.3000000000000003,920
2014,5,4,22,0,0,0,0,23,3.2,920
2014,5,4,23,0,0,0,0,22,2.9000000000000004,920
2014,5,5,0,0,0,0,0,22,2.7,920
2014,5,5,1,0,0,0,0,22,2.5,920
2014,5,5,2,0,0,0,0,22,2.3000000000000003,920
2014,5,5,3,0,0,0,0,21,2.1,920
2014,5,5,4,0,0,0,0,21,2.1,920
2014,5,5,5,0,0,0,0,21,1.9000000000000001,920
2014,5,5,6,0,47,26,43,22,1.8,920
2014,5,5,7,0,219,141,168,24,1.9000000000000001,920
2014,5,5,8,0,413,283,249,27,2,920
2014,5,5,9,0,666,542,253,30,2.2,920
2014,5,5,10,0,761,483,326,31,2.1,920
2014,5,5,11,0,850,558,303,32,1.9000000000000001,920
2014,5,5,12,0,867,535,333,33,1.7000000000000002,920
2014,5,5,13,0,891,612,309,33,1.6,920
2014,5,5,14,0,795,640,254,32,1.3,910
2014,5,5,15,0,576,494,237,31,1.2000000000000002,910
2014,5,5,16,0,391,395,200,30,1.2000000000000002,920
2014,5,5,17,0,88,9,85,28,1.5,920
2014,5,5,18,0,0,0,0,27,2,920
2014,5,5,19,0,0,0,0,26,2.4000000000000004,920
2014,5,5,20,0,0,0,0,25,2.7,920
2014,5,5,21,0,0,0,0,24,2.9000000000000004,920
2014,5,5,22,0,0,0,0,23,3,920
2014,5,5,23,0,0,0,0,23,2.9000000000000004,920
2014,5,6,0,0,0,0,0,22,2.8000000000000003,920
2014,5,6,1,0,0,0,0,22,2.7,920
2014,5,6,2,0,0,0,0,22,2.5,920
2014,5,6,3,0,0,0,0,22,2.3000000000000003,920
2014,5,6,4,0,0,0,0,22,2.2,920
2014,5,6,5,0,0,0,0,22,2.1,920
2014,5,6,6,0,56,47,50,23,2.3000000000000003,920
2014,5,6,7,0,214,121,170,24,2.5,920
2014,5,6,8,0,393,233,258,26,2.8000000000000003,920
2014,5,6,9,0,692,542,278,29,3.1,920
2014,5,6,10,0,584,174,427,30,3.3000000000000003,920
2014,5,6,11,0,734,321,419,30,3.4000000000000004,920
2014,5,6,12,0,665,205,460,30,3.5,920
2014,5,6,13,0,492,80,415,30,3.5,920
2014,5,6,14,0,329,18,313,28,3.4000000000000004,920
2014,5,6,15,0,363,80,308,27,3.4000000000000004,920
2014,5,6,16,0,147,0,147,26,3.4000000000000004,920
2014,5,6,17,0,34,0,34,24,3.2,920
2014,5,6,18,0,0,0,0,23,3,920
2014,5,6,19,0,0,0,0,23,2.8000000000000003,920
2014,5,6,20,0,0,0,0,22,2.7,920
2014,5,6,21,0,0,0,0,22,2.7,920
2014,5,6,22,0,0,0,0,22,2.7,920
2014,5,6,23,0,0,0,0,22,2.8000000000000003,920
2014,5,7,0,0,0,0,0,22,2.8000000000000003,920
2014,5,7,1,0,0,0,0,22,2.8000000000000003,920
2014,5,7,2,0,0,0,0,21,2.7,920
2014,5,7,3,0,0,0,0,21,2.6,920
2014,5,7,4,0,0,0,0,21,2.5,920
2014,5,7,5,0,0,0,0,21,2.5,920
2014,5,7,6,0,45,10,43,21,2.5,920
2014,5,7,7,0,152,19,145,23,2.8000000000000003,920
2014,5,7,8,0,268,30,250,24,3,920
2014,5,7,9,0,289,13,279,25,3.2,920
2014,5,7,10,0,285,9,276,26,3.4000000000000004,920
2014,5,7,11,0,466,41,425,27,3.6,920
2014,5,7,12,0,470,56,414,27,3.7,920
2014,5,7,13,0,652,269,396,26,3.7,920
2014,5,7,14,0,769,568,289,26,3.7,920
2014,5,7,15,0,337,77,284,25,3.6,920
2014,5,7,16,0,263,92,218,24,3.4000000000000004,920
2014,5,7,17,0,70,0,70,23,3,920
2014,5,7,18,0,0,0,0,22,2.8000000000000003,920
2014,5,7,19,0,0,0,0,22,2.8000000000000003,920
2014,5,7,20,0,0,0,0,22,2.8000000000000003,920
2014,5,7,21,0,0,0,0,22,2.8000000000000003,920
2014,5,7,22,0,0,0,0,22,2.9000000000000004,920
2014,5,7,23,0,0,0,0,22,2.9000000000000004,920
2014,5,8,0,0,0,0,0,21,2.9000000000000004,920
2014,5,8,1,0,0,0,0,22,2.8000000000000003,920
2014,5,8,2,0,0,0,0,22,2.8000000000000003,910
2014,5,8,3,0,0,0,0,22,2.7,910
2014,5,8,4,0,0,0,0,22,2.8000000000000003,920
2014,5,8,5,0,0,0,0,22,2.9000000000000004,920
2014,5,8,6,0,50,33,46,22,3,920
2014,5,8,7,0,148,15,142,23,3.2,920
2014,5,8,8,0,241,24,227,24,3.5,920
2014,5,8,9,0,581,286,362,25,3.9000000000000004,920
2014,5,8,10,0,446,43,407,25,3.9000000000000004,920
2014,5,8,11,0,527,66,462,26,3.9000000000000004,920
2014,5,8,12,0,494,47,447,27,3.6,920
2014,5,8,13,0,342,26,317,27,3.3000000000000003,910
2014,5,8,14,0,236,11,226,27,3.1,910
2014,5,8,15,0,452,205,311,26,2.9000000000000004,910
2014,5,8,16,0,263,102,213,25,2.6,920
2014,5,8,17,0,42,0,42,24,2.2,920
2014,5,8,18,0,0,0,0,23,1.9000000000000001,920
2014,5,8,19,0,0,0,0,23,1.7000000000000002,920
2014,5,8,20,0,0,0,0,23,1.6,920
2014,5,8,21,0,0,0,0,23,1.8,920
2014,5,8,22,0,0,0,0,23,1.9000000000000001,920
2014,5,8,23,0,0,0,0,23,2.1,920
2014,5,9,0,0,0,0,0,23,2.2,920
2014,5,9,1,0,0,0,0,22,2.3000000000000003,920
2014,5,9,2,0,0,0,0,22,2.3000000000000003,910
2014,5,9,3,0,0,0,0,22,2.2,910
2014,5,9,4,0,0,0,0,22,2.1,910
2014,5,9,5,0,0,0,0,22,2.1,920
2014,5,9,6,0,43,5,42,22,2.2,920
2014,5,9,7,0,159,32,147,24,2.7,920
2014,5,9,8,0,388,220,260,26,3,920
2014,5,9,9,0,449,107,367,28,3.4000000000000004,920
2014,5,9,10,0,590,183,425,29,3.7,920
2014,5,9,11,0,465,57,409,30,3.9000000000000004,920
2014,5,9,12,0,585,124,461,30,4,910
2014,5,9,13,0,720,320,416,30,4,910
2014,5,9,14,0,548,182,394,29,4,910
2014,5,9,15,0,423,150,320,28,3.9000000000000004,910
2014,5,9,16,0,376,376,194,27,3.5,910
2014,5,9,17,0,138,116,108,26,3.2,920
2014,5,9,18,0,1,0,1,25,3.2,920
2014,5,9,19,0,0,0,0,24,3.3000000000000003,920
2014,5,9,20,0,0,0,0,24,3.5,920
2014,5,9,21,0,0,0,0,23,3.6,920
2014,5,9,22,0,0,0,0,22,3.5,920
2014,5,9,23,0,0,0,0,22,3.5,920
2014,5,10,0,0,0,0,0,21,3.5,920
2014,5,10,1,0,0,0,0,21,3.4000000000000004,920
2014,5,10,2,0,0,0,0,21,3.1,910
2014,5,10,3,0,0,0,0,21,2.9000000000000004,910
2014,5,10,4,0,0,0,0,20,2.7,910
2014,5,10,5,0,0,0,0,20,2.4000000000000004,920
2014,5,10,6,0,52,37,47,21,2.2,920
2014,5,10,7,0,278,432,122,23,2.1,920
2014,5,10,8,0,496,569,166,27,2.3000000000000003,920
2014,5,10,9,0,718,692,190,29,2.3000000000000003,920
2014,5,10,10,0,875,744,205,31,2,920
2014,5,10,11,0,968,771,214,32,1.8,920
2014,5,10,12,0,988,776,216,32,1.5,920
2014,5,10,13,0,742,361,399,31,1.2000000000000002,910
2014,5,10,14,0,576,223,388,31,1.1,910
2014,5,10,15,0,504,296,301,30,1.2000000000000002,910
2014,5,10,16,0,384,283,247,29,1.4000000000000001,920
2014,5,10,17,0,33,0,33,28,1.7000000000000002,920
2014,5,10,18,0,1,0,1,26,2.2,920
2014,5,10,19,0,0,0,0,26,2.6,920
2014,5,10,20,0,0,0,0,25,2.9000000000000004,920
2014,5,10,21,0,0,0,0,24,3,920
2014,5,10,22,0,0,0,0,23,3,920
2014,5,10,23,0,0,0,0,23,3,920
2014,5,11,0,0,0,0,0,22,3,920
2014,5,11,1,0,0,0,0,22,3,920
2014,5,11,2,0,0,0,0,22,2.8000000000000003,920
2014,5,11,3,0,0,0,0,22,2.6,920
2014,5,11,4,0,0,0,0,21,2.3000000000000003,920
2014,5,11,5,0,0,0,0,21,2.1,920
2014,5,11,6,0,37,0,37,22,1.9000000000000001,920
2014,5,11,7,0,269,324,151,25,1.9000000000000001,920
2014,5,11,8,0,508,562,182,28,1.9000000000000001,920
2014,5,11,9,0,715,689,189,30,1.6,920
2014,5,11,10,0,847,631,280,31,1.5,920
2014,5,11,11,0,784,389,403,32,1.3,920
2014,5,11,12,0,830,478,354,32,1.1,920
2014,5,11,13,0,930,758,210,31,0.8,920
2014,5,11,14,0,758,593,258,30,0.9,920
2014,5,11,15,0,623,650,178,29,1.1,920
2014,5,11,16,0,290,151,216,28,1.3,920
2014,5,11,17,0,100,17,95,27,1.3,920
2014,5,11,18,0,1,0,1,26,1.3,920
2014,5,11,19,0,0,0,0,26,1.4000000000000001,920
2014,5,11,20,0,0,0,0,25,1.4000000000000001,920
2014,5,11,21,0,0,0,0,25,1.5,920
2014,5,11,22,0,0,0,0,24,1.7000000000000002,920
2014,5,11,23,0,0,0,0,23,1.9000000000000001,920
2014,5,12,0,0,0,0,0,23,2.1,920
2014,5,12,1,0,0,0,0,23,2.3000000000000003,920
2014,5,12,2,0,0,0,0,22,2.2,920
2014,5,12,3,0,0,0,0,22,2.1,920
2014,5,12,4,0,0,0,0,22,2.1,920
2014,5,12,5,0,0,0,0,22,2.1,920
2014,5,12,6,0,57,58,49,23,1.9000000000000001,920
2014,5,12,7,0,278,431,122,26,1.7000000000000002,920
2014,5,12,8,0,510,596,163,29,1.8,920
2014,5,12,9,0,716,690,189,30,1.7000000000000002,920
2014,5,12,10,0,873,743,205,31,1.5,920
2014,5,12,11,0,965,769,213,31,1.4000000000000001,920
2014,5,12,12,0,985,774,215,31,1.2000000000000002,920
2014,5,12,13,0,931,759,210,30,1.1,920
2014,5,12,14,0,781,635,246,29,1.2000000000000002,920
2014,5,12,15,0,589,559,206,29,1.2000000000000002,920
2014,5,12,16,0,404,531,147,28,1.3,920
2014,5,12,17,0,172,310,93,27,1.4000000000000001,920
2014,5,12,18,0,1,0,1,26,1.5,920
2014,5,12,19,0,0,0,0,26,1.6,920
2014,5,12,20,0,0,0,0,25,1.3,920
2014,5,12,21,0,0,0,0,25,0.9,920
2014,5,12,22,0,0,0,0,24,0.7000000000000001,920
2014,5,12,23,0,0,0,0,24,0.6000000000000001,920
2014,5,13,0,0,0,0,0,23,0.9,920
2014,5,13,1,0,0,0,0,23,1.3,920
2014,5,13,2,0,0,0,0,22,1.6,920
2014,5,13,3,0,0,0,0,22,1.8,920
2014,5,13,4,0,0,0,0,22,2.1,920
2014,5,13,5,0,0,0,0,21,2.4000000000000004,920
2014,5,13,6,0,50,26,46,23,2.3000000000000003,920
2014,5,13,7,0,276,348,149,26,2.2,920
2014,5,13,8,0,349,153,260,29,2.1,920
2014,5,13,9,0,678,543,263,30,1.8,920
2014,5,13,10,0,875,745,205,31,1.5,920
2014,5,13,11,0,966,770,214,32,1.1,920
2014,5,13,12,0,985,775,215,32,0.9,920
2014,5,13,13,0,811,526,312,32,0.8,920
2014,5,13,14,0,660,348,366,31,0.8,920
2014,5,13,15,0,620,602,208,30,0.8,920
2014,5,13,16,0,402,528,146,29,0.7000000000000001,920
2014,5,13,17,0,158,207,105,28,0.6000000000000001,920
2014,5,13,18,0,1,0,1,27,0.2,920
2014,5,13,19,0,0,0,0,27,0.2,920
2014,5,13,20,0,0,0,0,27,0.7000000000000001,920
2014,5,13,21,0,0,0,0,26,1.3,920
2014,5,13,22,0,0,0,0,25,1.8,920
2014,5,13,23,0,0,0,0,25,2.3000000000000003,920
2014,5,14,0,0,0,0,0,24,2.6,920
2014,5,14,1,0,0,0,0,23,2.8000000000000003,920
2014,5,14,2,0,0,0,0,23,2.7,920
2014,5,14,3,0,0,0,0,22,2.7,920
2014,5,14,4,0,0,0,0,22,2.7,920
2014,5,14,5,0,0,0,0,22,2.7,920
2014,5,14,6,0,55,43,49,22,2.7,920
2014,5,14,7,0,275,423,121,23,2.7,920
2014,5,14,8,0,503,587,162,24,2.6,920
2014,5,14,9,0,707,680,188,24,2.6,920
2014,5,14,10,0,861,732,203,25,2.5,920
2014,5,14,11,0,953,759,212,25,2.5,920
2014,5,14,12,0,973,764,213,25,2.4000000000000004,920
2014,5,14,13,0,920,750,209,26,2.2,920
2014,5,14,14,0,798,713,197,26,1.8,920
2014,5,14,15,0,572,489,237,26,1.5,920
2014,5,14,16,0,369,351,199,25,1.3,920
2014,5,14,17,0,107,37,97,24,1.5,920
2014,5,14,18,0,1,0,1,24,2.2,920
2014,5,14,19,0,0,0,0,23,2.8000000000000003,920
2014,5,14,20,0,0,0,0,23,3,920
2014,5,14,21,0,0,0,0,23,3,920
2014,5,14,22,0,0,0,0,23,3,920
2014,5,14,23,0,0,0,0,23,2.9000000000000004,920
2014,5,15,0,0,0,0,0,23,2.9000000000000004,920
2014,5,15,1,0,0,0,0,23,2.9000000000000004,920
2014,5,15,2,0,0,0,0,22,2.9000000000000004,920
2014,5,15,3,0,0,0,0,22,2.9000000000000004,920
2014,5,15,4,0,0,0,0,22,3,920
2014,5,15,5,0,0,0,0,22,2.9000000000000004,920
2014,5,15,6,0,32,0,32,22,2.8000000000000003,920
2014,5,15,7,0,157,29,146,23,2.7,920
2014,5,15,8,0,416,256,267,24,2.5,920
2014,5,15,9,0,695,575,256,25,2.3000000000000003,920
2014,5,15,10,0,870,741,205,27,2.2,920
2014,5,15,11,0,946,680,282,29,2.1,920
2014,5,15,12,0,856,527,332,30,2,920
2014,5,15,13,0,911,669,277,30,1.9000000000000001,910
2014,5,15,14,0,807,722,198,30,1.8,910
2014,5,15,15,0,625,653,178,30,1.5,910
2014,5,15,16,0,405,532,147,28,1.1,910
2014,5,15,17,0,141,136,106,26,0.7000000000000001,910
2014,5,15,18,0,1,0,1,26,0.5,920
2014,5,15,19,0,0,0,0,25,0.9,920
2014,5,15,20,0,0,0,0,24,1.2000000000000002,920
2014,5,15,21,0,0,0,0,24,1.5,920
2014,5,15,22,0,0,0,0,24,1.8,920
2014,5,15,23,0,0,0,0,23,2.2,920
2014,5,16,0,0,0,0,0,23,2.5,920
2014,5,16,1,0,0,0,0,23,2.7,910
2014,5,16,2,0,0,0,0,22,2.8000000000000003,910
2014,5,16,3,0,0,0,0,22,2.9000000000000004,910
2014,5,16,4,0,0,0,0,21,3,910
2014,5,16,5,0,0,0,0,21,3,920
2014,5,16,6,0,60,64,51,22,2.8000000000000003,920
2014,5,16,7,0,284,441,123,25,2.6,920
2014,5,16,8,0,517,606,165,27,2.8000000000000003,920
2014,5,16,9,0,724,699,190,30,2.8000000000000003,920
2014,5,16,10,0,881,752,206,32,2.6,920
2014,5,16,11,0,975,778,215,33,2.5,920
2014,5,16,12,0,923,627,300,34,2.5,920
2014,5,16,13,0,736,354,400,34,2.5,910
2014,5,16,14,0,800,651,252,33,2.5,910
2014,5,16,15,0,572,487,238,32,2.6,910
2014,5,16,16,0,410,525,155,31,2.4000000000000004,910
2014,5,16,17,0,166,238,104,29,2.2,910
2014,5,16,18,0,1,0,1,28,2.2,920
2014,5,16,19,0,0,0,0,27,2.3000000000000003,920
2014,5,16,20,0,0,0,0,26,2.5,920
2014,5,16,21,0,0,0,0,26,2.6,920
2014,5,16,22,0,0,0,0,25,2.6,920
2014,5,16,23,0,0,0,0,24,2.6,920
2014,5,17,0,0,0,0,0,23,2.5,920
2014,5,17,1,0,0,0,0,23,2.4000000000000004,920
2014,5,17,2,0,0,0,0,22,2.3000000000000003,920
2014,5,17,3,0,0,0,0,22,2.2,920
2014,5,17,4,0,0,0,0,22,2.2,920
2014,5,17,5,0,0,0,0,22,2.2,920
2014,5,17,6,0,56,47,49,22,2.3000000000000003,920
2014,5,17,7,0,277,426,121,23,2.6,920
2014,5,17,8,0,505,589,162,24,2.9000000000000004,920
2014,5,17,9,0,707,681,188,25,3.2,920
2014,5,17,10,0,861,733,203,26,3.3000000000000003,920
2014,5,17,11,0,952,759,212,27,3.3000000000000003,920
2014,5,17,12,0,970,700,275,29,3.2,920
2014,5,17,13,0,837,512,352,29,3,920
2014,5,17,14,0,453,86,380,28,2.7,920
2014,5,17,15,0,329,44,298,28,2.4000000000000004,920
2014,5,17,16,0,77,0,77,27,2.2,920
2014,5,17,17,0,40,0,40,26,2.1,920
2014,5,17,18,0,1,0,1,25,2.3000000000000003,920
2014,5,17,19,0,0,0,0,25,2.3000000000000003,920
2014,5,17,20,0,0,0,0,24,2.4000000000000004,920
2014,5,17,21,0,0,0,0,24,2.4000000000000004,920
2014,5,17,22,0,0,0,0,23,2.4000000000000004,920
2014,5,17,23,0,0,0,0,23,2.3000000000000003,920
2014,5,18,0,0,0,0,0,22,2.3000000000000003,920
2014,5,18,1,0,0,0,0,22,2.3000000000000003,920
2014,5,18,2,0,0,0,0,22,2.3000000000000003,920
2014,5,18,3,0,0,0,0,21,2.3000000000000003,920
2014,5,18,4,0,0,0,0,21,2.3000000000000003,920
2014,5,18,5,0,0,0,0,21,2.3000000000000003,920
2014,5,18,6,0,61,67,52,23,2.1,920
2014,5,18,7,0,282,436,123,25,1.6,920
2014,5,18,8,0,513,601,164,29,1.4000000000000001,920
2014,5,18,9,0,718,694,189,32,0.9,920
2014,5,18,10,0,874,746,205,33,0.6000000000000001,920
2014,5,18,11,0,966,772,213,34,0.6000000000000001,920
2014,5,18,12,0,984,776,215,34,0.6000000000000001,920
2014,5,18,13,0,929,759,210,34,0.5,920
2014,5,18,14,0,798,715,196,33,0.4,920
2014,5,18,15,0,623,651,178,32,0.4,920
2014,5,18,16,0,392,426,185,31,0.5,920
2014,5,18,17,0,149,145,111,29,0.6000000000000001,920
2014,5,18,18,0,1,0,1,26,0.8,920
2014,5,18,19,0,0,0,0,26,0.8,920
2014,5,18,20,0,0,0,0,26,0.9,920
2014,5,18,21,0,0,0,0,25,1,920
2014,5,18,22,0,0,0,0,24,1.1,920
2014,5,18,23,0,0,0,0,24,1.2000000000000002,920
2014,5,19,0,0,0,0,0,23,1.2000000000000002,920
2014,5,19,1,0,0,0,0,23,1.3,920
2014,5,19,2,0,0,0,0,23,1.3,920
2014,5,19,3,0,0,0,0,22,1.3,920
2014,5,19,4,0,0,0,0,22,1.4000000000000001,920
2014,5,19,5,0,0,0,0,22,1.4000000000000001,920
2014,5,19,6,0,53,32,48,24,1.3,920
2014,5,19,7,0,271,350,143,27,1.3,920
2014,5,19,8,0,510,597,163,29,1.6,920
2014,5,19,9,0,715,690,189,30,1.6,920
2014,5,19,10,0,872,744,205,31,1.5,920
2014,5,19,11,0,963,770,213,32,1.3,920
2014,5,19,12,0,982,774,215,32,1.1,920
2014,5,19,13,0,927,758,210,31,1,920
2014,5,19,14,0,802,718,198,30,1.1,920
2014,5,19,15,0,622,648,178,29,1.2000000000000002,920
2014,5,19,16,0,403,528,146,28,1.3,920
2014,5,19,17,0,162,215,106,27,1.3,920
2014,5,19,18,0,1,0,1,26,1.4000000000000001,920
2014,5,19,19,0,0,0,0,26,1.5,920
2014,5,19,20,0,0,0,0,25,1.6,920
2014,5,19,21,0,0,0,0,25,1.6,920
2014,5,19,22,0,0,0,0,25,1.7000000000000002,920
2014,5,19,23,0,0,0,0,24,1.8,920
2014,5,20,0,0,0,0,0,24,1.8,920
2014,5,20,1,0,0,0,0,24,1.7000000000000002,920
2014,5,20,2,0,0,0,0,23,1.5,920
2014,5,20,3,0,0,0,0,23,1.3,920
2014,5,20,4,0,0,0,0,23,1.2000000000000002,920
2014,5,20,5,0,0,0,0,23,1.3,920
2014,5,20,6,0,49,18,46,24,1.4000000000000001,920
2014,5,20,7,0,259,302,148,26,1.3,920
2014,5,20,8,0,494,542,179,29,1.1,920
2014,5,20,9,0,697,637,211,30,0.9,920
2014,5,20,10,0,861,732,205,30,0.8,920
2014,5,20,11,0,951,749,221,30,0.8,920
2014,5,20,12,0,970,764,213,30,0.6000000000000001,920
2014,5,20,13,0,917,749,208,30,0.4,920
2014,5,20,14,0,795,711,196,29,0.30000000000000004,920
2014,5,20,15,0,348,75,296,29,0.8,920
2014,5,20,16,0,77,0,77,28,1.5,920
2014,5,20,17,0,64,0,64,27,2.2,920
2014,5,20,18,0,1,0,1,25,2.8000000000000003,920
2014,5,20,19,0,0,0,0,25,3.2,920
2014,5,20,20,0,0,0,0,24,3.2,920
2014,5,20,21,0,0,0,0,23,3,920
2014,5,20,22,0,0,0,0,23,2.8000000000000003,920
2014,5,20,23,0,0,0,0,22,2.7,920
2014,5,21,0,0,0,0,0,22,2.6,920
2014,5,21,1,0,0,0,0,21,2.5,920
2014,5,21,2,0,0,0,0,21,2.5,920
2014,5,21,3,0,0,0,0,21,2.4000000000000004,920
2014,5,21,4,0,0,0,0,20,2.4000000000000004,920
2014,5,21,5,0,0,0,0,20,2.5,920
2014,5,21,6,0,50,19,47,22,2.3000000000000003,920
2014,5,21,7,0,247,257,152,25,2.2,920
2014,5,21,8,0,488,518,187,28,2.5,920
2014,5,21,9,0,710,685,188,30,2.6,920
2014,5,21,10,0,863,736,203,32,2.5,920
2014,5,21,11,0,953,761,212,32,2.3000000000000003,920
2014,5,21,12,0,971,755,223,32,2.2,920
2014,5,21,13,0,919,751,208,31,2.3000000000000003,920
2014,5,21,14,0,797,713,197,30,2.1,910
2014,5,21,15,0,618,644,177,29,2,910
2014,5,21,16,0,393,427,185,28,2.1,920
2014,5,21,17,0,123,70,104,27,2.3000000000000003,920
2014,5,21,18,0,1,0,1,26,2.5,920
2014,5,21,19,0,0,0,0,25,2.6,920
2014,5,21,20,0,0,0,0,24,2.6,920
2014,5,21,21,0,0,0,0,24,2.4000000000000004,920
2014,5,21,22,0,0,0,0,23,2.3000000000000003,920
2014,5,21,23,0,0,0,0,23,2.2,920
2014,5,22,0,0,0,0,0,23,2.2,920
2014,5,22,1,0,0,0,0,23,2.3000000000000003,920
2014,5,22,2,0,0,0,0,22,2.3000000000000003,910
2014,5,22,3,0,0,0,0,22,2.3000000000000003,910
2014,5,22,4,0,0,0,0,22,2.4000000000000004,910
2014,5,22,5,0,0,0,0,22,2.3000000000000003,910
2014,5,22,6,0,63,70,53,22,2.4000000000000004,920
2014,5,22,7,0,280,431,122,24,2.5,920
2014,5,22,8,0,506,591,162,27,2.5,920
2014,5,22,9,0,706,681,187,28,2.6,920
2014,5,22,10,0,858,732,203,29,2.7,920
2014,5,22,11,0,948,758,211,29,2.7,920
2014,5,22,12,0,968,762,212,29,2.6,920
2014,5,22,13,0,915,747,208,28,2.6,920
2014,5,22,14,0,794,711,196,28,2.6,910
2014,5,22,15,0,617,643,177,27,2.6,910
2014,5,22,16,0,394,427,185,27,2.5,920
2014,5,22,17,0,158,193,107,26,2.6,920
2014,5,22,18,0,1,0,1,25,2.8000000000000003,920
2014,5,22,19,0,0,0,0,24,2.8000000000000003,920
2014,5,22,20,0,0,0,0,24,2.9000000000000004,920
2014,5,22,21,0,0,0,0,24,3,920
2014,5,22,22,0,0,0,0,23,3.1,920
2014,5,22,23,0,0,0,0,23,3.3000000000000003,920
2014,5,23,0,0,0,0,0,23,3.5,910
2014,5,23,1,0,0,0,0,23,3.6,910
2014,5,23,2,0,0,0,0,22,3.6,910
2014,5,23,3,0,0,0,0,22,3.6,910
2014,5,23,4,0,0,0,0,22,3.6,910
2014,5,23,5,0,0,0,0,22,3.5,920
2014,5,23,6,0,39,0,39,23,3.2,920
2014,5,23,7,0,221,179,155,26,3.2,920
2014,5,23,8,0,504,520,202,28,3.2,920
2014,5,23,9,0,712,688,188,31,3.1,920
2014,5,23,10,0,865,739,204,32,2.8000000000000003,920
2014,5,23,11,0,956,765,212,32,2.6,920
2014,5,23,12,0,975,769,213,32,2.5,910
2014,5,23,13,0,922,754,209,31,2.5,910
2014,5,23,14,0,800,717,197,30,2.4000000000000004,910
2014,5,23,15,0,622,649,177,30,2.3000000000000003,910
2014,5,23,16,0,405,530,146,29,2.3000000000000003,910
2014,5,23,17,0,153,152,113,27,2.5,910
2014,5,23,18,0,1,0,1,26,2.9000000000000004,910
2014,5,23,19,0,0,0,0,26,3.2,920
2014,5,23,20,0,0,0,0,25,3.3000000000000003,920
2014,5,23,21,0,0,0,0,24,3.3000000000000003,920
2014,5,23,22,0,0,0,0,24,3.3000000000000003,920
2014,5,23,23,0,0,0,0,23,3.3000000000000003,920
2014,5,24,0,0,0,0,0,23,3.3000000000000003,920
2014,5,24,1,0,0,0,0,22,3.3000000000000003,910
2014,5,24,2,0,0,0,0,22,3.2,910
2014,5,24,3,0,0,0,0,22,3,910
2014,5,24,4,0,0,0,0,22,2.8000000000000003,910
2014,5,24,5,0,0,0,0,22,2.7,920
2014,5,24,6,0,55,35,50,23,2.6,920
2014,5,24,7,0,253,278,151,23,2.6,920
2014,5,24,8,0,399,246,256,25,2.8000000000000003,920
2014,5,24,9,0,635,454,289,26,3.2,920
2014,5,24,10,0,845,648,265,27,3.4000000000000004,920
2014,5,24,11,0,955,764,212,29,3.7,920
2014,5,24,12,0,975,770,213,30,4,920
2014,5,24,13,0,923,755,209,31,4.2,910
2014,5,24,14,0,802,719,197,32,4.2,910
2014,5,24,15,0,624,651,178,31,4.1000000000000005,910
2014,5,24,16,0,407,533,147,30,3.8000000000000003,910
2014,5,24,17,0,178,311,95,28,3.2,910
2014,5,24,18,0,1,0,1,27,3.1,910
2014,5,24,19,0,0,0,0,26,3.2,920
2014,5,24,20,0,0,0,0,26,3.3000000000000003,920
2014,5,24,21,0,0,0,0,25,3.2,920
2014,5,24,22,0,0,0,0,24,3.2,920
2014,5,24,23,0,0,0,0,23,3.2,920
2014,5,25,0,0,0,0,0,22,3.1,920
2014,5,25,1,0,0,0,0,22,3,910
2014,5,25,2,0,0,0,0,22,2.9000000000000004,910
2014,5,25,3,0,0,0,0,22,2.8000000000000003,910
2014,5,25,4,0,0,0,0,22,2.8000000000000003,920
2014,5,25,5,0,0,0,0,22,2.9000000000000004,920
2014,5,25,6,0,39,0,39,23,2.9000000000000004,920
2014,5,25,7,0,148,14,142,25,2.9000000000000004,920
2014,5,25,8,0,190,6,186,28,3,920
2014,5,25,9,0,403,78,343,30,3,920
2014,5,25,10,0,612,222,413,32,3,920
2014,5,25,11,0,744,336,417,32,3.1,920
2014,5,25,12,0,926,571,361,32,3.1,920
2014,5,25,13,0,854,629,260,31,3,910
2014,5,25,14,0,756,594,256,30,2.7,910
2014,5,25,15,0,547,402,271,30,2.4000000000000004,910
2014,5,25,16,0,359,310,207,29,2.1,910
2014,5,25,17,0,132,82,110,28,2.4000000000000004,910
2014,5,25,18,0,1,0,1,27,3,910
2014,5,25,19,0,0,0,0,26,3.4000000000000004,920
2014,5,25,20,0,0,0,0,25,3.4000000000000004,920
2014,5,25,21,0,0,0,0,24,3.2,920
2014,5,25,22,0,0,0,0,23,2.8000000000000003,920
2014,5,25,23,0,0,0,0,23,2.5,920
2014,5,26,0,0,0,0,0,22,2.2,920
2014,5,26,1,0,0,0,0,22,2.2,920
2014,5,26,2,0,0,0,0,22,2.2,920
2014,5,26,3,0,0,0,0,22,2,920
2014,5,26,4,0,0,0,0,22,1.9000000000000001,920
2014,5,26,5,0,0,0,0,22,1.8,920
2014,5,26,6,0,51,21,48,23,1.6,920
2014,5,26,7,0,209,109,169,24,1.5,920
2014,5,26,8,0,398,246,255,25,1.5,920
2014,5,26,9,0,699,675,186,26,1.5,920
2014,5,26,10,0,831,649,251,27,1.5,920
2014,5,26,11,0,906,620,304,28,1.5,920
2014,5,26,12,0,940,647,300,29,1.5,920
2014,5,26,13,0,913,747,207,30,1.5,920
2014,5,26,14,0,794,711,196,30,1.3,910
2014,5,26,15,0,619,644,177,29,1.1,910
2014,5,26,16,0,404,527,146,28,1.1,910
2014,5,26,17,0,33,0,33,27,1.3,920
2014,5,26,18,0,1,0,1,26,1.4000000000000001,920
2014,5,26,19,0,0,0,0,25,1.5,920
2014,5,26,20,0,0,0,0,25,1.5,920
2014,5,26,21,0,0,0,0,24,1.7000000000000002,920
2014,5,26,22,0,0,0,0,24,2,920
2014,5,26,23,0,0,0,0,23,2.2,920
2014,5,27,0,0,0,0,0,23,2.2,920
2014,5,27,1,0,0,0,0,22,2.1,920
2014,5,27,2,0,0,0,0,22,2.1,910
2014,5,27,3,0,0,0,0,22,2,910
2014,5,27,4,0,0,0,0,22,2,920
2014,5,27,5,0,0,0,0,22,1.9000000000000001,920
2014,5,27,6,0,51,16,48,23,1.8,920
2014,5,27,7,0,191,76,163,25,1.8,920
2014,5,27,8,0,364,177,261,27,1.8,920
2014,5,27,9,0,633,453,289,29,1.6,920
2014,5,27,10,0,859,700,234,30,1.4000000000000001,920
2014,5,27,11,0,951,762,211,30,1.4000000000000001,920
2014,5,27,12,0,966,751,224,29,1.4000000000000001,920
2014,5,27,13,0,913,739,215,29,1.5,920
2014,5,27,14,0,798,715,197,29,1.7000000000000002,910
2014,5,27,15,0,472,244,304,28,1.9000000000000001,910
2014,5,27,16,0,251,80,211,27,2,910
2014,5,27,17,0,34,0,34,26,2.1,920
2014,5,27,18,0,2,0,2,25,2.3000000000000003,920
2014,5,27,19,0,0,0,0,25,2.4000000000000004,920
2014,5,27,20,0,0,0,0,24,2.4000000000000004,920
2014,5,27,21,0,0,0,0,24,2.2,920
2014,5,27,22,0,0,0,0,24,2,920
2014,5,27,23,0,0,0,0,23,1.7000000000000002,920
2014,5,28,0,0,0,0,0,23,1.5,920
2014,5,28,1,0,0,0,0,23,1.3,920
2014,5,28,2,0,0,0,0,23,1.1,920
2014,5,28,3,0,0,0,0,22,1,920
2014,5,28,4,0,0,0,0,22,0.9,920
2014,5,28,5,0,0,0,0,22,0.9,920
2014,5,28,6,0,47,9,45,23,0.8,920
2014,5,28,7,0,252,258,157,25,0.5,920
2014,5,28,8,0,502,588,161,28,0.5,920
2014,5,28,9,0,702,679,186,29,0.7000000000000001,920
2014,5,28,10,0,854,731,202,30,0.8,920
2014,5,28,11,0,944,756,210,30,1,920
2014,5,28,12,0,964,761,212,30,1.1,920
2014,5,28,13,0,912,746,207,30,1.1,920
2014,5,28,14,0,770,619,249,29,1.2000000000000002,920
2014,5,28,15,0,617,640,177,28,1,920
2014,5,28,16,0,404,526,146,28,0.7000000000000001,920
2014,5,28,17,0,176,260,106,27,0.5,920
2014,5,28,18,0,2,0,2,25,0.30000000000000004,920
2014,5,28,19,0,0,0,0,25,1,920
2014,5,28,20,0,0,0,0,25,1.5,920
2014,5,28,21,0,0,0,0,25,1.7000000000000002,920
2014,5,28,22,0,0,0,0,24,1.7000000000000002,920
2014,5,28,23,0,0,0,0,24,1.6,920
2014,5,29,0,0,0,0,0,23,1.5,920
2014,5,29,1,0,0,0,0,23,1.4000000000000001,920
2014,5,29,2,0,0,0,0,22,1.4000000000000001,920
2014,5,29,3,0,0,0,0,22,1.4000000000000001,920
2014,5,29,4,0,0,0,0,22,1.5,920
2014,5,29,5,0,0,0,0,22,1.6,920
2014,5,29,6,0,59,53,51,23,1.5,920
2014,5,29,7,0,280,431,122,26,1.3,920
2014,5,29,8,0,505,593,162,29,1,920
2014,5,29,9,0,637,509,251,31,0.6000000000000001,920
2014,5,29,10,0,760,509,306,32,0.30000000000000004,920
2014,5,29,11,0,949,761,211,33,0.30000000000000004,920
2014,5,29,12,0,968,765,212,33,0.8,920
2014,5,29,13,0,915,750,208,32,1.3,920
2014,5,29,14,0,795,712,196,32,1.7000000000000002,920
2014,5,29,15,0,619,644,177,31,2,920
2014,5,29,16,0,405,527,146,30,2.1,920
2014,5,29,17,0,181,319,96,28,2.2,920
2014,5,29,18,0,2,0,2,27,2.3000000000000003,920
2014,5,29,19,0,0,0,0,27,2.4000000000000004,920
2014,5,29,20,0,0,0,0,26,2.4000000000000004,920
2014,5,29,21,0,0,0,0,25,2.3000000000000003,920
2014,5,29,22,0,0,0,0,24,2.3000000000000003,920
2014,5,29,23,0,0,0,0,24,2.3000000000000003,920
2014,5,30,0,0,0,0,0,23,2.3000000000000003,920
2014,5,30,1,0,0,0,0,23,2.2,920
2014,5,30,2,0,0,0,0,22,2.1,920
2014,5,30,3,0,0,0,0,22,2.1,910
2014,5,30,4,0,0,0,0,22,2.1,920
2014,5,30,5,0,0,0,0,22,2.2,920
2014,5,30,6,0,47,9,45,23,2.3000000000000003,920
2014,5,30,7,0,239,216,160,25,2.4000000000000004,920
2014,5,30,8,0,503,590,161,27,2.4000000000000004,920
2014,5,30,9,0,704,682,187,29,2.3000000000000003,920
2014,5,30,10,0,858,735,203,31,2.2,920
2014,5,30,11,0,950,762,211,31,2,920
2014,5,30,12,0,970,767,213,31,1.8,920
2014,5,30,13,0,918,753,208,30,1.6,910
2014,5,30,14,0,785,680,213,30,1.7000000000000002,910
2014,5,30,15,0,624,650,178,29,2,910
2014,5,30,16,0,376,392,183,29,2.3000000000000003,910
2014,5,30,17,0,165,231,102,28,2.6,920
2014,5,30,18,0,2,0,2,26,2.7,920
2014,5,30,19,0,0,0,0,26,2.7,920
2014,5,30,20,0,0,0,0,25,2.7,920
2014,5,30,21,0,0,0,0,24,2.7,920
2014,5,30,22,0,0,0,0,24,2.8000000000000003,920
2014,5,30,23,0,0,0,0,23,2.9000000000000004,920
2014,5,31,0,0,0,0,0,22,3,920
2014,5,31,1,0,0,0,0,22,3,910
2014,5,31,2,0,0,0,0,22,2.6,910
2014,5,31,3,0,0,0,0,22,2.4000000000000004,910
2014,5,31,4,0,0,0,0,22,2.2,910
2014,5,31,5,0,0,0,0,22,2.1,910
2014,5,31,6,0,59,52,52,23,1.9000000000000001,920
2014,5,31,7,0,280,394,136,25,1.9000000000000001,920
2014,5,31,8,0,499,577,165,28,2,920
2014,5,31,9,0,703,679,188,30,1.9000000000000001,920
2014,5,31,10,0,854,736,198,32,1.7000000000000002,920
2014,5,31,11,0,938,733,228,32,1.6,910
2014,5,31,12,0,975,771,213,31,1.5,910
2014,5,31,13,0,922,756,208,31,1.7000000000000002,910
2014,5,31,14,0,802,719,197,30,1.8,910
2014,5,31,15,0,625,651,178,29,2,910
2014,5,31,16,0,411,535,147,28,2.1,910
2014,5,31,17,0,179,267,106,27,2.2,910
2014,5,31,18,0,2,0,2,26,2.2,910
2014,5,31,19,0,0,0,0,26,2.1,920
2014,5,31,20,0,0,0,0,25,2,920
2014,5,31,21,0,0,0,0,25,1.8,920
2014,5,31,22,0,0,0,0,24,1.7000000000000002,920
2014,5,31,23,0,0,0,0,24,1.6,920
2014,6,1,0,0,0,0,0,23,1.7000000000000002,910
2014,6,1,1,0,0,0,0,23,1.9000000000000001,910
2014,6,1,2,0,0,0,0,23,2,910
2014,6,1,3,0,0,0,0,23,2.1,910
2014,6,1,4,0,0,0,0,23,2.1,910
2014,6,1,5,0,0,0,0,22,2.1,910
2014,6,1,6,0,57,48,50,23,2.1,920
2014,6,1,7,0,278,441,118,25,2.3000000000000003,920
2014,6,1,8,0,504,604,155,27,2.6,920
2014,6,1,9,0,705,696,178,29,2.9000000000000004,920
2014,6,1,10,0,859,748,193,31,3.1,920
2014,6,1,11,0,950,774,201,31,3.2,920
2014,6,1,12,0,971,780,202,31,3.3000000000000003,910
2014,6,1,13,0,920,766,198,32,3.3000000000000003,910
2014,6,1,14,0,802,730,188,31,3.3000000000000003,910
2014,6,1,15,0,626,664,170,30,3.2,910
2014,6,1,16,0,412,548,141,29,2.9000000000000004,910
2014,6,1,17,0,186,336,95,28,2.7,910
2014,6,1,18,0,2,0,2,27,2.7,910
2014,6,1,19,0,0,0,0,26,2.6,910
2014,6,1,20,0,0,0,0,26,2.6,920
2014,6,1,21,0,0,0,0,25,2.5,920
2014,6,1,22,0,0,0,0,25,2.3000000000000003,920
2014,6,1,23,0,0,0,0,24,2.2,920
2014,6,2,0,0,0,0,0,23,2.1,910
2014,6,2,1,0,0,0,0,23,2.1,910
2014,6,2,2,0,0,0,0,23,2.1,910
2014,6,2,3,0,0,0,0,22,2.2,910
2014,6,2,4,0,0,0,0,22,2.3000000000000003,910
2014,6,2,5,0,0,0,0,22,2.3000000000000003,910
2014,6,2,6,0,53,31,48,23,2.1,920
2014,6,2,7,0,256,313,141,25,2,920
2014,6,2,8,0,494,583,157,26,1.9000000000000001,920
2014,6,2,9,0,697,688,177,28,1.8,920
2014,6,2,10,0,745,489,310,29,1.7000000000000002,920
2014,6,2,11,0,939,765,199,29,1.7000000000000002,920
2014,6,2,12,0,961,770,201,29,2,920
2014,6,2,13,0,911,757,197,28,2.4000000000000004,910
2014,6,2,14,0,794,722,186,27,2.9000000000000004,910
2014,6,2,15,0,620,657,169,27,3.1,910
2014,6,2,16,0,299,166,217,26,3.2,910
2014,6,2,17,0,46,0,46,25,3.4000000000000004,910
2014,6,2,18,0,2,0,2,24,3.5,920
2014,6,2,19,0,0,0,0,24,3.5,920
2014,6,2,20,0,0,0,0,24,3.4000000000000004,920
2014,6,2,21,0,0,0,0,23,3.1,920
2014,6,2,22,0,0,0,0,23,2.7,920
2014,6,2,23,0,0,0,0,22,2.5,910
2014,6,3,0,0,0,0,0,22,2.3000000000000003,910
2014,6,3,1,0,0,0,0,22,2,910
2014,6,3,2,0,0,0,0,22,2.1,910
2014,6,3,3,0,0,0,0,22,2.4000000000000004,910
2014,6,3,4,0,0,0,0,22,2.9000000000000004,910
2014,6,3,5,0,0,0,0,22,3,910
2014,6,3,6,0,45,3,44,22,3.1,920
2014,6,3,7,0,133,13,128,23,3,920
2014,6,3,8,0,430,314,249,25,3,920
2014,6,3,9,0,519,213,358,26,3,920
2014,6,3,10,0,671,327,380,28,2.8000000000000003,920
2014,6,3,11,0,791,469,337,29,2.7,910
2014,6,3,12,0,864,567,305,29,2.7,910
2014,6,3,13,0,889,683,245,29,2.7,910
2014,6,3,14,0,774,658,220,29,2.8000000000000003,910
2014,6,3,15,0,569,471,244,28,3,910
2014,6,3,16,0,267,105,215,27,2.9000000000000004,910
2014,6,3,17,0,87,0,87,26,2.9000000000000004,910
2014,6,3,18,0,2,0,2,25,3,910
2014,6,3,19,0,0,0,0,25,3,920
2014,6,3,20,0,0,0,0,24,2.9000000000000004,920
2014,6,3,21,0,0,0,0,24,2.8000000000000003,920
2014,6,3,22,0,0,0,0,23,2.7,920
2014,6,3,23,0,0,0,0,23,2.6,920
2014,6,4,0,0,0,0,0,23,2.6,910
2014,6,4,1,0,0,0,0,22,2.5,910
2014,6,4,2,0,0,0,0,22,2.4000000000000004,910
2014,6,4,3,0,0,0,0,22,2.4000000000000004,910
2014,6,4,4,0,0,0,0,21,2.4000000000000004,910
2014,6,4,5,0,0,0,0,21,2.5,910
2014,6,4,6,0,37,0,37,23,2.4000000000000004,910
2014,6,4,7,0,219,188,150,25,2.4000000000000004,910
2014,6,4,8,0,486,532,179,27,2.4000000000000004,920
2014,6,4,9,0,684,652,191,30,2.3000000000000003,910
2014,6,4,10,0,792,596,262,30,2.2,910
2014,6,4,11,0,813,523,307,30,2.2,910
2014,6,4,12,0,930,644,295,30,2.1,910
2014,6,4,13,0,834,602,266,30,2.2,910
2014,6,4,14,0,742,590,245,29,2.3000000000000003,910
2014,6,4,15,0,624,660,169,28,2.6,910
2014,6,4,16,0,301,152,225,27,2.8000000000000003,910
2014,6,4,17,0,127,52,112,26,3,910
2014,6,4,18,0,2,0,2,25,3.2,910
2014,6,4,19,0,0,0,0,25,3.4000000000000004,910
2014,6,4,20,0,0,0,0,24,3.5,910
2014,6,4,21,0,0,0,0,23,3.4000000000000004,920
2014,6,4,22,0,0,0,0,23,3.4000000000000004,910
2014,6,4,23,0,0,0,0,22,3.3000000000000003,910
2014,6,5,0,0,0,0,0,22,3.2,910
2014,6,5,1,0,0,0,0,22,3,910
2014,6,5,2,0,0,0,0,22,2.9000000000000004,910
2014,6,5,3,0,0,0,0,22,2.8000000000000003,910
2014,6,5,4,0,0,0,0,22,2.7,910
2014,6,5,5,0,0,0,0,22,2.6,910
2014,6,5,6,0,52,30,48,22,2.6,910
2014,6,5,7,0,261,336,138,24,2.6,910
2014,6,5,8,0,497,597,153,27,2.7,910
2014,6,5,9,0,696,688,177,29,2.8000000000000003,910
2014,6,5,10,0,848,740,191,30,2.8000000000000003,910
2014,6,5,11,0,933,747,211,31,2.8000000000000003,910
2014,6,5,12,0,908,646,271,30,2.8000000000000003,910
2014,6,5,13,0,911,758,197,30,2.8000000000000003,910
2014,6,5,14,0,702,509,273,29,2.9000000000000004,910
2014,6,5,15,0,555,416,268,28,3.1,910
2014,6,5,16,0,250,79,210,27,3.1,910
2014,6,5,17,0,35,0,35,26,3.2,910
2014,6,5,18,0,2,0,2,25,3.3000000000000003,910
2014,6,5,19,0,0,0,0,24,3.3000000000000003,910
2014,6,5,20,0,0,0,0,24,3.2,910
2014,6,5,21,0,0,0,0,23,3.1,910
2014,6,5,22,0,0,0,0,23,3,910
2014,6,5,23,0,0,0,0,23,3,910
2014,6,6,0,0,0,0,0,23,3.1,910
2014,6,6,1,0,0,0,0,22,3.2,910
2014,6,6,2,0,0,0,0,22,3.2,910
2014,6,6,3,0,0,0,0,22,3.1,910
2014,6,6,4,0,0,0,0,22,3,910
2014,6,6,5,0,0,0,0,22,2.9000000000000004,910
2014,6,6,6,0,24,0,24,22,3,910
2014,6,6,7,0,162,53,142,23,3,910
2014,6,6,8,0,496,496,210,25,3.2,910
2014,6,6,9,0,697,689,177,27,3.4000000000000004,910
2014,6,6,10,0,848,740,191,29,3.6,910
2014,6,6,11,0,864,599,285,29,3.7,910
2014,6,6,12,0,855,558,305,29,3.8000000000000003,910
2014,6,6,13,0,911,736,217,29,3.8000000000000003,910
2014,6,6,14,0,795,722,186,28,3.9000000000000004,910
2014,6,6,15,0,622,657,169,28,4,910
2014,6,6,16,0,411,543,141,27,3.9000000000000004,910
2014,6,6,17,0,181,275,105,26,3.9000000000000004,910
2014,6,6,18,0,2,0,2,25,4.1000000000000005,910
2014,6,6,19,0,0,0,0,24,4.2,910
2014,6,6,20,0,0,0,0,23,4.2,910
2014,6,6,21,0,0,0,0,23,4,910
2014,6,6,22,0,0,0,0,23,3.9000000000000004,910
2014,6,6,23,0,0,0,0,23,4,910
2014,6,7,0,0,0,0,0,22,4.1000000000000005,910
2014,6,7,1,0,0,0,0,22,4.2,910
2014,6,7,2,0,0,0,0,22,4,910
2014,6,7,3,0,0,0,0,22,3.9000000000000004,910
2014,6,7,4,0,0,0,0,22,3.8000000000000003,910
2014,6,7,5,0,0,0,0,22,3.5,910
2014,6,7,6,0,56,34,51,22,3.4000000000000004,910
2014,6,7,7,0,188,95,153,24,3.5,910
2014,6,7,8,0,413,311,234,26,3.8000000000000003,910
2014,6,7,9,0,573,355,305,28,3.9000000000000004,910
2014,6,7,10,0,726,462,316,29,3.8000000000000003,910
2014,6,7,11,0,796,489,323,29,3.7,910
2014,6,7,12,0,943,688,265,29,3.6,910
2014,6,7,13,0,858,649,246,29,3.4000000000000004,910
2014,6,7,14,0,767,652,218,29,3.4000000000000004,910
2014,6,7,15,0,623,658,169,28,3.4000000000000004,910
2014,6,7,16,0,412,544,141,27,3.4000000000000004,910
2014,6,7,17,0,182,277,105,26,3.5,910
2014,6,7,18,0,3,0,3,25,3.8000000000000003,910
2014,6,7,19,0,0,0,0,24,3.9000000000000004,910
2014,6,7,20,0,0,0,0,24,3.9000000000000004,910
2014,6,7,21,0,0,0,0,23,3.9000000000000004,910
2014,6,7,22,0,0,0,0,23,4,910
2014,6,7,23,0,0,0,0,22,4.2,910
2014,6,8,0,0,0,0,0,22,4.3,910
2014,6,8,1,0,0,0,0,22,4.4,910
2014,6,8,2,0,0,0,0,21,4.5,910
2014,6,8,3,0,0,0,0,21,4.5,910
2014,6,8,4,0,0,0,0,21,4.5,910
2014,6,8,5,0,0,0,0,21,4.4,910
2014,6,8,6,0,63,84,52,22,4.4,910
2014,6,8,7,0,265,390,123,24,4.4,910
2014,6,8,8,0,452,443,197,27,4.6000000000000005,910
2014,6,8,9,0,675,602,222,29,4.6000000000000005,910
2014,6,8,10,0,754,533,281,31,4.4,910
2014,6,8,11,0,918,679,262,31,4.3,910
2014,6,8,12,0,949,751,209,31,4.3,910
2014,6,8,13,0,912,759,197,30,4.2,910
2014,6,8,14,0,767,591,269,29,4.2,910
2014,6,8,15,0,460,225,304,28,4.3,910
2014,6,8,16,0,413,545,141,27,4.5,910
2014,6,8,17,0,148,130,111,25,4.6000000000000005,910
2014,6,8,18,0,3,0,3,24,4.9,910
2014,6,8,19,0,0,0,0,23,5,910
2014,6,8,20,0,0,0,0,23,4.9,910
2014,6,8,21,0,0,0,0,22,4.9,910
2014,6,8,22,0,0,0,0,22,5,910
2014,6,8,23,0,0,0,0,22,5.1000000000000005,910
2014,6,9,0,0,0,0,0,22,5.2,910
2014,6,9,1,0,0,0,0,22,5.4,910
2014,6,9,2,0,0,0,0,22,5.300000000000001,910
2014,6,9,3,0,0,0,0,22,5.2,910
2014,6,9,4,0,0,0,0,22,5.2,910
2014,6,9,5,0,0,0,0,22,5.2,910
2014,6,9,6,0,47,14,45,22,5.2,910
2014,6,9,7,0,216,139,165,24,5.300000000000001,910
2014,6,9,8,0,365,133,288,25,5.5,910
2014,6,9,9,0,480,144,371,26,5.6000000000000005,910
2014,6,9,10,0,581,199,404,27,5.4,910
2014,6,9,11,0,504,63,443,28,5.2,910
2014,6,9,12,0,509,41,468,28,4.9,910
2014,6,9,13,0,548,131,424,27,4.800000000000001,910
2014,6,9,14,0,282,13,271,26,4.7,910
2014,6,9,15,0,293,27,274,25,4.4,910
2014,6,9,16,0,142,0,142,24,3.9000000000000004,910
2014,6,9,17,0,137,95,110,24,3.7,910
2014,6,9,18,0,3,0,3,23,3.7,910
2014,6,9,19,0,0,0,0,23,3.8000000000000003,910
2014,6,9,20,0,0,0,0,22,3.9000000000000004,920
2014,6,9,21,0,0,0,0,22,4,920
2014,6,9,22,0,0,0,0,21,4.1000000000000005,920
2014,6,9,23,0,0,0,0,21,4.2,910
2014,6,10,0,0,0,0,0,20,4.4,910
2014,6,10,1,0,0,0,0,20,4.6000000000000005,910
2014,6,10,2,0,0,0,0,20,4.7,910
2014,6,10,3,0,0,0,0,20,4.9,910
2014,6,10,4,0,0,0,0,20,5.1000000000000005,910
2014,6,10,5,0,0,0,0,20,5.2,910
2014,6,10,6,0,36,0,36,21,5.300000000000001,910
2014,6,10,7,0,149,18,142,23,5.4,910
2014,6,10,8,0,262,31,244,25,5.9,910
2014,6,10,9,0,378,41,347,27,6.300000000000001,910
2014,6,10,10,0,392,27,368,29,6.6000000000000005,910
2014,6,10,11,0,535,108,430,30,6.5,910
2014,6,10,12,0,425,64,362,29,6.6000000000000005,910
2014,6,10,13,0,865,670,233,28,6.4,910
2014,6,10,14,0,488,134,375,28,6.2,910
2014,6,10,15,0,490,261,309,27,5.9,910
2014,6,10,16,0,307,133,240,26,5.6000000000000005,910
2014,6,10,17,0,161,135,123,25,5,910
2014,6,10,18,0,3,0,3,24,4.800000000000001,910
2014,6,10,19,0,0,0,0,23,4.7,920
2014,6,10,20,0,0,0,0,23,4.6000000000000005,920
2014,6,10,21,0,0,0,0,22,4.5,920
2014,6,10,22,0,0,0,0,22,4.5,920
2014,6,10,23,0,0,0,0,22,4.4,920
2014,6,11,0,0,0,0,0,22,4.4,910
2014,6,11,1,0,0,0,0,22,4.4,910
2014,6,11,2,0,0,0,0,22,4.5,910
2014,6,11,3,0,0,0,0,21,4.7,910
2014,6,11,4,0,0,0,0,21,4.9,910
2014,6,11,5,0,0,0,0,21,5,910
2014,6,11,6,0,46,12,44,22,4.9,910
2014,6,11,7,0,239,260,145,23,4.9,920
2014,6,11,8,0,490,591,152,25,5.2,920
2014,6,11,9,0,688,682,175,27,5.4,920
2014,6,11,10,0,831,700,212,28,5.4,910
2014,6,11,11,0,861,608,275,29,5.4,910
2014,6,11,12,0,869,577,301,28,5.5,910
2014,6,11,13,0,739,394,367,27,5.4,910
2014,6,11,14,0,793,720,186,27,5.2,910
2014,6,11,15,0,559,448,249,26,4.800000000000001,910
2014,6,11,16,0,380,415,172,25,4.3,910
2014,6,11,17,0,180,282,101,24,4.1000000000000005,910
2014,6,11,18,0,3,0,3,23,4,910
2014,6,11,19,0,0,0,0,23,3.9000000000000004,920
2014,6,11,20,0,0,0,0,23,3.8000000000000003,920
2014,6,11,21,0,0,0,0,23,3.8000000000000003,920
2014,6,11,22,0,0,0,0,23,3.8000000000000003,920
2014,6,11,23,0,0,0,0,22,4,920
2014,6,12,0,0,0,0,0,22,4.1000000000000005,910
2014,6,12,1,0,0,0,0,22,4.3,910
2014,6,12,2,0,0,0,0,22,4.3,910
2014,6,12,3,0,0,0,0,22,4.3,910
2014,6,12,4,0,0,0,0,21,4.3,910
2014,6,12,5,0,0,0,0,21,4.2,910
2014,6,12,6,0,62,81,51,22,4,910
2014,6,12,7,0,268,426,115,23,4,920
2014,6,12,8,0,474,516,179,24,4.2,920
2014,6,12,9,0,645,555,228,25,4.4,920
2014,6,12,10,0,664,314,386,26,4.6000000000000005,920
2014,6,12,11,0,601,199,409,27,4.7,910
2014,6,12,12,0,913,576,346,28,4.7,910
2014,6,12,13,0,771,482,316,28,4.800000000000001,910
2014,6,12,14,0,604,286,362,28,4.7,910
2014,6,12,15,0,599,517,240,28,4.6000000000000005,910
2014,6,12,16,0,269,103,217,26,4.2,910
2014,6,12,17,0,181,227,117,25,3.9000000000000004,910
2014,6,12,18,0,3,0,3,24,3.9000000000000004,920
2014,6,12,19,0,0,0,0,24,3.9000000000000004,920
2014,6,12,20,0,0,0,0,23,3.8000000000000003,920
2014,6,12,21,0,0,0,0,22,3.8000000000000003,920
2014,6,12,22,0,0,0,0,22,3.9000000000000004,920
2014,6,12,23,0,0,0,0,22,4,920
2014,6,13,0,0,0,0,0,21,4.2,910
2014,6,13,1,0,0,0,0,21,4.3,910
2014,6,13,2,0,0,0,0,21,4.2,910
2014,6,13,3,0,0,0,0,21,4.2,910
2014,6,13,4,0,0,0,0,21,4.2,910
2014,6,13,5,0,0,0,0,21,4.2,920
2014,6,13,6,0,53,27,49,22,4.3,920
2014,6,13,7,0,207,116,165,24,4.6000000000000005,920
2014,6,13,8,0,349,145,266,26,5.2,920
2014,6,13,9,0,682,612,223,28,5.5,920
2014,6,13,10,0,785,575,277,30,5.7,920
2014,6,13,11,0,560,150,415,31,5.800000000000001,910
2014,6,13,12,0,490,73,418,31,5.800000000000001,910
2014,6,13,13,0,716,349,387,30,5.7,910
2014,6,13,14,0,643,363,336,30,5.800000000000001,910
2014,6,13,15,0,530,366,276,28,5.9,910
2014,6,13,16,0,367,300,216,27,5.5,910
2014,6,13,17,0,57,0,57,25,5,910
2014,6,13,18,0,3,0,3,24,4.9,920
2014,6,13,19,0,0,0,0,23,5.1000000000000005,920
2014,6,13,20,0,0,0,0,23,4.9,920
2014,6,13,21,0,0,0,0,22,4.7,920
2014,6,13,22,0,0,0,0,22,4.4,920
2014,6,13,23,0,0,0,0,21,4.3,920
2014,6,14,0,0,0,0,0,21,4.2,910
2014,6,14,1,0,0,0,0,21,4.1000000000000005,910
2014,6,14,2,0,0,0,0,21,4.1000000000000005,910
2014,6,14,3,0,0,0,0,20,4.1000000000000005,910
2014,6,14,4,0,0,0,0,20,4,910
2014,6,14,5,0,0,0,0,20,3.8000000000000003,920
2014,6,14,6,0,57,59,49,21,3.6,920
2014,6,14,7,0,237,257,145,23,3.7,920
2014,6,14,8,0,489,566,166,26,4.2,920
2014,6,14,9,0,668,625,200,28,4.5,920
2014,6,14,10,0,791,635,230,30,4.7,920
2014,6,14,11,0,885,660,249,31,4.800000000000001,920
2014,6,14,12,0,701,294,411,32,4.800000000000001,910
2014,6,14,13,0,696,314,400,32,4.800000000000001,910
2014,6,14,14,0,635,330,356,31,4.9,910
2014,6,14,15,0,524,346,284,30,5,910
2014,6,14,16,0,398,421,186,28,4.9,910
2014,6,14,17,0,166,168,118,27,4.6000000000000005,910
2014,6,14,18,0,5,0,5,25,4.5,920
2014,6,14,19,0,0,0,0,24,4.4,920
2014,6,14,20,0,0,0,0,23,4.4,920
2014,6,14,21,0,0,0,0,23,4.4,920
2014,6,14,22,0,0,0,0,22,4.4,920
2014,6,14,23,0,0,0,0,22,4.5,920
2014,6,15,0,0,0,0,0,22,4.6000000000000005,920
2014,6,15,1,0,0,0,0,22,4.6000000000000005,920
2014,6,15,2,0,0,0,0,21,4.5,910
2014,6,15,3,0,0,0,0,21,4.3,910
2014,6,15,4,0,0,0,0,21,4.2,920
2014,6,15,5,0,0,0,0,21,4.2,920
2014,6,15,6,0,60,50,53,22,4,920
2014,6,15,7,0,236,256,144,24,4.3,920
2014,6,15,8,0,492,595,153,26,4.7,920
2014,6,15,9,0,615,477,258,29,4.800000000000001,920
2014,6,15,10,0,749,531,280,30,4.7,920
2014,6,15,11,0,701,315,397,31,4.6000000000000005,920
2014,6,15,12,0,708,305,408,32,4.5,910
2014,6,15,13,0,866,605,295,31,4.5,910
2014,6,15,14,0,598,274,366,31,4.5,910
2014,6,15,15,0,594,533,224,30,4.6000000000000005,910
2014,6,15,16,0,326,193,228,29,4.6000000000000005,910
2014,6,15,17,0,196,347,97,27,4.2,910
2014,6,15,18,0,4,0,4,25,4,920
2014,6,15,19,0,0,0,0,24,3.9000000000000004,920
2014,6,15,20,0,0,0,0,24,3.7,920
2014,6,15,21,0,0,0,0,23,3.5,920
2014,6,15,22,0,0,0,0,22,3.3000000000000003,920
2014,6,15,23,0,0,0,0,22,3.3000000000000003,920
2014,6,16,0,0,0,0,0,21,3.4000000000000004,920
2014,6,16,1,0,0,0,0,21,3.6,920
2014,6,16,2,0,0,0,0,21,3.8000000000000003,910
2014,6,16,3,0,0,0,0,21,3.9000000000000004,910
2014,6,16,4,0,0,0,0,21,3.8000000000000003,910
2014,6,16,5,0,0,0,0,20,3.8000000000000003,920
2014,6,16,6,0,52,37,47,22,3.6,920
2014,6,16,7,0,269,397,127,24,3.6,920
2014,6,16,8,0,493,598,153,27,4,920
2014,6,16,9,0,693,691,177,29,4,920
2014,6,16,10,0,847,743,191,31,4,920
2014,6,16,11,0,880,653,251,32,4,920
2014,6,16,12,0,876,598,288,32,4,910
2014,6,16,13,0,796,535,291,31,4.2,910
2014,6,16,14,0,771,620,247,31,4.3,910
2014,6,16,15,0,579,533,208,29,4.4,910
2014,6,16,16,0,393,428,177,28,4.4,910
2014,6,16,17,0,192,328,98,27,4.2,910
2014,6,16,18,0,6,0,6,25,4.1000000000000005,920
2014,6,16,19,0,0,0,0,24,4.1000000000000005,920
2014,6,16,20,0,0,0,0,23,4.1000000000000005,920
2014,6,16,21,0,0,0,0,22,4,920
2014,6,16,22,0,0,0,0,22,4,920
2014,6,16,23,0,0,0,0,21,4.1000000000000005,920
2014,6,17,0,0,0,0,0,21,4.3,920
2014,6,17,1,0,0,0,0,21,4.4,910
2014,6,17,2,0,0,0,0,21,4.4,910
2014,6,17,3,0,0,0,0,20,4.3,910
2014,6,17,4,0,0,0,0,20,4.3,910
2014,6,17,5,0,0,0,0,20,4.2,910
2014,6,17,6,0,55,55,48,22,4,920
2014,6,17,7,0,240,277,141,24,4.4,920
2014,6,17,8,0,457,398,231,27,4.9,920
2014,6,17,9,0,316,43,283,29,5.2,920
2014,6,17,10,0,423,70,361,31,5.300000000000001,920
2014,6,17,11,0,829,563,287,31,5.4,910
2014,6,17,12,0,853,559,303,31,5.4,910
2014,6,17,13,0,910,757,196,31,5.5,910
2014,6,17,14,0,724,553,256,30,5.6000000000000005,910
2014,6,17,15,0,604,557,216,30,5.7,910
2014,6,17,16,0,328,195,229,28,5.7,910
2014,6,17,17,0,187,274,108,27,5.300000000000001,910
2014,6,17,18,0,3,0,3,25,4.9,920
2014,6,17,19,0,0,0,0,24,4.7,920
2014,6,17,20,0,0,0,0,23,4.6000000000000005,920
2014,6,17,21,0,0,0,0,23,4.5,920
2014,6,17,22,0,0,0,0,22,4.6000000000000005,920
2014,6,17,23,0,0,0,0,22,4.800000000000001,920
2014,6,18,0,0,0,0,0,22,5,910
2014,6,18,1,0,0,0,0,22,5.2,910
2014,6,18,2,0,0,0,0,21,5.300000000000001,910
2014,6,18,3,0,0,0,0,21,5.300000000000001,910
2014,6,18,4,0,0,0,0,21,5.300000000000001,910
2014,6,18,5,0,0,0,0,21,5.2,910
2014,6,18,6,0,43,2,42,22,5,910
2014,6,18,7,0,169,55,149,24,5.1000000000000005,920
2014,6,18,8,0,267,40,244,26,5.5,920
2014,6,18,9,0,564,321,324,27,5.800000000000001,920
2014,6,18,10,0,675,351,365,28,6.1000000000000005,920
2014,6,18,11,0,599,173,432,29,6.2,910
2014,6,18,12,0,459,58,402,30,6.5,910
2014,6,18,13,0,536,120,422,29,6.6000000000000005,910
2014,6,18,14,0,555,205,381,28,6.7,910
2014,6,18,15,0,347,42,317,27,6.6000000000000005,910
2014,6,18,16,0,251,65,218,26,6.2,910
2014,6,18,17,0,188,240,119,25,5.800000000000001,910
2014,6,18,18,0,5,0,5,24,5.7,920
2014,6,18,19,0,0,0,0,23,5.5,920
2014,6,18,20,0,0,0,0,23,5.300000000000001,920
2014,6,18,21,0,0,0,0,22,5.2,920
2014,6,18,22,0,0,0,0,22,5.2,920
2014,6,18,23,0,0,0,0,22,5.4,910
2014,6,19,0,0,0,0,0,22,5.6000000000000005,910
2014,6,19,1,0,0,0,0,21,5.6000000000000005,910
2014,6,19,2,0,0,0,0,21,5.6000000000000005,910
2014,6,19,3,0,0,0,0,21,5.5,910
2014,6,19,4,0,0,0,0,21,5.4,910
2014,6,19,5,0,0,0,0,21,5.300000000000001,910
2014,6,19,6,0,42,4,41,22,5.1000000000000005,910
2014,6,19,7,0,128,9,124,24,5.300000000000001,920
2014,6,19,8,0,363,175,263,26,5.6000000000000005,920
2014,6,19,9,0,433,111,350,28,5.9,920
2014,6,19,10,0,446,86,370,30,6.2,910
2014,6,19,11,0,806,477,347,31,6.4,910
2014,6,19,12,0,671,283,392,32,6.6000000000000005,910
2014,6,19,13,0,883,614,303,31,6.9,910
2014,6,19,14,0,647,341,358,31,7.1000000000000005,910
2014,6,19,15,0,575,470,247,29,7.1000000000000005,910
2014,6,19,16,0,303,143,230,28,6.6000000000000005,910
2014,6,19,17,0,177,224,112,26,5.9,910
2014,6,19,18,0,4,0,4,24,5.6000000000000005,910
2014,6,19,19,0,0,0,0,24,5.4,920
2014,6,19,20,0,0,0,0,23,5.2,920
2014,6,19,21,0,0,0,0,23,5.1000000000000005,920
2014,6,19,22,0,0,0,0,22,5,920
2014,6,19,23,0,0,0,0,22,5,920
2014,6,20,0,0,0,0,0,22,5.1000000000000005,910
2014,6,20,1,0,0,0,0,21,5.300000000000001,910
2014,6,20,2,0,0,0,0,21,5.4,910
2014,6,20,3,0,0,0,0,21,5.5,910
2014,6,20,4,0,0,0,0,21,5.6000000000000005,910
2014,6,20,5,0,0,0,0,21,5.6000000000000005,910
2014,6,20,6,0,53,33,48,22,5.6000000000000005,910
2014,6,20,7,0,213,138,164,24,5.7,920
2014,6,20,8,0,369,147,285,27,6.1000000000000005,920
2014,6,20,9,0,520,204,368,29,6.4,920
2014,6,20,10,0,610,248,391,30,6.6000000000000005,920
2014,6,20,11,0,586,158,434,31,6.9,910
2014,6,20,12,0,754,359,401,31,7.2,910
2014,6,20,13,0,650,262,402,31,7.300000000000001,910
2014,6,20,14,0,759,605,247,30,7.2,910
2014,6,20,15,0,569,486,230,29,7,910
2014,6,20,16,0,398,408,191,27,6.4,910
2014,6,20,17,0,143,98,114,26,5.7,910
2014,6,20,18,0,4,0,4,25,5.4,920
2014,6,20,19,0,0,0,0,24,5.2,920
2014,6,20,20,0,0,0,0,23,5.2,920
2014,6,20,21,0,0,0,0,23,5.300000000000001,920
2014,6,20,22,0,0,0,0,22,5.4,920
2014,6,20,23,0,0,0,0,22,5.4,920
2014,6,21,0,0,0,0,0,22,5.4,920
2014,6,21,1,0,0,0,0,21,5.5,920
2014,6,21,2,0,0,0,0,21,5.4,910
2014,6,21,3,0,0,0,0,21,5.300000000000001,910
2014,6,21,4,0,0,0,0,21,5.300000000000001,910
2014,6,21,5,0,0,0,0,21,5.300000000000001,920
2014,6,21,6,0,34,0,34,22,5.2,920
2014,6,21,7,0,167,64,144,23,5.4,920
2014,6,21,8,0,395,261,247,25,5.6000000000000005,920
2014,6,21,9,0,583,368,309,26,5.6000000000000005,920
2014,6,21,10,0,421,69,360,27,5.5,920
2014,6,21,11,0,671,273,408,28,5.5,920
2014,6,21,12,0,793,440,360,28,5.300000000000001,920
2014,6,21,13,0,735,382,374,29,5.2,920
2014,6,21,14,0,768,648,219,28,5.2,920
2014,6,21,15,0,616,586,207,27,5.4,920
2014,6,21,16,0,312,158,231,26,5.4,920
2014,6,21,17,0,150,89,124,25,5.2,920
2014,6,21,18,0,4,0,4,24,5.2,920
2014,6,21,19,0,0,0,0,23,5.2,920
2014,6,21,20,0,0,0,0,23,5.2,920
2014,6,21,21,0,0,0,0,22,5.2,920
2014,6,21,22,0,0,0,0,22,5.300000000000001,920
2014,6,21,23,0,0,0,0,22,5.4,920
2014,6,22,0,0,0,0,0,21,5.6000000000000005,920
2014,6,22,1,0,0,0,0,21,5.800000000000001,920
2014,6,22,2,0,0,0,0,21,5.9,920
2014,6,22,3,0,0,0,0,21,6,920
2014,6,22,4,0,0,0,0,21,6.1000000000000005,920
2014,6,22,5,0,0,0,0,21,6,920
2014,6,22,6,0,44,15,42,22,5.800000000000001,920
2014,6,22,7,0,212,172,151,24,5.800000000000001,920
2014,6,22,8,0,421,358,219,26,5.9,920
2014,6,22,9,0,569,356,304,28,6.2,920
2014,6,22,10,0,703,409,343,29,6.5,920
2014,6,22,11,0,715,322,405,30,6.6000000000000005,920
2014,6,22,12,0,528,94,435,31,6.6000000000000005,920
2014,6,22,13,0,499,88,415,31,6.4,920
2014,6,22,14,0,530,169,386,30,6.2,920
2014,6,22,15,0,252,22,236,29,6,920
2014,6,22,16,0,249,61,217,28,5.5,920
2014,6,22,17,0,134,53,118,26,5,920
2014,6,22,18,0,4,0,4,25,4.800000000000001,920
2014,6,22,19,0,0,0,0,24,4.7,920
2014,6,22,20,0,0,0,0,23,4.5,920
2014,6,22,21,0,0,0,0,22,4.4,920
2014,6,22,22,0,0,0,0,22,4.6000000000000005,920
2014,6,22,23,0,0,0,0,22,4.7,920
2014,6,23,0,0,0,0,0,21,4.7,920
2014,6,23,1,0,0,0,0,21,4.7,920
2014,6,23,2,0,0,0,0,21,4.6000000000000005,920
2014,6,23,3,0,0,0,0,21,4.6000000000000005,920
2014,6,23,4,0,0,0,0,21,4.7,920
2014,6,23,5,0,0,0,0,21,4.7,920
2014,6,23,6,0,40,5,39,22,4.7,920
2014,6,23,7,0,217,189,150,24,5,920
2014,6,23,8,0,380,168,285,27,5.300000000000001,920
2014,6,23,9,0,568,336,318,29,5.4,920
2014,6,23,10,0,526,139,403,31,5.300000000000001,920
2014,6,23,11,0,671,274,407,32,5.4,920
2014,6,23,12,0,548,109,440,33,5.4,920
2014,6,23,13,0,698,314,401,33,5.5,910
2014,6,23,14,0,666,389,336,32,5.5,910
2014,6,23,15,0,541,359,290,31,5.5,910
2014,6,23,16,0,262,85,218,29,5.4,910
2014,6,23,17,0,95,0,95,27,4.800000000000001,920
2014,6,23,18,0,9,0,9,25,4.5,920
2014,6,23,19,0,0,0,0,24,4.4,920
2014,6,23,20,0,0,0,0,23,4.3,920
2014,6,23,21,0,0,0,0,23,4.4,920
2014,6,23,22,0,0,0,0,22,4.5,920
2014,6,23,23,0,0,0,0,22,4.7,920
2014,6,24,0,0,0,0,0,22,4.800000000000001,920
2014,6,24,1,0,0,0,0,22,4.9,910
2014,6,24,2,0,0,0,0,22,4.800000000000001,910
2014,6,24,3,0,0,0,0,22,4.6000000000000005,910
2014,6,24,4,0,0,0,0,22,4.5,910
2014,6,24,5,0,0,0,0,22,4.5,920
2014,6,24,6,0,46,28,42,23,4.3,920
2014,6,24,7,0,210,143,159,25,4.5,920
2014,6,24,8,0,366,147,283,28,4.7,920
2014,6,24,9,0,532,288,318,30,4.800000000000001,920
2014,6,24,10,0,666,335,371,32,4.7,910
2014,6,24,11,0,799,510,309,33,4.5,910
2014,6,24,12,0,863,580,292,34,4.5,910
2014,6,24,13,0,817,565,283,34,4.4,910
2014,6,24,14,0,613,297,361,33,4.5,910
2014,6,24,15,0,636,621,201,32,4.6000000000000005,910
2014,6,24,16,0,426,560,140,30,4.800000000000001,910
2014,6,24,17,0,195,292,109,28,4.6000000000000005,910
2014,6,24,18,0,7,0,7,26,4.6000000000000005,910
2014,6,24,19,0,0,0,0,25,4.7,910
2014,6,24,20,0,0,0,0,24,4.6000000000000005,920
2014,6,24,21,0,0,0,0,23,4.4,920
2014,6,24,22,0,0,0,0,23,4.4,920
2014,6,24,23,0,0,0,0,22,4.4,910
2014,6,25,0,0,0,0,0,22,4.3,910
2014,6,25,1,0,0,0,0,22,4.3,910
2014,6,25,2,0,0,0,0,22,4.3,910
2014,6,25,3,0,0,0,0,22,4.2,910
2014,6,25,4,0,0,0,0,21,4.1000000000000005,910
2014,6,25,5,0,0,0,0,22,4,910
2014,6,25,6,0,50,43,44,23,4,920
2014,6,25,7,0,245,344,124,25,4.5,920
2014,6,25,8,0,431,396,208,27,4.7,920
2014,6,25,9,0,668,615,211,29,4.7,920
2014,6,25,10,0,812,664,228,31,4.7,910
2014,6,25,11,0,858,612,270,32,4.6000000000000005,910
2014,6,25,12,0,908,597,321,33,4.6000000000000005,910
2014,6,25,13,0,801,542,288,32,4.5,910
2014,6,25,14,0,692,466,296,31,4.5,910
2014,6,25,15,0,620,571,220,30,4.5,910
2014,6,25,16,0,331,191,233,28,4.3,910
2014,6,25,17,0,160,109,128,27,4,910
2014,6,25,18,0,4,0,4,25,3.7,910
2014,6,25,19,0,0,0,0,24,3.6,920
2014,6,25,20,0,0,0,0,23,3.6,920
2014,6,25,21,0,0,0,0,23,3.6,920
2014,6,25,22,0,0,0,0,22,3.6,920
2014,6,25,23,0,0,0,0,22,3.6,920
2014,6,26,0,0,0,0,0,22,3.7,920
2014,6,26,1,0,0,0,0,22,3.8000000000000003,910
2014,6,26,2,0,0,0,0,22,3.7,910
2014,6,26,3,0,0,0,0,22,3.7,910
2014,6,26,4,0,0,0,0,22,3.7,910
2014,6,26,5,0,0,0,0,22,3.6,920
2014,6,26,6,0,49,41,44,23,3.7,920
2014,6,26,7,0,260,360,134,24,3.7,920
2014,6,26,8,0,326,133,251,27,3.7,920
2014,6,26,9,0,559,320,321,30,3.4000000000000004,920
2014,6,26,10,0,759,558,269,32,3,920
2014,6,26,11,0,914,686,255,33,2.6,920
2014,6,26,12,0,974,785,202,34,2.2,920
2014,6,26,13,0,928,772,198,34,1.8,910
2014,6,26,14,0,814,737,188,34,1.5,910
2014,6,26,15,0,644,674,171,33,1.3,910
2014,6,26,16,0,431,507,171,31,1.4000000000000001,910
2014,6,26,17,0,172,190,116,29,1.9000000000000001,910
2014,6,26,18,0,6,0,6,27,2.6,920
2014,6,26,19,0,0,0,0,26,3.1,920
2014,6,26,20,0,0,0,0,25,3.4000000000000004,920
2014,6,26,21,0,0,0,0,24,3.3000000000000003,920
2014,6,26,22,0,0,0,0,24,3.3000000000000003,920
2014,6,26,23,0,0,0,0,23,3.2,920
2014,6,27,0,0,0,0,0,23,3.1,920
2014,6,27,1,0,0,0,0,22,3.1,920
2014,6,27,2,0,0,0,0,22,3,920
2014,6,27,3,0,0,0,0,22,2.9000000000000004,920
2014,6,27,4,0,0,0,0,22,2.7,920
2014,6,27,5,0,0,0,0,22,2.6,920
2014,6,27,6,0,37,0,37,23,2.6,920
2014,6,27,7,0,178,92,146,24,2.6,920
2014,6,27,8,0,423,343,230,27,2.3000000000000003,920
2014,6,27,9,0,682,683,175,29,2,920
2014,6,27,10,0,837,737,190,31,1.5,920
2014,6,27,11,0,932,764,198,31,1.1,920
2014,6,27,12,0,959,771,200,31,0.5,920
2014,6,27,13,0,915,760,197,31,0.2,920
2014,6,27,14,0,790,704,192,30,0.4,920
2014,6,27,15,0,637,665,170,30,0.5,920
2014,6,27,16,0,399,369,210,29,0.6000000000000001,920
2014,6,27,17,0,118,33,108,28,0.9,920
2014,6,27,18,0,4,0,4,27,1.3,920
2014,6,27,19,0,0,0,0,27,1.6,920
2014,6,27,20,0,0,0,0,26,1.8,920
2014,6,27,21,0,0,0,0,25,1.9000000000000001,920
2014,6,27,22,0,0,0,0,25,2,920
2014,6,27,23,0,0,0,0,24,2.1,920
2014,6,28,0,0,0,0,0,24,2.3000000000000003,920
2014,6,28,1,0,0,0,0,23,2.5,920
2014,6,28,2,0,0,0,0,23,2.4000000000000004,920
2014,6,28,3,0,0,0,0,22,2.3000000000000003,920
2014,6,28,4,0,0,0,0,22,2.2,920
2014,6,28,5,0,0,0,0,22,2.2,920
2014,6,28,6,0,40,7,39,23,2.3000000000000003,920
2014,6,28,7,0,248,312,139,24,2.3000000000000003,920
2014,6,28,8,0,389,281,231,26,2.2,920
2014,6,28,9,0,509,234,335,27,2,920
2014,6,28,10,0,792,606,260,28,1.7000000000000002,920
2014,6,28,11,0,914,710,232,28,1.4000000000000001,920
2014,6,28,12,0,931,696,246,28,1.2000000000000002,920
2014,6,28,13,0,875,637,272,28,1.2000000000000002,920
2014,6,28,14,0,751,597,243,28,1.4000000000000001,920
2014,6,28,15,0,546,366,289,27,1.8,910
2014,6,28,16,0,327,200,224,26,2,910
2014,6,28,17,0,56,0,56,26,2,920
2014,6,28,18,0,4,0,4,25,2.1,920
2014,6,28,19,0,0,0,0,25,2.2,920
2014,6,28,20,0,0,0,0,24,2.3000000000000003,920
2014,6,28,21,0,0,0,0,24,2.5,920
2014,6,28,22,0,0,0,0,23,2.6,920
2014,6,28,23,0,0,0,0,22,2.8000000000000003,920
2014,6,29,0,0,0,0,0,22,2.9000000000000004,920
2014,6,29,1,0,0,0,0,22,3,920
2014,6,29,2,0,0,0,0,22,3,920
2014,6,29,3,0,0,0,0,22,3,920
2014,6,29,4,0,0,0,0,22,3.1,920
2014,6,29,5,0,0,0,0,22,3,920
2014,6,29,6,0,26,0,26,22,3,920
2014,6,29,7,0,247,311,139,24,3.1,920
2014,6,29,8,0,466,561,152,26,3.2,920
2014,6,29,9,0,653,610,201,29,2.9000000000000004,920
2014,6,29,10,0,811,666,227,31,2.6,920
2014,6,29,11,0,935,767,198,31,2.4000000000000004,920
2014,6,29,12,0,932,683,260,31,2.3000000000000003,910
2014,6,29,13,0,906,713,231,30,2.2,910
2014,6,29,14,0,736,567,253,30,2.4000000000000004,910
2014,6,29,15,0,638,666,170,29,2.7,910
2014,6,29,16,0,424,459,188,28,3,910
2014,6,29,17,0,91,0,91,26,3.3000000000000003,910
2014,6,29,18,0,4,0,4,25,3.6,920
2014,6,29,19,0,0,0,0,24,3.8000000000000003,920
2014,6,29,20,0,0,0,0,23,3.8000000000000003,920
2014,6,29,21,0,0,0,0,23,3.8000000000000003,920
2014,6,29,22,0,0,0,0,22,3.7,920
2014,6,29,23,0,0,0,0,22,3.7,920
2014,6,30,0,0,0,0,0,21,3.8000000000000003,910
2014,6,30,1,0,0,0,0,21,3.8000000000000003,910
2014,6,30,2,0,0,0,0,21,3.7,910
2014,6,30,3,0,0,0,0,21,3.5,910
2014,6,30,4,0,0,0,0,21,3.2,910
2014,6,30,5,0,0,0,0,21,2.9000000000000004,920
2014,6,30,6,0,38,4,37,22,2.8000000000000003,920
2014,6,30,7,0,160,48,143,24,2.7,920
2014,6,30,8,0,355,170,260,27,2.8000000000000003,920
2014,6,30,9,0,571,350,312,30,2.9000000000000004,920
2014,6,30,10,0,779,598,254,31,2.9000000000000004,920
2014,6,30,11,0,914,713,229,32,3,910
2014,6,30,12,0,939,723,227,32,3,910
2014,6,30,13,0,907,755,192,31,3,910
2014,6,30,14,0,793,694,202,31,3.2,910
2014,6,30,15,0,603,583,192,30,3.5,910
2014,6,30,16,0,428,554,143,28,3.7,910
2014,6,30,17,0,96,0,96,26,3.6,920
2014,6,30,18,0,4,0,4,25,3.7,920
2014,6,30,19,0,0,0,0,24,3.6,920
2014,6,30,20,0,0,0,0,23,3.5,920
2014,6,30,21,0,0,0,0,23,3.4000000000000004,920
2014,6,30,22,0,0,0,0,23,3.4000000000000004,920
2014,6,30,23,0,0,0,0,22,3.4000000000000004,920
2014,7,1,0,0,0,0,0,22,3.5,920
2014,7,1,1,0,0,0,0,22,3.5,920
2014,7,1,2,0,0,0,0,22,3.5,920
2014,7,1,3,0,0,0,0,21,3.5,910
2014,7,1,4,0,0,0,0,21,3.3000000000000003,920
2014,7,1,5,0,0,0,0,21,3.1,920
2014,7,1,6,0,38,5,37,22,3,920
2014,7,1,7,0,253,357,130,24,3.1,920
2014,7,1,8,0,482,615,138,25,3.4000000000000004,920
2014,7,1,9,0,683,707,160,27,3.7,920
2014,7,1,10,0,839,759,173,28,3.9000000000000004,920
2014,7,1,11,0,935,785,181,29,3.9000000000000004,920
2014,7,1,12,0,963,792,183,30,3.9000000000000004,920
2014,7,1,13,0,919,781,179,30,3.8000000000000003,910
2014,7,1,14,0,809,749,171,29,3.8000000000000003,910
2014,7,1,15,0,642,690,156,28,3.7,910
2014,7,1,16,0,416,527,144,27,3.7,910
2014,7,1,17,0,210,392,94,25,3.5,920
2014,7,1,18,0,15,0,15,24,3.6,920
2014,7,1,19,0,0,0,0,23,3.7,920
2014,7,1,20,0,0,0,0,23,3.7,920
2014,7,1,21,0,0,0,0,23,3.7,920
2014,7,1,22,0,0,0,0,22,3.8000000000000003,920
2014,7,1,23,0,0,0,0,22,3.9000000000000004,920
2014,7,2,0,0,0,0,0,22,4,920
2014,7,2,1,0,0,0,0,21,4,920
2014,7,2,2,0,0,0,0,21,3.9000000000000004,920
2014,7,2,3,0,0,0,0,21,3.9000000000000004,920
2014,7,2,4,0,0,0,0,20,3.9000000000000004,920
2014,7,2,5,0,0,0,0,20,3.9000000000000004,920
2014,7,2,6,0,41,20,38,21,3.8000000000000003,920
2014,7,2,7,0,217,233,137,24,4.1000000000000005,920
2014,7,2,8,0,367,168,273,26,4.3,920
2014,7,2,9,0,562,339,311,29,4.3,920
2014,7,2,10,0,793,646,226,31,4.1000000000000005,920
2014,7,2,11,0,852,606,270,31,4,920
2014,7,2,12,0,964,793,183,31,4.1000000000000005,920
2014,7,2,13,0,920,782,179,31,4.2,910
2014,7,2,14,0,788,688,201,30,4.3,910
2014,7,2,15,0,643,691,156,28,4.4,910
2014,7,2,16,0,435,586,132,27,4.2,920
2014,7,2,17,0,194,287,108,26,3.8000000000000003,920
2014,7,2,18,0,5,0,5,25,3.6,920
2014,7,2,19,0,0,0,0,24,3.7,920
2014,7,2,20,0,0,0,0,24,3.8000000000000003,920
2014,7,2,21,0,0,0,0,23,4,920
2014,7,2,22,0,0,0,0,22,4,920
2014,7,2,23,0,0,0,0,22,4.1000000000000005,920
2014,7,3,0,0,0,0,0,21,4.1000000000000005,910
2014,7,3,1,0,0,0,0,21,4.2,910
2014,7,3,2,0,0,0,0,20,4.1000000000000005,910
2014,7,3,3,0,0,0,0,20,4,910
2014,7,3,4,0,0,0,0,20,3.9000000000000004,910
2014,7,3,5,0,0,0,0,20,3.7,920
2014,7,3,6,0,40,18,37,21,3.4000000000000004,920
2014,7,3,7,0,251,355,129,24,3.4000000000000004,920
2014,7,3,8,0,366,221,243,27,3.6,920
2014,7,3,9,0,683,667,190,29,3.7,920
2014,7,3,10,0,846,766,174,31,3.6,920
2014,7,3,11,0,889,648,266,32,3.5,910
2014,7,3,12,0,948,752,207,33,3.4000000000000004,910
2014,7,3,13,0,929,789,181,33,3.3000000000000003,910
2014,7,3,14,0,818,758,172,33,3.4000000000000004,910
2014,7,3,15,0,614,626,172,32,3.6,910
2014,7,3,16,0,425,568,132,30,3.8000000000000003,910
2014,7,3,17,0,207,384,92,28,3.9000000000000004,910
2014,7,3,18,0,10,0,10,26,4.3,910
2014,7,3,19,0,0,0,0,25,4.5,910
2014,7,3,20,0,0,0,0,23,4.6000000000000005,920
2014,7,3,21,0,0,0,0,23,4.5,920
2014,7,3,22,0,0,0,0,22,4.4,920
2014,7,3,23,0,0,0,0,21,4.3,910
2014,7,4,0,0,0,0,0,21,4.2,910
2014,7,4,1,0,0,0,0,20,4.2,910
2014,7,4,2,0,0,0,0,20,4.1000000000000005,910
2014,7,4,3,0,0,0,0,20,4,910
2014,7,4,4,0,0,0,0,20,3.8000000000000003,910
2014,7,4,5,0,0,0,0,20,3.7,910
2014,7,4,6,0,43,34,39,21,3.5,910
2014,7,4,7,0,256,378,126,24,3.6,920
2014,7,4,8,0,365,199,254,27,4.2,920
2014,7,4,9,0,583,388,296,29,4.4,920
2014,7,4,10,0,800,625,252,31,4.5,910
2014,7,4,11,0,897,630,292,32,4.4,910
2014,7,4,12,0,679,301,382,33,4.2,910
2014,7,4,13,0,904,680,259,33,4.1000000000000005,910
2014,7,4,14,0,675,395,338,32,4,910
2014,7,4,15,0,632,602,207,30,4.1000000000000005,910
2014,7,4,16,0,398,363,210,28,4.1000000000000005,910
2014,7,4,17,0,96,0,96,27,3.9000000000000004,910
2014,7,4,18,0,8,0,8,25,3.9000000000000004,910
2014,7,4,19,0,0,0,0,24,3.8000000000000003,910
2014,7,4,20,0,0,0,0,24,3.6,920
2014,7,4,21,0,0,0,0,23,3.6,920
2014,7,4,22,0,0,0,0,22,3.9000000000000004,920
2014,7,4,23,0,0,0,0,22,4.3,910
2014,7,5,0,0,0,0,0,22,4.6000000000000005,910
2014,7,5,1,0,0,0,0,22,4.6000000000000005,910
2014,7,5,2,0,0,0,0,21,4.3,910
2014,7,5,3,0,0,0,0,21,4.1000000000000005,910
2014,7,5,4,0,0,0,0,21,4,910
2014,7,5,5,0,0,0,0,21,3.9000000000000004,910
2014,7,5,6,0,47,53,41,22,3.7,910
2014,7,5,7,0,220,268,128,24,3.9000000000000004,910
2014,7,5,8,0,478,613,138,26,4,920
2014,7,5,9,0,456,168,332,27,4.1000000000000005,920
2014,7,5,10,0,460,84,386,29,3.9000000000000004,910
2014,7,5,11,0,473,52,423,29,3.7,910
2014,7,5,12,0,431,48,383,29,3.6,910
2014,7,5,13,0,630,231,410,28,3.7,910
2014,7,5,14,0,461,95,379,27,3.8000000000000003,910
2014,7,5,15,0,552,380,283,27,4,910
2014,7,5,16,0,377,325,209,26,3.9000000000000004,910
2014,7,5,17,0,106,11,102,25,3.9000000000000004,910
2014,7,5,18,0,6,0,6,24,4,910
2014,7,5,19,0,0,0,0,23,4.1000000000000005,920
2014,7,5,20,0,0,0,0,23,4.2,920
2014,7,5,21,0,0,0,0,22,4.2,920
2014,7,5,22,0,0,0,0,22,4.2,920
2014,7,5,23,0,0,0,0,22,4,920
2014,7,6,0,0,0,0,0,22,3.9000000000000004,920
2014,7,6,1,0,0,0,0,21,3.8000000000000003,910
2014,7,6,2,0,0,0,0,21,3.8000000000000003,910
2014,7,6,3,0,0,0,0,21,3.7,910
2014,7,6,4,0,0,0,0,21,3.7,910
2014,7,6,5,0,0,0,0,21,3.6,920
2014,7,6,6,0,34,0,34,22,3.6,920
2014,7,6,7,0,141,18,134,23,3.8000000000000003,920
2014,7,6,8,0,206,9,201,25,3.9000000000000004,920
2014,7,6,9,0,333,27,313,26,4,920
2014,7,6,10,0,479,99,392,27,4.1000000000000005,920
2014,7,6,11,0,426,50,377,28,4.1000000000000005,920
2014,7,6,12,0,356,29,327,28,4.2,920
2014,7,6,13,0,493,64,432,28,4.2,910
2014,7,6,14,0,442,50,399,27,4.3,910
2014,7,6,15,0,419,145,316,27,4.3,910
2014,7,6,16,0,90,0,90,26,4.1000000000000005,910
2014,7,6,17,0,74,0,74,24,3.7,920
2014,7,6,18,0,8,0,8,24,3.6,920
2014,7,6,19,0,0,0,0,23,3.5,920
2014,7,6,20,0,0,0,0,23,3.6,920
2014,7,6,21,0,0,0,0,22,3.7,920
2014,7,6,22,0,0,0,0,22,3.8000000000000003,920
2014,7,6,23,0,0,0,0,22,3.8000000000000003,920
2014,7,7,0,0,0,0,0,22,3.7,920
2014,7,7,1,0,0,0,0,21,3.7,920
2014,7,7,2,0,0,0,0,21,3.5,920
2014,7,7,3,0,0,0,0,21,3.3000000000000003,920
2014,7,7,4,0,0,0,0,20,3.3000000000000003,920
2014,7,7,5,0,0,0,0,20,3.3000000000000003,920
2014,7,7,6,0,37,8,36,21,3.3000000000000003,920
2014,7,7,7,0,166,66,143,24,3.5,920
2014,7,7,8,0,370,177,271,26,3.8000000000000003,920
2014,7,7,9,0,496,206,344,28,3.8000000000000003,920
2014,7,7,10,0,706,428,331,29,3.6,920
2014,7,7,11,0,626,213,421,30,3.4000000000000004,920
2014,7,7,12,0,506,85,422,30,3.3000000000000003,910
2014,7,7,13,0,568,147,428,30,3.1,910
2014,7,7,14,0,546,187,386,30,3.2,910
2014,7,7,15,0,492,271,300,28,3.4000000000000004,910
2014,7,7,16,0,128,0,128,26,3.4000000000000004,910
2014,7,7,17,0,161,140,119,25,3.6,910
2014,7,7,18,0,5,0,5,24,3.9000000000000004,920
2014,7,7,19,0,0,0,0,23,4.1000000000000005,920
2014,7,7,20,0,0,0,0,22,4.1000000000000005,920
2014,7,7,21,0,0,0,0,22,4,920
2014,7,7,22,0,0,0,0,22,4,920
2014,7,7,23,0,0,0,0,21,4.1000000000000005,920
2014,7,8,0,0,0,0,0,21,4.1000000000000005,920
2014,7,8,1,0,0,0,0,21,4.1000000000000005,920
2014,7,8,2,0,0,0,0,21,4,910
2014,7,8,3,0,0,0,0,20,4,910
2014,7,8,4,0,0,0,0,20,4.1000000000000005,910
2014,7,8,5,0,0,0,0,20,4.1000000000000005,910
2014,7,8,6,0,30,0,30,21,4,920
2014,7,8,7,0,80,0,80,22,4,920
2014,7,8,8,0,247,32,229,24,4.3,920
2014,7,8,9,0,429,126,336,27,4.7,920
2014,7,8,10,0,442,51,397,28,4.800000000000001,920
2014,7,8,11,0,585,161,430,30,5,920
2014,7,8,12,0,767,350,421,31,5.1000000000000005,910
2014,7,8,13,0,351,43,310,31,5.300000000000001,910
2014,7,8,14,0,484,114,386,30,5.5,910
2014,7,8,15,0,348,39,320,28,5.5,910
2014,7,8,16,0,298,103,244,27,5.4,910
2014,7,8,17,0,155,76,132,25,5.1000000000000005,910
2014,7,8,18,0,6,0,6,24,4.800000000000001,920
2014,7,8,19,0,0,0,0,23,4.800000000000001,920
2014,7,8,20,0,0,0,0,23,4.7,920
2014,7,8,21,0,0,0,0,22,4.6000000000000005,920
2014,7,8,22,0,0,0,0,22,4.5,920
2014,7,8,23,0,0,0,0,22,4.4,920
2014,7,9,0,0,0,0,0,21,4.3,910
2014,7,9,1,0,0,0,0,21,4.3,910
2014,7,9,2,0,0,0,0,21,4.3,910
2014,7,9,3,0,0,0,0,21,4.4,910
2014,7,9,4,0,0,0,0,21,4.5,910
2014,7,9,5,0,0,0,0,21,4.6000000000000005,910
2014,7,9,6,0,47,67,39,21,4.5,910
2014,7,9,7,0,251,439,103,22,4.6000000000000005,920
2014,7,9,8,0,468,587,143,23,4.9,920
2014,7,9,9,0,574,372,300,24,5.1000000000000005,920
2014,7,9,10,0,794,628,244,26,5.4,920
2014,7,9,11,0,679,293,397,27,5.6000000000000005,910
2014,7,9,12,0,554,132,423,28,5.7,910
2014,7,9,13,0,791,478,336,28,5.7,910
2014,7,9,14,0,593,258,372,27,5.7,910
2014,7,9,15,0,394,107,318,26,5.5,910
2014,7,9,16,0,312,162,227,25,5.2,910
2014,7,9,17,0,71,0,71,24,4.800000000000001,920
2014,7,9,18,0,5,0,5,23,4.6000000000000005,920
2014,7,9,19,0,0,0,0,22,4.6000000000000005,920
2014,7,9,20,0,0,0,0,22,4.5,920
2014,7,9,21,0,0,0,0,21,4.5,920
2014,7,9,22,0,0,0,0,21,4.6000000000000005,920
2014,7,9,23,0,0,0,0,21,4.800000000000001,920
2014,7,10,0,0,0,0,0,20,5,910
2014,7,10,1,0,0,0,0,20,5,910
2014,7,10,2,0,0,0,0,20,5.1000000000000005,910
2014,7,10,3,0,0,0,0,20,5.300000000000001,910
2014,7,10,4,0,0,0,0,20,5.5,920
2014,7,10,5,0,0,0,0,20,5.6000000000000005,920
2014,7,10,6,0,35,4,34,21,5.6000000000000005,920
2014,7,10,7,0,153,48,136,22,5.800000000000001,920
2014,7,10,8,0,317,118,251,24,6.1000000000000005,920
2014,7,10,9,0,603,431,285,26,6.1000000000000005,920
2014,7,10,10,0,526,144,399,27,6.2,920
2014,7,10,11,0,687,307,391,27,6.2,920
2014,7,10,12,0,508,86,423,27,6.1000000000000005,920
2014,7,10,13,0,665,283,395,27,6,910
2014,7,10,14,0,610,286,365,26,6.1000000000000005,910
2014,7,10,15,0,337,72,285,26,6,910
2014,7,10,16,0,339,223,223,25,5.6000000000000005,910
2014,7,10,17,0,80,0,80,24,5.1000000000000005,920
2014,7,10,18,0,5,0,5,23,4.9,920
2014,7,10,19,0,0,0,0,22,4.800000000000001,920
2014,7,10,20,0,0,0,0,21,4.800000000000001,920
2014,7,10,21,0,0,0,0,21,4.9,920
2014,7,10,22,0,0,0,0,21,5.1000000000000005,920
2014,7,10,23,0,0,0,0,20,5.300000000000001,920
2014,7,11,0,0,0,0,0,20,5.5,920
2014,7,11,1,0,0,0,0,20,5.6000000000000005,920
2014,7,11,2,0,0,0,0,20,5.7,910
2014,7,11,3,0,0,0,0,20,5.7,910
2014,7,11,4,0,0,0,0,20,5.6000000000000005,920
2014,7,11,5,0,0,0,0,20,5.5,920
2014,7,11,6,0,46,63,39,21,5.4,920
2014,7,11,7,0,147,37,134,21,5.4,920
2014,7,11,8,0,230,16,221,23,5.7,920
2014,7,11,9,0,397,85,334,24,6,920
2014,7,11,10,0,474,81,403,26,6.300000000000001,920
2014,7,11,11,0,533,83,453,27,6.6000000000000005,920
2014,7,11,12,0,625,187,440,29,6.9,920
2014,7,11,13,0,705,325,395,29,7,920
2014,7,11,14,0,808,642,257,29,7.2,910
2014,7,11,15,0,431,159,318,28,7.2,910
2014,7,11,16,0,442,593,133,27,6.800000000000001,920
2014,7,11,17,0,134,61,115,25,5.9,920
2014,7,11,18,0,5,0,5,23,5.7,920
2014,7,11,19,0,0,0,0,22,5.800000000000001,920
2014,7,11,20,0,0,0,0,21,5.800000000000001,920
2014,7,11,21,0,0,0,0,21,5.9,920
2014,7,11,22,0,0,0,0,21,5.9,920
2014,7,11,23,0,0,0,0,20,6,920
2014,7,12,0,0,0,0,0,20,6.1000000000000005,920
2014,7,12,1,0,0,0,0,20,6.300000000000001,920
2014,7,12,2,0,0,0,0,20,6.5,910
2014,7,12,3,0,0,0,0,20,6.5,910
2014,7,12,4,0,0,0,0,20,6.300000000000001,910
2014,7,12,5,0,0,0,0,20,6.1000000000000005,920
2014,7,12,6,0,45,61,38,22,5.9,920
2014,7,12,7,0,131,18,124,24,5.9,920
2014,7,12,8,0,214,23,201,26,6.300000000000001,920
2014,7,12,9,0,546,291,331,28,6.7,920
2014,7,12,10,0,500,128,387,30,7,920
2014,7,12,11,0,797,470,345,31,7.4,910
2014,7,12,12,0,612,171,443,31,7.7,910
2014,7,12,13,0,676,299,391,30,7.9,910
2014,7,12,14,0,428,84,355,29,7.9,910
2014,7,12,15,0,576,428,272,28,7.800000000000001,910
2014,7,12,16,0,159,2,157,27,7.300000000000001,910
2014,7,12,17,0,94,0,94,25,6.6000000000000005,910
2014,7,12,18,0,5,0,5,23,6.1000000000000005,920
2014,7,12,19,0,0,0,0,22,6,920
2014,7,12,20,0,0,0,0,22,5.9,920
2014,7,12,21,0,0,0,0,21,6,920
2014,7,12,22,0,0,0,0,21,6.1000000000000005,920
2014,7,12,23,0,0,0,0,21,6.2,920
2014,7,13,0,0,0,0,0,21,6.5,910
2014,7,13,1,0,0,0,0,21,6.9,910
2014,7,13,2,0,0,0,0,21,7.2,910
2014,7,13,3,0,0,0,0,21,7.2,910
2014,7,13,4,0,0,0,0,21,7.1000000000000005,910
2014,7,13,5,0,0,0,0,21,7,910
2014,7,13,6,0,33,1,32,23,6.9,920
2014,7,13,7,0,156,53,138,24,7,920
2014,7,13,8,0,316,98,262,26,7.2,920
2014,7,13,9,0,410,99,337,27,7.300000000000001,920
2014,7,13,10,0,462,83,389,28,7.2,920
2014,7,13,11,0,502,44,459,29,7.1000000000000005,910
2014,7,13,12,0,448,38,410,29,6.9,910
2014,7,13,13,0,500,66,437,28,6.800000000000001,910
2014,7,13,14,0,489,118,387,27,6.7,910
2014,7,13,15,0,267,27,247,27,6.7,910
2014,7,13,16,0,308,153,228,25,6.4,910
2014,7,13,17,0,194,274,111,24,6,910
2014,7,13,18,0,5,0,5,23,5.9,920
2014,7,13,19,0,0,0,0,23,5.7,920
2014,7,13,20,0,0,0,0,22,5.7,920
2014,7,13,21,0,0,0,0,22,5.6000000000000005,920
2014,7,13,22,0,0,0,0,21,5.800000000000001,920
2014,7,13,23,0,0,0,0,21,6,920
2014,7,14,0,0,0,0,0,21,6.1000000000000005,910
2014,7,14,1,0,0,0,0,21,6.2,910
2014,7,14,2,0,0,0,0,21,6.1000000000000005,910
2014,7,14,3,0,0,0,0,21,6,910
2014,7,14,4,0,0,0,0,21,6,910
2014,7,14,5,0,0,0,0,21,6,910
2014,7,14,6,0,36,11,34,22,6,920
2014,7,14,7,0,145,36,132,24,6.2,920
2014,7,14,8,0,422,372,217,26,6.800000000000001,920
2014,7,14,9,0,618,532,226,28,7,920
2014,7,14,10,0,702,412,341,29,7.300000000000001,910
2014,7,14,11,0,939,788,181,30,7.4,910
2014,7,14,12,0,658,261,400,30,7.4,910
2014,7,14,13,0,469,104,369,29,7.300000000000001,910
2014,7,14,14,0,615,291,365,28,7.300000000000001,910
2014,7,14,15,0,546,356,292,27,7,910
2014,7,14,16,0,270,81,227,26,6.6000000000000005,910
2014,7,14,17,0,141,48,126,25,6,910
2014,7,14,18,0,5,0,5,24,5.800000000000001,910
2014,7,14,19,0,0,0,0,23,5.7,920
2014,7,14,20,0,0,0,0,22,5.6000000000000005,920
2014,7,14,21,0,0,0,0,22,5.7,920
2014,7,14,22,0,0,0,0,22,5.9,910
2014,7,14,23,0,0,0,0,21,5.9,910
2014,7,15,0,0,0,0,0,21,5.9,910
2014,7,15,1,0,0,0,0,21,6,910
2014,7,15,2,0,0,0,0,21,6,910
2014,7,15,3,0,0,0,0,21,6,910
2014,7,15,4,0,0,0,0,21,6,910
2014,7,15,5,0,0,0,0,21,6,910
2014,7,15,6,0,32,0,32,22,5.9,910
2014,7,15,7,0,177,116,138,24,6.4,910
2014,7,15,8,0,250,35,230,26,6.800000000000001,920
2014,7,15,9,0,442,143,336,28,6.800000000000001,920
2014,7,15,10,0,356,40,320,28,6.800000000000001,920
2014,7,15,11,0,576,151,430,29,6.800000000000001,910
2014,7,15,12,0,785,417,372,29,6.800000000000001,910
2014,7,15,13,0,577,158,426,28,6.800000000000001,910
2014,7,15,14,0,380,31,353,27,6.800000000000001,910
2014,7,15,15,0,257,11,249,26,6.800000000000001,910
2014,7,15,16,0,136,0,136,25,6.6000000000000005,910
2014,7,15,17,0,68,0,68,24,6.4,910
2014,7,15,18,0,5,0,5,23,6.4,910
2014,7,15,19,0,0,0,0,22,6.300000000000001,920
2014,7,15,20,0,0,0,0,22,5.9,920
2014,7,15,21,0,0,0,0,21,5.5,920
2014,7,15,22,0,0,0,0,21,5.5,920
2014,7,15,23,0,0,0,0,21,5.5,920
2014,7,16,0,0,0,0,0,20,5.5,910
2014,7,16,1,0,0,0,0,20,5.4,910
2014,7,16,2,0,0,0,0,20,5.4,910
2014,7,16,3,0,0,0,0,20,5.6000000000000005,910
2014,7,16,4,0,0,0,0,20,5.800000000000001,910
2014,7,16,5,0,0,0,0,20,6,920
2014,7,16,6,0,35,8,34,22,6.2,920
2014,7,16,7,0,177,95,145,24,6.4,920
2014,7,16,8,0,341,134,267,26,6.9,920
2014,7,16,9,0,436,136,336,28,7.2,920
2014,7,16,10,0,368,26,345,29,7.2,920
2014,7,16,11,0,443,82,364,30,7.2,910
2014,7,16,12,0,827,535,297,31,7.2,910
2014,7,16,13,0,392,65,329,31,7.1000000000000005,910
2014,7,16,14,0,819,753,171,30,7,910
2014,7,16,15,0,631,604,201,29,6.7,910
2014,7,16,16,0,331,179,237,27,6.2,910
2014,7,16,17,0,195,279,111,25,5.5,920
2014,7,16,18,0,6,0,6,24,5,920
2014,7,16,19,0,0,0,0,23,4.800000000000001,920
2014,7,16,20,0,0,0,0,22,4.800000000000001,920
2014,7,16,21,0,0,0,0,22,4.800000000000001,920
2014,7,16,22,0,0,0,0,21,4.800000000000001,920
2014,7,16,23,0,0,0,0,21,4.800000000000001,920
2014,7,17,0,0,0,0,0,21,4.800000000000001,920
2014,7,17,1,0,0,0,0,21,4.9,920
2014,7,17,2,0,0,0,0,20,5,920
2014,7,17,3,0,0,0,0,20,5.1000000000000005,920
2014,7,17,4,0,0,0,0,20,5.1000000000000005,920
2014,7,17,5,0,0,0,0,20,5.1000000000000005,920
2014,7,17,6,0,34,12,32,21,4.9,920
2014,7,17,7,0,200,188,137,24,5,920
2014,7,17,8,0,388,318,213,26,5.5,920
2014,7,17,9,0,534,286,323,29,5.6000000000000005,920
2014,7,17,10,0,464,95,380,30,5.5,920
2014,7,17,11,0,865,630,258,31,5.5,920
2014,7,17,12,0,871,533,343,31,5.7,910
2014,7,17,13,0,405,62,345,31,5.9,910
2014,7,17,14,0,487,114,388,30,6,910
2014,7,17,15,0,551,342,307,29,5.9,910
2014,7,17,16,0,214,31,197,27,5.6000000000000005,910
2014,7,17,17,0,125,20,118,26,5.2,910
2014,7,17,18,0,17,0,17,24,4.7,920
2014,7,17,19,0,0,0,0,23,4.6000000000000005,920
2014,7,17,20,0,0,0,0,23,4.6000000000000005,920
2014,7,17,21,0,0,0,0,22,4.6000000000000005,920
2014,7,17,22,0,0,0,0,22,4.800000000000001,920
2014,7,17,23,0,0,0,0,22,5,920
2014,7,18,0,0,0,0,0,21,5.2,920
2014,7,18,1,0,0,0,0,21,5.300000000000001,910
2014,7,18,2,0,0,0,0,21,5.300000000000001,910
2014,7,18,3,0,0,0,0,21,5.4,910
2014,7,18,4,0,0,0,0,21,5.5,910
2014,7,18,5,0,0,0,0,21,5.6000000000000005,910
2014,7,18,6,0,37,29,34,22,5.5,920
2014,7,18,7,0,212,258,126,24,5.5,920
2014,7,18,8,0,442,483,176,26,5.800000000000001,920
2014,7,18,9,0,634,599,193,29,5.9,920
2014,7,18,10,0,744,568,246,30,5.800000000000001,920
2014,7,18,11,0,829,567,282,31,5.7,920
2014,7,18,12,0,974,756,225,31,5.7,910
2014,7,18,13,0,370,55,317,30,5.7,910
2014,7,18,14,0,552,189,389,29,5.7,910
2014,7,18,15,0,383,92,317,27,5.7,910
2014,7,18,16,0,146,0,146,26,5.5,910
2014,7,18,17,0,141,78,117,24,5.2,920
2014,7,18,18,0,5,0,5,23,5.1000000000000005,920
2014,7,18,19,0,0,0,0,23,4.800000000000001,920
2014,7,18,20,0,0,0,0,22,4.7,920
2014,7,18,21,0,0,0,0,22,4.9,920
2014,7,18,22,0,0,0,0,22,5.1000000000000005,920
2014,7,18,23,0,0,0,0,21,5.300000000000001,920
2014,7,19,0,0,0,0,0,21,5.5,920
2014,7,19,1,0,0,0,0,21,5.6000000000000005,910
2014,7,19,2,0,0,0,0,21,5.7,910
2014,7,19,3,0,0,0,0,21,5.9,910
2014,7,19,4,0,0,0,0,21,6,910
2014,7,19,5,0,0,0,0,21,6.2,910
2014,7,19,6,0,29,0,29,22,6.300000000000001,920
2014,7,19,7,0,137,17,131,23,6.4,920
2014,7,19,8,0,250,25,236,25,6.7,920
2014,7,19,9,0,226,8,220,27,7,920
2014,7,19,10,0,410,38,376,28,7.2,920
2014,7,19,11,0,375,24,351,29,7.300000000000001,920
2014,7,19,12,0,400,38,362,29,7.2,910
2014,7,19,13,0,554,151,409,29,7.2,910
2014,7,19,14,0,295,24,274,28,7.2,910
2014,7,19,15,0,446,178,319,27,7.1000000000000005,910
2014,7,19,16,0,226,40,205,26,6.6000000000000005,910
2014,7,19,17,0,171,173,119,25,6,920
2014,7,19,18,0,5,0,5,24,5.7,920
2014,7,19,19,0,0,0,0,23,5.6000000000000005,920
2014,7,19,20,0,0,0,0,22,5.6000000000000005,920
2014,7,19,21,0,0,0,0,22,5.6000000000000005,920
2014,7,19,22,0,0,0,0,22,5.800000000000001,920
2014,7,19,23,0,0,0,0,21,6,920
2014,7,20,0,0,0,0,0,21,6.2,920
2014,7,20,1,0,0,0,0,21,6.4,920
2014,7,20,2,0,0,0,0,21,6.5,910
2014,7,20,3,0,0,0,0,21,6.4,910
2014,7,20,4,0,0,0,0,21,6.4,920
2014,7,20,5,0,0,0,0,21,6.300000000000001,920
2014,7,20,6,0,29,0,29,22,6.1000000000000005,920
2014,7,20,7,0,158,62,137,23,6,920
2014,7,20,8,0,296,77,253,24,6,920
2014,7,20,9,0,492,218,331,25,6.1000000000000005,920
2014,7,20,10,0,441,51,396,26,6.2,920
2014,7,20,11,0,654,248,414,27,6.2,920
2014,7,20,12,0,652,217,436,27,6.2,920
2014,7,20,13,0,851,557,318,27,6.1000000000000005,920
2014,7,20,14,0,555,210,374,27,6.2,910
2014,7,20,15,0,604,491,253,26,6.1000000000000005,910
2014,7,20,16,0,215,31,198,25,5.7,920
2014,7,20,17,0,105,3,104,24,5.300000000000001,920
2014,7,20,18,0,8,0,8,23,5.1000000000000005,920
2014,7,20,19,0,0,0,0,22,4.9,920
2014,7,20,20,0,0,0,0,22,4.800000000000001,920
2014,7,20,21,0,0,0,0,21,4.9,920
2014,7,20,22,0,0,0,0,21,5,920
2014,7,20,23,0,0,0,0,21,5.1000000000000005,920
2014,7,21,0,0,0,0,0,21,5.300000000000001,920
2014,7,21,1,0,0,0,0,21,5.5,920
2014,7,21,2,0,0,0,0,20,5.6000000000000005,920
2014,7,21,3,0,0,0,0,20,5.7,920
2014,7,21,4,0,0,0,0,20,5.800000000000001,920
2014,7,21,5,0,0,0,0,21,5.9,920
2014,7,21,6,0,28,0,28,21,5.9,920
2014,7,21,7,0,158,73,133,22,5.9,920
2014,7,21,8,0,217,18,207,24,5.9,920
2014,7,21,9,0,369,56,327,25,6.1000000000000005,920
2014,7,21,10,0,534,151,401,27,6.2,920
2014,7,21,11,0,818,556,281,28,6.4,920
2014,7,21,12,0,974,797,183,29,6.5,920
2014,7,21,13,0,820,571,273,29,6.6000000000000005,910
2014,7,21,14,0,595,252,377,28,6.4,910
2014,7,21,15,0,441,162,325,27,6.2,910
2014,7,21,16,0,377,309,215,26,5.800000000000001,910
2014,7,21,17,0,177,147,132,24,5.300000000000001,920
2014,7,21,18,0,5,0,5,23,5,920
2014,7,21,19,0,0,0,0,22,4.800000000000001,920
2014,7,21,20,0,0,0,0,22,5,920
2014,7,21,21,0,0,0,0,21,5.2,920
2014,7,21,22,0,0,0,0,21,5.300000000000001,920
2014,7,21,23,0,0,0,0,20,5.4,920
2014,7,22,0,0,0,0,0,20,5.4,920
2014,7,22,1,0,0,0,0,20,5.4,920
2014,7,22,2,0,0,0,0,20,5.300000000000001,910
2014,7,22,3,0,0,0,0,20,5.2,910
2014,7,22,4,0,0,0,0,20,5.2,920
2014,7,22,5,0,0,0,0,20,5.2,920
2014,7,22,6,0,31,4,30,21,5.1000000000000005,920
2014,7,22,7,0,210,259,124,23,5.300000000000001,920
2014,7,22,8,0,375,251,237,24,5.800000000000001,920
2014,7,22,9,0,370,90,303,26,6.300000000000001,920
2014,7,22,10,0,651,307,381,27,6.800000000000001,920
2014,7,22,11,0,585,181,410,29,7,920
2014,7,22,12,0,962,707,260,29,7.2,910
2014,7,22,13,0,732,330,416,29,7.2,910
2014,7,22,14,0,439,91,360,28,7.300000000000001,910
2014,7,22,15,0,640,563,238,27,7.300000000000001,910
2014,7,22,16,0,328,172,238,26,7.1000000000000005,910
2014,7,22,17,0,136,58,118,24,6.5,920
2014,7,22,18,0,5,0,5,23,6.4,920
2014,7,22,19,0,0,0,0,22,6.4,920
2014,7,22,20,0,0,0,0,21,6.4,920
2014,7,22,21,0,0,0,0,21,6.6000000000000005,920
2014,7,22,22,0,0,0,0,21,6.7,920
2014,7,22,23,0,0,0,0,20,6.800000000000001,920
2014,7,23,0,0,0,0,0,20,6.800000000000001,910
2014,7,23,1,0,0,0,0,20,6.7,910
2014,7,23,2,0,0,0,0,20,6.5,910
2014,7,23,3,0,0,0,0,20,6.5,910
2014,7,23,4,0,0,0,0,20,6.4,910
2014,7,23,5,0,0,0,0,20,6.300000000000001,920
2014,7,23,6,0,31,3,30,22,6.1000000000000005,920
2014,7,23,7,0,192,138,146,23,6.5,920
2014,7,23,8,0,349,140,272,26,6.7,920
2014,7,23,9,0,447,149,337,28,7,920
2014,7,23,10,0,668,349,361,29,7.2,920
2014,7,23,11,0,751,385,379,30,7.300000000000001,920
2014,7,23,12,0,606,160,447,30,7.4,920
2014,7,23,13,0,617,203,422,30,7.5,910
2014,7,23,14,0,369,47,328,29,7.6000000000000005,910
2014,7,23,15,0,435,153,325,28,7.5,910
2014,7,23,16,0,363,253,231,26,7.2,920
2014,7,23,17,0,72,0,72,24,6.4,920
2014,7,23,18,0,4,0,4,23,6,920
2014,7,23,19,0,0,0,0,22,5.9,920
2014,7,23,20,0,0,0,0,21,5.9,920
2014,7,23,21,0,0,0,0,21,6,920
2014,7,23,22,0,0,0,0,21,6.1000000000000005,920
2014,7,23,23,0,0,0,0,20,6.2,920
2014,7,24,0,0,0,0,0,20,6.2,920
2014,7,24,1,0,0,0,0,20,6.2,920
2014,7,24,2,0,0,0,0,20,6,920
2014,7,24,3,0,0,0,0,20,5.9,920
2014,7,24,4,0,0,0,0,20,5.800000000000001,920
2014,7,24,5,0,0,0,0,20,5.7,920
2014,7,24,6,0,38,42,34,21,5.7,920
2014,7,24,7,0,141,50,124,23,6,920
2014,7,24,8,0,473,613,138,26,6.4,920
2014,7,24,9,0,482,200,335,28,6.800000000000001,920
2014,7,24,10,0,699,407,341,30,7,920
2014,7,24,11,0,792,499,310,31,7,920
2014,7,24,12,0,760,357,405,31,6.9,920
2014,7,24,13,0,695,324,384,30,6.9,920
2014,7,24,14,0,454,84,381,29,6.9,910
2014,7,24,15,0,503,267,312,28,6.800000000000001,910
2014,7,24,16,0,349,171,259,27,6.6000000000000005,920
2014,7,24,17,0,183,247,109,25,6.1000000000000005,920
2014,7,24,18,0,4,0,4,24,5.6000000000000005,920
2014,7,24,19,0,0,0,0,23,5.4,920
2014,7,24,20,0,0,0,0,22,5.2,920
2014,7,24,21,0,0,0,0,21,5.1000000000000005,920
2014,7,24,22,0,0,0,0,21,5.2,920
2014,7,24,23,0,0,0,0,20,5.300000000000001,920
2014,7,25,0,0,0,0,0,20,5.4,920
2014,7,25,1,0,0,0,0,20,5.4,920
2014,7,25,2,0,0,0,0,20,5.300000000000001,920
2014,7,25,3,0,0,0,0,20,5.1000000000000005,920
2014,7,25,4,0,0,0,0,20,5,920
2014,7,25,5,0,0,0,0,20,4.800000000000001,920
2014,7,25,6,0,30,0,30,21,4.5,920
2014,7,25,7,0,162,85,134,23,4.6000000000000005,920
2014,7,25,8,0,410,344,221,26,5,920
2014,7,25,9,0,525,291,311,29,5.300000000000001,920
2014,7,25,10,0,647,297,386,30,5.6000000000000005,920
2014,7,25,11,0,488,115,376,30,5.800000000000001,920
2014,7,25,12,0,705,294,413,30,6,920
2014,7,25,13,0,851,612,264,30,6.1000000000000005,920
2014,7,25,14,0,823,670,244,29,6.1000000000000005,910
2014,7,25,15,0,415,126,325,27,5.9,920
2014,7,25,16,0,294,95,244,26,5.6000000000000005,920
2014,7,25,17,0,170,128,131,25,5.1000000000000005,920
2014,7,25,18,0,4,0,4,24,4.800000000000001,920
2014,7,25,19,0,0,0,0,23,4.6000000000000005,920
2014,7,25,20,0,0,0,0,22,4.6000000000000005,920
2014,7,25,21,0,0,0,0,22,4.7,920
2014,7,25,22,0,0,0,0,21,4.7,920
2014,7,25,23,0,0,0,0,21,4.800000000000001,920
2014,7,26,0,0,0,0,0,21,4.6000000000000005,920
2014,7,26,1,0,0,0,0,21,4.5,920
2014,7,26,2,0,0,0,0,20,4.3,920
2014,7,26,3,0,0,0,0,20,4.2,920
2014,7,26,4,0,0,0,0,20,4.2,920
2014,7,26,5,0,0,0,0,20,4.2,920
2014,7,26,6,0,33,16,31,21,4.1000000000000005,920
2014,7,26,7,0,227,340,115,23,4.5,920
2014,7,26,8,0,362,204,250,26,4.9,920
2014,7,26,9,0,673,597,234,28,5,920
2014,7,26,10,0,655,312,381,29,5,920
2014,7,26,11,0,655,246,417,29,4.9,920
2014,7,26,12,0,968,719,253,29,4.7,920
2014,7,26,13,0,438,91,350,28,4.7,920
2014,7,26,14,0,715,485,296,27,4.6000000000000005,920
2014,7,26,15,0,577,455,252,26,4.4,920
2014,7,26,16,0,385,335,210,26,4.1000000000000005,920
2014,7,26,17,0,146,93,118,25,3.9000000000000004,920
2014,7,26,18,0,4,0,4,24,4,920
2014,7,26,19,0,0,0,0,23,4,920
2014,7,26,20,0,0,0,0,23,4,920
2014,7,26,21,0,0,0,0,22,4,920
2014,7,26,22,0,0,0,0,22,4.1000000000000005,920
2014,7,26,23,0,0,0,0,21,4.3,920
2014,7,27,0,0,0,0,0,21,4.6000000000000005,920
2014,7,27,1,0,0,0,0,21,4.7,920
2014,7,27,2,0,0,0,0,21,4.800000000000001,920
2014,7,27,3,0,0,0,0,20,4.9,920
2014,7,27,4,0,0,0,0,20,4.9,920
2014,7,27,5,0,0,0,0,20,4.9,920
2014,7,27,6,0,36,26,33,21,4.800000000000001,920
2014,7,27,7,0,178,106,143,23,5,920
2014,7,27,8,0,279,72,239,26,5.4,920
2014,7,27,9,0,476,176,346,28,5.7,920
2014,7,27,10,0,533,145,405,30,5.800000000000001,920
2014,7,27,11,0,564,132,436,30,5.9,920
2014,7,27,12,0,649,209,441,30,5.800000000000001,920
2014,7,27,13,0,808,545,285,30,5.800000000000001,920
2014,7,27,14,0,719,473,310,29,5.7,910
2014,7,27,15,0,168,8,162,27,5.5,920
2014,7,27,16,0,296,128,229,26,5,920
2014,7,27,17,0,124,28,115,25,4.5,920
2014,7,27,18,0,4,0,4,24,4.4,920
2014,7,27,19,0,0,0,0,23,4.5,920
2014,7,27,20,0,0,0,0,22,4.6000000000000005,920
2014,7,27,21,0,0,0,0,22,4.7,920
2014,7,27,22,0,0,0,0,21,4.800000000000001,920
2014,7,27,23,0,0,0,0,21,4.9,920
2014,7,28,0,0,0,0,0,21,4.9,920
2014,7,28,1,0,0,0,0,21,4.9,920
2014,7,28,2,0,0,0,0,20,4.9,920
2014,7,28,3,0,0,0,0,20,4.9,920
2014,7,28,4,0,0,0,0,20,4.800000000000001,920
2014,7,28,5,0,0,0,0,21,4.800000000000001,920
2014,7,28,6,0,32,10,31,22,4.7,920
2014,7,28,7,0,145,42,131,23,5,920
2014,7,28,8,0,286,68,248,25,5.2,920
2014,7,28,9,0,349,34,324,27,5.2,920
2014,7,28,10,0,502,117,399,28,5.2,920
2014,7,28,11,0,500,87,415,29,5.300000000000001,920
2014,7,28,12,0,795,377,420,29,5.5,910
2014,7,28,13,0,894,605,313,29,5.4,910
2014,7,28,14,0,544,191,379,29,5.4,910
2014,7,28,15,0,344,47,310,28,5.300000000000001,910
2014,7,28,16,0,183,6,179,27,5.2,910
2014,7,28,17,0,93,0,93,25,4.9,910
2014,7,28,18,0,4,0,4,24,4.800000000000001,920
2014,7,28,19,0,0,0,0,23,4.7,920
2014,7,28,20,0,0,0,0,22,4.7,920
2014,7,28,21,0,0,0,0,22,4.7,920
2014,7,28,22,0,0,0,0,22,4.7,920
2014,7,28,23,0,0,0,0,21,4.7,920
2014,7,29,0,0,0,0,0,21,4.800000000000001,920
2014,7,29,1,0,0,0,0,21,4.9,910
2014,7,29,2,0,0,0,0,21,4.9,910
2014,7,29,3,0,0,0,0,21,4.9,910
2014,7,29,4,0,0,0,0,21,4.7,910
2014,7,29,5,0,0,0,0,21,4.7,910
2014,7,29,6,0,35,36,31,22,4.6000000000000005,920
2014,7,29,7,0,234,377,111,24,4.9,920
2014,7,29,8,0,434,458,183,26,5.2,920
2014,7,29,9,0,539,293,323,28,5.4,920
2014,7,29,10,0,786,598,260,29,5.6000000000000005,920
2014,7,29,11,0,726,304,431,29,5.7,920
2014,7,29,12,0,467,60,407,29,5.800000000000001,910
2014,7,29,13,0,536,113,427,29,5.9,910
2014,7,29,14,0,382,27,358,28,5.9,910
2014,7,29,15,0,289,37,262,27,5.9,910
2014,7,29,16,0,443,594,134,26,5.7,910
2014,7,29,17,0,203,327,106,25,5.300000000000001,910
2014,7,29,18,0,7,0,7,24,5,920
2014,7,29,19,0,0,0,0,23,4.800000000000001,920
2014,7,29,20,0,0,0,0,22,4.6000000000000005,920
2014,7,29,21,0,0,0,0,22,4.4,920
2014,7,29,22,0,0,0,0,21,4.4,920
2014,7,29,23,0,0,0,0,21,4.5,920
2014,7,30,0,0,0,0,0,21,4.800000000000001,920
2014,7,30,1,0,0,0,0,21,4.9,910
2014,7,30,2,0,0,0,0,21,5,910
2014,7,30,3,0,0,0,0,21,4.9,910
2014,7,30,4,0,0,0,0,21,4.800000000000001,910
2014,7,30,5,0,0,0,0,21,4.7,920
2014,7,30,6,0,35,36,31,22,4.7,920
2014,7,30,7,0,234,383,109,24,5,920
2014,7,30,8,0,468,542,171,25,5.2,920
2014,7,30,9,0,534,284,325,26,5.6000000000000005,920
2014,7,30,10,0,577,203,398,26,5.9,920
2014,7,30,11,0,411,62,351,27,6.2,920
2014,7,30,12,0,770,338,433,27,6.4,910
2014,7,30,13,0,566,141,430,27,6.7,910
2014,7,30,14,0,321,30,295,26,6.800000000000001,910
2014,7,30,15,0,537,307,317,25,6.6000000000000005,910
2014,7,30,16,0,376,310,214,24,6.2,910
2014,7,30,17,0,97,0,97,23,6.2,920
2014,7,30,18,0,4,0,4,22,6.2,920
2014,7,30,19,0,0,0,0,22,6,920
2014,7,30,20,0,0,0,0,21,5.800000000000001,920
2014,7,30,21,0,0,0,0,21,5.6000000000000005,920
2014,7,30,22,0,0,0,0,21,5.4,920
2014,7,30,23,0,0,0,0,21,5.4,920
2014,7,31,0,0,0,0,0,20,5.4,920
2014,7,31,1,0,0,0,0,20,5.4,920
2014,7,31,2,0,0,0,0,20,5.5,920
2014,7,31,3,0,0,0,0,20,5.6000000000000005,920
2014,7,31,4,0,0,0,0,20,5.7,920
2014,7,31,5,0,0,0,0,20,5.7,920
2014,7,31,6,0,27,0,27,21,5.7,920
2014,7,31,7,0,125,10,121,23,5.9,920
2014,7,31,8,0,271,53,242,25,6.300000000000001,920
2014,7,31,9,0,366,40,336,27,6.6000000000000005,920
2014,7,31,10,0,523,136,403,29,6.800000000000001,920
2014,7,31,11,0,576,144,436,30,6.9,920
2014,7,31,12,0,843,546,299,29,7,910
2014,7,31,13,0,725,311,426,28,7,910
2014,7,31,14,0,265,15,252,27,7,910
2014,7,31,15,0,322,58,280,26,6.9,910
2014,7,31,16,0,401,359,214,25,6.6000000000000005,910
2014,7,31,17,0,171,165,122,24,6.300000000000001,920
2014,7,31,18,0,4,0,4,23,6.300000000000001,920
2014,7,31,19,0,0,0,0,22,6.2,920
2014,7,31,20,0,0,0,0,22,6.1000000000000005,920
2014,7,31,21,0,0,0,0,22,6,920
2014,7,31,22,0,0,0,0,22,5.9,920
2014,7,31,23,0,0,0,0,21,5.9,920
2014,8,1,0,0,0,0,0,21,5.800000000000001,920
2014,8,1,1,0,0,0,0,21,5.9,910
2014,8,1,2,0,0,0,0,21,5.9,910
2014,8,1,3,0,0,0,0,21,5.9,910
2014,8,1,4,0,0,0,0,21,5.800000000000001,910
2014,8,1,5,0,0,0,0,21,5.7,920
2014,8,1,6,0,29,3,28,22,5.6000000000000005,920
2014,8,1,7,0,166,82,139,23,5.800000000000001,920
2014,8,1,8,0,271,65,235,25,6.1000000000000005,920
2014,8,1,9,0,288,20,273,27,6.300000000000001,920
2014,8,1,10,0,404,31,376,29,6.4,920
2014,8,1,11,0,419,46,374,29,6.5,920
2014,8,1,12,0,749,304,446,30,6.6000000000000005,910
2014,8,1,13,0,495,86,412,29,6.5,910
2014,8,1,14,0,522,162,382,28,6.300000000000001,910
2014,8,1,15,0,147,0,147,27,6.1000000000000005,910
2014,8,1,16,0,260,76,220,26,5.800000000000001,910
2014,8,1,17,0,58,0,58,24,5.7,910
2014,8,1,18,0,4,0,4,23,5.9,920
2014,8,1,19,0,0,0,0,22,5.7,920
2014,8,1,20,0,0,0,0,22,5.300000000000001,920
2014,8,1,21,0,0,0,0,22,5.1000000000000005,920
2014,8,1,22,0,0,0,0,21,5.2,920
2014,8,1,23,0,0,0,0,21,5.6000000000000005,920
2014,8,2,0,0,0,0,0,21,5.7,920
2014,8,2,1,0,0,0,0,20,5.5,920
2014,8,2,2,0,0,0,0,20,5.300000000000001,920
2014,8,2,3,0,0,0,0,20,5.4,920
2014,8,2,4,0,0,0,0,20,5.4,920
2014,8,2,5,0,0,0,0,20,5.4,920
2014,8,2,6,0,33,30,30,21,5.4,920
2014,8,2,7,0,123,14,118,24,5.6000000000000005,920
2014,8,2,8,0,309,112,247,26,5.9,920
2014,8,2,9,0,334,37,306,28,5.9,920
2014,8,2,10,0,365,22,345,30,5.800000000000001,920
2014,8,2,11,0,296,5,291,31,5.800000000000001,920
2014,8,2,12,0,287,5,282,30,5.800000000000001,910
2014,8,2,13,0,380,35,346,29,5.800000000000001,910
2014,8,2,14,0,254,14,241,28,5.7,910
2014,8,2,15,0,548,332,311,27,5.6000000000000005,910
2014,8,2,16,0,331,155,250,26,5.5,910
2014,8,2,17,0,177,246,104,25,5.2,910
2014,8,2,18,0,7,0,7,24,4.9,920
2014,8,2,19,0,0,0,0,23,4.800000000000001,920
2014,8,2,20,0,0,0,0,22,4.800000000000001,920
2014,8,2,21,0,0,0,0,21,4.800000000000001,920
2014,8,2,22,0,0,0,0,21,4.800000000000001,920
2014,8,2,23,0,0,0,0,20,4.800000000000001,920
2014,8,3,0,0,0,0,0,20,4.800000000000001,920
2014,8,3,1,0,0,0,0,20,4.9,920
2014,8,3,2,0,0,0,0,20,5,920
2014,8,3,3,0,0,0,0,20,5.1000000000000005,910
2014,8,3,4,0,0,0,0,20,5.1000000000000005,910
2014,8,3,5,0,0,0,0,20,5.1000000000000005,920
2014,8,3,6,0,36,43,32,21,5,920
2014,8,3,7,0,184,153,134,23,5.1000000000000005,920
2014,8,3,8,0,297,80,253,26,5.4,920
2014,8,3,9,0,389,79,330,28,5.6000000000000005,920
2014,8,3,10,0,469,88,391,29,5.7,920
2014,8,3,11,0,397,39,359,29,5.7,910
2014,8,3,12,0,293,5,288,29,5.7,910
2014,8,3,13,0,315,24,291,28,5.6000000000000005,910
2014,8,3,14,0,453,83,381,27,5.6000000000000005,910
2014,8,3,15,0,315,25,297,26,5.5,910
2014,8,3,16,0,200,15,192,25,5.300000000000001,910
2014,8,3,17,0,64,0,64,24,5.1000000000000005,910
2014,8,3,18,0,3,0,3,23,5.1000000000000005,920
2014,8,3,19,0,0,0,0,22,5.1000000000000005,920
2014,8,3,20,0,0,0,0,21,5,920
2014,8,3,21,0,0,0,0,21,5.1000000000000005,920
2014,8,3,22,0,0,0,0,21,5.2,920
2014,8,3,23,0,0,0,0,20,5.300000000000001,920
2014,8,4,0,0,0,0,0,20,5.4,910
2014,8,4,1,0,0,0,0,20,5.4,910
2014,8,4,2,0,0,0,0,20,5.5,910
2014,8,4,3,0,0,0,0,20,5.6000000000000005,910
2014,8,4,4,0,0,0,0,20,5.7,910
2014,8,4,5,0,0,0,0,20,5.7,910
2014,8,4,6,0,36,57,31,21,5.6000000000000005,920
2014,8,4,7,0,138,32,127,23,5.7,920
2014,8,4,8,0,323,133,250,25,5.9,920
2014,8,4,9,0,371,56,329,28,6.1000000000000005,920
2014,8,4,10,0,656,309,383,29,6.2,910
2014,8,4,11,0,732,344,398,29,6.300000000000001,910
2014,8,4,12,0,677,245,432,29,6.300000000000001,910
2014,8,4,13,0,458,92,369,29,6.300000000000001,910
2014,8,4,14,0,734,504,298,28,6.2,910
2014,8,4,15,0,439,159,325,27,6.1000000000000005,910
2014,8,4,16,0,367,294,214,26,5.9,910
2014,8,4,17,0,163,124,126,24,5.6000000000000005,910
2014,8,4,18,0,3,0,3,23,5.5,910
2014,8,4,19,0,0,0,0,23,5.4,920
2014,8,4,20,0,0,0,0,22,5.300000000000001,920
2014,8,4,21,0,0,0,0,21,5.1000000000000005,920
2014,8,4,22,0,0,0,0,21,5.1000000000000005,920
2014,8,4,23,0,0,0,0,21,5.1000000000000005,920
2014,8,5,0,0,0,0,0,20,5.2,910
2014,8,5,1,0,0,0,0,20,5.300000000000001,910
2014,8,5,2,0,0,0,0,20,5.5,910
2014,8,5,3,0,0,0,0,20,5.7,910
2014,8,5,4,0,0,0,0,20,5.800000000000001,910
2014,8,5,5,0,0,0,0,20,5.800000000000001,910
2014,8,5,6,0,36,58,31,21,5.7,920
2014,8,5,7,0,155,61,135,22,5.9,920
2014,8,5,8,0,262,33,243,24,6.2,920
2014,8,5,9,0,373,42,342,26,6.7,920
2014,8,5,10,0,500,113,400,28,7.1000000000000005,920
2014,8,5,11,0,455,43,413,28,7.300000000000001,920
2014,8,5,12,0,541,74,467,28,7.5,910
2014,8,5,13,0,508,82,429,28,7.7,910
2014,8,5,14,0,430,40,395,27,7.5,910
2014,8,5,15,0,366,70,316,26,7.300000000000001,910
2014,8,5,16,0,311,148,234,25,7,910
2014,8,5,17,0,116,22,109,23,6.2,920
2014,8,5,18,0,3,0,3,22,5.800000000000001,920
2014,8,5,19,0,0,0,0,22,5.7,920
2014,8,5,20,0,0,0,0,21,5.6000000000000005,920
2014,8,5,21,0,0,0,0,21,5.4,920
2014,8,5,22,0,0,0,0,20,5.4,920
2014,8,5,23,0,0,0,0,20,5.4,920
2014,8,6,0,0,0,0,0,20,5.5,920
2014,8,6,1,0,0,0,0,19,5.5,910
2014,8,6,2,0,0,0,0,19,5.4,910
2014,8,6,3,0,0,0,0,19,5.4,910
2014,8,6,4,0,0,0,0,19,5.5,910
2014,8,6,5,0,0,0,0,19,5.6000000000000005,920
2014,8,6,6,0,27,0,27,20,5.7,920
2014,8,6,7,0,228,365,110,23,5.9,920
2014,8,6,8,0,381,269,234,25,6.2,920
2014,8,6,9,0,469,177,338,28,6.300000000000001,920
2014,8,6,10,0,783,587,265,29,6.300000000000001,920
2014,8,6,11,0,747,368,389,31,6.300000000000001,920
2014,8,6,12,0,977,730,248,31,6.4,910
2014,8,6,13,0,732,354,391,30,6.300000000000001,910
2014,8,6,14,0,506,129,394,29,6.2,910
2014,8,6,15,0,522,297,310,28,6,910
2014,8,6,16,0,404,448,172,26,5.7,910
2014,8,6,17,0,187,314,96,25,5.300000000000001,920
2014,8,6,18,0,3,0,3,24,5.2,920
2014,8,6,19,0,0,0,0,23,5,920
2014,8,6,20,0,0,0,0,22,4.800000000000001,920
2014,8,6,21,0,0,0,0,21,4.6000000000000005,920
2014,8,6,22,0,0,0,0,21,4.5,920
2014,8,6,23,0,0,0,0,20,4.6000000000000005,920
2014,8,7,0,0,0,0,0,20,4.7,920
2014,8,7,1,0,0,0,0,20,4.7,920
2014,8,7,2,0,0,0,0,20,4.6000000000000005,920
2014,8,7,3,0,0,0,0,20,4.4,910
2014,8,7,4,0,0,0,0,20,4.3,920
2014,8,7,5,0,0,0,0,20,4.3,920
2014,8,7,6,0,27,0,27,21,4.1000000000000005,920
2014,8,7,7,0,179,139,134,24,4.4,920
2014,8,7,8,0,240,29,224,26,4.9,920
2014,8,7,9,0,369,40,339,28,5.2,920
2014,8,7,10,0,496,106,402,29,5.300000000000001,920
2014,8,7,11,0,550,119,434,29,5.2,910
2014,8,7,12,0,823,499,325,28,5.1000000000000005,910
2014,8,7,13,0,750,385,379,28,5,910
2014,8,7,14,0,598,251,381,27,4.7,910
2014,8,7,15,0,347,49,312,26,4.4,910
2014,8,7,16,0,239,29,224,25,3.9000000000000004,910
2014,8,7,17,0,98,2,97,24,3.8000000000000003,920
2014,8,7,18,0,3,0,3,23,3.8000000000000003,920
2014,8,7,19,0,0,0,0,22,3.7,920
2014,8,7,20,0,0,0,0,22,3.6,920
2014,8,7,21,0,0,0,0,22,3.5,920
2014,8,7,22,0,0,0,0,21,3.5,920
2014,8,7,23,0,0,0,0,21,3.6,920
2014,8,8,0,0,0,0,0,20,3.7,920
2014,8,8,1,0,0,0,0,20,3.8000000000000003,910
2014,8,8,2,0,0,0,0,20,3.9000000000000004,910
2014,8,8,3,0,0,0,0,20,3.9000000000000004,910
2014,8,8,4,0,0,0,0,20,3.9000000000000004,910
2014,8,8,5,0,0,0,0,20,3.9000000000000004,920
2014,8,8,6,0,35,55,30,21,3.9000000000000004,920
2014,8,8,7,0,167,105,133,22,4.1000000000000005,920
2014,8,8,8,0,368,184,267,24,4.5,920
2014,8,8,9,0,536,309,308,27,4.7,920
2014,8,8,10,0,697,384,358,28,4.7,920
2014,8,8,11,0,471,68,404,29,4.6000000000000005,920
2014,8,8,12,0,450,37,413,29,4.5,910
2014,8,8,13,0,509,95,417,28,4.5,910
2014,8,8,14,0,646,301,386,27,4.7,910
2014,8,8,15,0,252,22,236,26,4.7,910
2014,8,8,16,0,93,0,93,25,4.4,910
2014,8,8,17,0,64,0,64,24,4.3,910
2014,8,8,18,0,3,0,3,23,4.3,920
2014,8,8,19,0,0,0,0,22,4.4,920
2014,8,8,20,0,0,0,0,21,4.3,920
2014,8,8,21,0,0,0,0,21,4.2,920
2014,8,8,22,0,0,0,0,20,4.2,920
2014,8,8,23,0,0,0,0,20,4.3,920
2014,8,9,0,0,0,0,0,20,4.4,920
2014,8,9,1,0,0,0,0,20,4.5,920
2014,8,9,2,0,0,0,0,19,4.6000000000000005,920
2014,8,9,3,0,0,0,0,19,4.6000000000000005,910
2014,8,9,4,0,0,0,0,19,4.6000000000000005,920
2014,8,9,5,0,0,0,0,19,4.3,920
2014,8,9,6,0,34,54,29,20,4,920
2014,8,9,7,0,242,458,94,22,3.8000000000000003,920
2014,8,9,8,0,355,211,239,24,4.1000000000000005,920
2014,8,9,9,0,651,585,219,25,4.4,920
2014,8,9,10,0,780,597,253,27,4.6000000000000005,920
2014,8,9,11,0,751,373,388,28,4.800000000000001,920
2014,8,9,12,0,868,575,293,28,5,920
2014,8,9,13,0,947,810,167,28,5.300000000000001,910
2014,8,9,14,0,582,247,368,27,5.5,910
2014,8,9,15,0,552,386,277,26,5.5,910
2014,8,9,16,0,379,315,217,25,5.2,920
2014,8,9,17,0,72,0,72,23,4.9,920
2014,8,9,18,0,3,0,3,22,4.5,920
2014,8,9,19,0,0,0,0,22,4.3,920
2014,8,9,20,0,0,0,0,21,4.1000000000000005,920
2014,8,9,21,0,0,0,0,21,4,920
2014,8,9,22,0,0,0,0,20,4.1000000000000005,920
2014,8,9,23,0,0,0,0,20,4.3,920
2014,8,10,0,0,0,0,0,20,4.3,920
2014,8,10,1,0,0,0,0,20,4.3,920
2014,8,10,2,0,0,0,0,19,4.3,920
2014,8,10,3,0,0,0,0,19,4.3,920
2014,8,10,4,0,0,0,0,19,4.3,920
2014,8,10,5,0,0,0,0,19,4.2,920
2014,8,10,6,0,34,52,29,20,4.1000000000000005,920
2014,8,10,7,0,128,13,123,21,4.1000000000000005,920
2014,8,10,8,0,258,30,241,24,4.3,920
2014,8,10,9,0,444,141,339,26,4.4,920
2014,8,10,10,0,630,280,382,28,4.4,920
2014,8,10,11,0,761,392,380,29,4.3,920
2014,8,10,12,0,525,130,395,28,4.2,920
2014,8,10,13,0,886,677,234,28,4,920
2014,8,10,14,0,360,43,322,27,4,910
2014,8,10,15,0,419,141,318,26,3.9000000000000004,920
2014,8,10,16,0,401,411,190,25,3.6,920
2014,8,10,17,0,189,337,93,24,3.4000000000000004,920
2014,8,10,18,0,3,0,3,23,3.5,920
2014,8,10,19,0,0,0,0,23,3.5,920
2014,8,10,20,0,0,0,0,22,3.6,920
2014,8,10,21,0,0,0,0,22,3.6,920
2014,8,10,22,0,0,0,0,22,3.6,920
2014,8,10,23,0,0,0,0,21,3.6,920
2014,8,11,0,0,0,0,0,21,3.7,920
2014,8,11,1,0,0,0,0,21,3.8000000000000003,920
2014,8,11,2,0,0,0,0,21,3.8000000000000003,920
2014,8,11,3,0,0,0,0,20,3.8000000000000003,920
2014,8,11,4,0,0,0,0,20,3.7,920
2014,8,11,5,0,0,0,0,20,3.6,920
2014,8,11,6,0,30,14,28,21,3.5,920
2014,8,11,7,0,173,87,144,22,3.6,920
2014,8,11,8,0,322,110,261,23,3.7,920
2014,8,11,9,0,578,373,302,23,3.8000000000000003,920
2014,8,11,10,0,657,312,381,24,3.8000000000000003,920
2014,8,11,11,0,740,352,397,25,4,920
2014,8,11,12,0,583,150,433,25,4.4,920
2014,8,11,13,0,888,614,297,25,4.7,920
2014,8,11,14,0,829,776,159,25,4.9,910
2014,8,11,15,0,628,600,202,24,4.9,910
2014,8,11,16,0,307,162,224,23,4.7,920
2014,8,11,17,0,70,0,70,22,4.4,920
2014,8,11,18,0,2,0,2,21,4.5,920
2014,8,11,19,0,0,0,0,21,4.5,920
2014,8,11,20,0,0,0,0,20,4.4,920
2014,8,11,21,0,0,0,0,20,4.4,920
2014,8,11,22,0,0,0,0,20,4.4,920
2014,8,11,23,0,0,0,0,19,4.4,920
2014,8,12,0,0,0,0,0,19,4.6000000000000005,920
2014,8,12,1,0,0,0,0,19,4.6000000000000005,920
2014,8,12,2,0,0,0,0,19,4.5,920
2014,8,12,3,0,0,0,0,19,4.4,920
2014,8,12,4,0,0,0,0,19,4.3,920
2014,8,12,5,0,0,0,0,19,4.2,920
2014,8,12,6,0,34,52,29,20,4.1000000000000005,920
2014,8,12,7,0,144,59,125,21,4.1000000000000005,920
2014,8,12,8,0,454,465,199,23,4.4,920
2014,8,12,9,0,393,90,326,26,4.7,920
2014,8,12,10,0,323,29,297,28,4.800000000000001,920
2014,8,12,11,0,601,167,438,29,4.800000000000001,920
2014,8,12,12,0,716,300,416,29,4.800000000000001,920
2014,8,12,13,0,899,618,304,29,4.9,910
2014,8,12,14,0,834,782,159,28,4.9,910
2014,8,12,15,0,522,285,320,27,4.7,910
2014,8,12,16,0,254,67,219,26,4.6000000000000005,910
2014,8,12,17,0,130,55,114,25,4.4,920
2014,8,12,18,0,2,0,2,23,4.3,920
2014,8,12,19,0,0,0,0,23,4.2,920
2014,8,12,20,0,0,0,0,22,4,920
2014,8,12,21,0,0,0,0,21,3.9000000000000004,920
2014,8,12,22,0,0,0,0,21,3.8000000000000003,920
2014,8,12,23,0,0,0,0,20,3.8000000000000003,920
2014,8,13,0,0,0,0,0,20,3.9000000000000004,920
2014,8,13,1,0,0,0,0,20,4,920
2014,8,13,2,0,0,0,0,20,4.1000000000000005,920
2014,8,13,3,0,0,0,0,19,4.2,920
2014,8,13,4,0,0,0,0,19,4.4,920
2014,8,13,5,0,0,0,0,19,4.5,920
2014,8,13,6,0,29,19,27,20,4.3,920
2014,8,13,7,0,217,350,104,22,4.2,920
2014,8,13,8,0,449,475,189,23,4.3,920
2014,8,13,9,0,521,275,317,24,4.5,920
2014,8,13,10,0,364,41,327,26,4.7,920
2014,8,13,11,0,531,101,432,27,4.5,920
2014,8,13,12,0,685,251,434,28,4.3,920
2014,8,13,13,0,820,561,280,28,4.3,920
2014,8,13,14,0,753,584,249,28,4.5,920
2014,8,13,15,0,522,285,320,27,4.6000000000000005,920
2014,8,13,16,0,117,0,117,26,4.4,920
2014,8,13,17,0,172,167,125,25,4.1000000000000005,920
2014,8,13,18,0,2,0,2,24,4,920
2014,8,13,19,0,0,0,0,23,4,920
2014,8,13,20,0,0,0,0,22,4,920
2014,8,13,21,0,0,0,0,21,4,920
2014,8,13,22,0,0,0,0,21,4,920
2014,8,13,23,0,0,0,0,20,3.9000000000000004,920
2014,8,14,0,0,0,0,0,20,3.9000000000000004,920
2014,8,14,1,0,0,0,0,20,4,920
2014,8,14,2,0,0,0,0,20,4,920
2014,8,14,3,0,0,0,0,20,3.9000000000000004,920
2014,8,14,4,0,0,0,0,20,3.8000000000000003,920
2014,8,14,5,0,0,0,0,20,3.7,920
2014,8,14,6,0,25,0,25,20,3.6,920
2014,8,14,7,0,162,65,141,22,3.6,920
2014,8,14,8,0,305,87,257,24,4,920
2014,8,14,9,0,507,235,333,26,4,920
2014,8,14,10,0,849,717,214,27,3.9000000000000004,920
2014,8,14,11,0,877,625,268,28,3.7,920
2014,8,14,12,0,695,303,392,28,3.7,920
2014,8,14,13,0,945,767,207,28,3.7,920
2014,8,14,14,0,771,622,235,27,3.9000000000000004,920
2014,8,14,15,0,654,719,145,27,4,910
2014,8,14,16,0,433,612,122,26,3.8000000000000003,920
2014,8,14,17,0,197,405,85,25,3.8000000000000003,920
2014,8,14,18,0,2,0,2,24,3.9000000000000004,920
2014,8,14,19,0,0,0,0,23,3.9000000000000004,920
2014,8,14,20,0,0,0,0,23,3.7,920
2014,8,14,21,0,0,0,0,22,3.6,920
2014,8,14,22,0,0,0,0,22,3.5,920
2014,8,14,23,0,0,0,0,21,3.2,920
2014,8,15,0,0,0,0,0,21,3.1,920
2014,8,15,1,0,0,0,0,21,3,920
2014,8,15,2,0,0,0,0,21,3,920
2014,8,15,3,0,0,0,0,21,3.1,920
2014,8,15,4,0,0,0,0,21,3.3000000000000003,920
2014,8,15,5,0,0,0,0,21,3.5,920
2014,8,15,6,0,33,50,29,21,3.7,920
2014,8,15,7,0,224,350,111,22,3.9000000000000004,920
2014,8,15,8,0,479,641,128,23,4,920
2014,8,15,9,0,655,618,198,25,4.1000000000000005,920
2014,8,15,10,0,860,789,161,27,4,920
2014,8,15,11,0,940,746,213,29,3.9000000000000004,920
2014,8,15,12,0,994,823,171,30,3.6,920
2014,8,15,13,0,889,672,243,30,3.4000000000000004,920
2014,8,15,14,0,740,560,257,29,3.4000000000000004,920
2014,8,15,15,0,637,668,165,27,3.4000000000000004,920
2014,8,15,16,0,433,614,122,26,3.1,920
2014,8,15,17,0,120,49,106,25,2.9000000000000004,920
2014,8,15,18,0,2,0,2,24,2.9000000000000004,920
2014,8,15,19,0,0,0,0,23,2.9000000000000004,920
2014,8,15,20,0,0,0,0,23,2.8000000000000003,920
2014,8,15,21,0,0,0,0,22,2.8000000000000003,920
2014,8,15,22,0,0,0,0,22,2.8000000000000003,920
2014,8,15,23,0,0,0,0,21,3,920
2014,8,16,0,0,0,0,0,21,3.1,920
2014,8,16,1,0,0,0,0,21,3.2,920
2014,8,16,2,0,0,0,0,20,3.3000000000000003,920
2014,8,16,3,0,0,0,0,20,3.3000000000000003,920
2014,8,16,4,0,0,0,0,20,3.4000000000000004,920
2014,8,16,5,0,0,0,0,21,3.4000000000000004,920
2014,8,16,6,0,33,37,30,21,3.5,920
2014,8,16,7,0,182,122,142,22,3.7,920
2014,8,16,8,0,301,98,247,24,3.8000000000000003,920
2014,8,16,9,0,602,433,281,26,4,920
2014,8,16,10,0,824,655,244,27,4.1000000000000005,920
2014,8,16,11,0,867,607,276,28,4,920
2014,8,16,12,0,620,191,429,28,4,920
2014,8,16,13,0,773,426,363,28,4.2,920
2014,8,16,14,0,662,357,354,28,4.3,920
2014,8,16,15,0,539,375,274,27,4.2,920
2014,8,16,16,0,398,417,187,26,3.5,920
2014,8,16,17,0,136,100,108,25,3,920
2014,8,16,18,0,2,0,2,24,2.9000000000000004,920
2014,8,16,19,0,0,0,0,23,2.9000000000000004,920
2014,8,16,20,0,0,0,0,23,2.9000000000000004,920
2014,8,16,21,0,0,0,0,22,3,920
2014,8,16,22,0,0,0,0,21,3.1,920
2014,8,16,23,0,0,0,0,21,3.1,920
2014,8,17,0,0,0,0,0,20,3,920
2014,8,17,1,0,0,0,0,20,2.9000000000000004,920
2014,8,17,2,0,0,0,0,20,2.8000000000000003,920
2014,8,17,3,0,0,0,0,20,2.9000000000000004,920
2014,8,17,4,0,0,0,0,20,2.9000000000000004,920
2014,8,17,5,0,0,0,0,20,3,920
2014,8,17,6,0,33,37,30,21,3.1,920
2014,8,17,7,0,182,105,148,23,3.4000000000000004,920
2014,8,17,8,0,349,176,252,25,3.6,920
2014,8,17,9,0,632,527,242,26,3.6,920
2014,8,17,10,0,792,606,255,28,3.7,920
2014,8,17,11,0,915,661,271,28,3.7,920
2014,8,17,12,0,970,748,222,27,3.5,920
2014,8,17,13,0,881,652,254,27,3.1,920
2014,8,17,14,0,832,781,159,26,2.7,920
2014,8,17,15,0,649,679,170,26,2.5,920
2014,8,17,16,0,396,454,167,25,2.3000000000000003,920
2014,8,17,17,0,178,318,91,24,2.2,920
2014,8,17,18,0,2,0,2,23,2.2,920
2014,8,17,19,0,0,0,0,23,2.2,920
2014,8,17,20,0,0,0,0,22,2.1,920
2014,8,17,21,0,0,0,0,22,1.9000000000000001,920
2014,8,17,22,0,0,0,0,22,1.8,920
2014,8,17,23,0,0,0,0,21,1.8,920
2014,8,18,0,0,0,0,0,21,1.9000000000000001,920
2014,8,18,1,0,0,0,0,21,2,920
2014,8,18,2,0,0,0,0,21,2.1,920
2014,8,18,3,0,0,0,0,21,2.2,920
2014,8,18,4,0,0,0,0,21,2.4000000000000004,920
2014,8,18,5,0,0,0,0,21,2.4000000000000004,920
2014,8,18,6,0,33,49,29,21,2.3000000000000003,920
2014,8,18,7,0,163,78,137,23,2.4000000000000004,920
2014,8,18,8,0,264,32,246,24,2.3000000000000003,920
2014,8,18,9,0,407,89,341,26,2.1,920
2014,8,18,10,0,584,203,404,27,2,920
2014,8,18,11,0,633,203,435,28,1.8,920
2014,8,18,12,0,879,585,294,27,1.3,920
2014,8,18,13,0,747,376,385,27,1,920
2014,8,18,14,0,653,342,359,26,0.8,920
2014,8,18,15,0,402,117,319,26,0.9,920
2014,8,18,16,0,293,129,228,25,1,920
2014,8,18,17,0,103,15,98,24,1.1,920
2014,8,18,18,0,1,0,1,23,1.1,920
2014,8,18,19,0,0,0,0,23,1.2000000000000002,920
2014,8,18,20,0,0,0,0,23,1.2000000000000002,920
2014,8,18,21,0,0,0,0,22,1.2000000000000002,920
2014,8,18,22,0,0,0,0,22,1.2000000000000002,920
2014,8,18,23,0,0,0,0,22,1.3,920
2014,8,19,0,0,0,0,0,21,1.4000000000000001,920
2014,8,19,1,0,0,0,0,21,1.6,920
2014,8,19,2,0,0,0,0,21,1.9000000000000001,920
2014,8,19,3,0,0,0,0,21,2,920
2014,8,19,4,0,0,0,0,21,1.7000000000000002,920
2014,8,19,5,0,0,0,0,21,1.1,920
2014,8,19,6,0,34,80,27,22,0.6000000000000001,920
2014,8,19,7,0,242,459,94,24,0.30000000000000004,920
2014,8,19,8,0,480,642,128,26,0.1,920
2014,8,19,9,0,696,738,149,28,0.5,920
2014,8,19,10,0,863,791,162,29,0.6000000000000001,920
2014,8,19,11,0,792,455,348,29,0.8,920
2014,8,19,12,0,747,402,345,30,1,920
2014,8,19,13,0,178,14,164,29,1.1,920
2014,8,19,14,0,568,227,373,28,1.3,920
2014,8,19,15,0,652,722,145,27,1.5,920
2014,8,19,16,0,220,43,198,26,1.7000000000000002,920
2014,8,19,17,0,117,39,106,25,1.8,920
2014,8,19,18,0,1,0,1,25,1.9000000000000001,920
2014,8,19,19,0,0,0,0,24,2,920
2014,8,19,20,0,0,0,0,24,1.9000000000000001,920
2014,8,19,21,0,0,0,0,23,1.8,920
2014,8,19,22,0,0,0,0,23,1.7000000000000002,920
2014,8,19,23,0,0,0,0,22,1.7000000000000002,920
2014,8,20,0,0,0,0,0,22,1.7000000000000002,920
2014,8,20,1,0,0,0,0,21,1.8,920
2014,8,20,2,0,0,0,0,21,1.7000000000000002,920
2014,8,20,3,0,0,0,0,21,1.7000000000000002,920
2014,8,20,4,0,0,0,0,21,1.6,920
2014,8,20,5,0,0,0,0,21,1.6,920
2014,8,20,6,0,34,81,27,22,1.5,920
2014,8,20,7,0,200,237,123,23,1.6,920
2014,8,20,8,0,460,516,177,26,1.4000000000000001,920
2014,8,20,9,0,698,741,149,28,1.1,920
2014,8,20,10,0,866,794,162,28,0.9,920
2014,8,20,11,0,968,820,169,29,0.7000000000000001,920
2014,8,20,12,0,998,826,171,29,0.7000000000000001,920
2014,8,20,13,0,951,815,168,29,0.7000000000000001,910
2014,8,20,14,0,774,614,247,28,0.7000000000000001,910
2014,8,20,15,0,498,289,295,28,0.6000000000000001,910
2014,8,20,16,0,117,0,117,27,0.7000000000000001,910
2014,8,20,17,0,60,0,60,26,0.8,920
2014,8,20,18,0,1,0,1,25,1.1,920
2014,8,20,19,0,0,0,0,25,1.2000000000000002,920
2014,8,20,20,0,0,0,0,24,1.3,920
2014,8,20,21,0,0,0,0,24,1.4000000000000001,920
2014,8,20,22,0,0,0,0,23,1.5,920
2014,8,20,23,0,0,0,0,23,1.5,920
2014,8,21,0,0,0,0,0,22,1.5,910
2014,8,21,1,0,0,0,0,22,1.5,910
2014,8,21,2,0,0,0,0,22,1.5,910
2014,8,21,3,0,0,0,0,22,1.5,910
2014,8,21,4,0,0,0,0,22,1.3,910
2014,8,21,5,0,0,0,0,21,1.2000000000000002,910
2014,8,21,6,0,33,80,27,22,1,910
2014,8,21,7,0,243,462,94,24,0.8,920
2014,8,21,8,0,446,515,163,27,0.5,920
2014,8,21,9,0,664,636,192,27,0.6000000000000001,920
2014,8,21,10,0,868,793,165,28,0.8,920
2014,8,21,11,0,911,645,282,28,0.8,910
2014,8,21,12,0,907,615,292,29,0.8,910
2014,8,21,13,0,934,749,215,28,1,910
2014,8,21,14,0,790,660,224,28,1.2000000000000002,910
2014,8,21,15,0,653,725,145,27,1.4000000000000001,910
2014,8,21,16,0,427,613,122,26,1.5,910
2014,8,21,17,0,161,227,100,26,1.4000000000000001,910
2014,8,21,18,0,1,0,1,25,1.4000000000000001,910
2014,8,21,19,0,0,0,0,24,1.5,920
2014,8,21,20,0,0,0,0,24,1.4000000000000001,920
2014,8,21,21,0,0,0,0,23,1.2000000000000002,920
2014,8,21,22,0,0,0,0,23,1,920
2014,8,21,23,0,0,0,0,23,0.9,910
2014,8,22,0,0,0,0,0,22,0.8,910
2014,8,22,1,0,0,0,0,22,0.7000000000000001,910
2014,8,22,2,0,0,0,0,22,0.6000000000000001,910
2014,8,22,3,0,0,0,0,22,0.6000000000000001,910
2014,8,22,4,0,0,0,0,22,0.7000000000000001,910
2014,8,22,5,0,0,0,0,21,0.8,910
2014,8,22,6,0,34,81,27,22,1.1,910
2014,8,22,7,0,244,464,95,24,1.5,910
2014,8,22,8,0,484,648,129,26,1.9000000000000001,920
2014,8,22,9,0,631,517,247,27,2.2,920
2014,8,22,10,0,674,326,384,28,2.2,910
2014,8,22,11,0,614,204,415,29,2.3000000000000003,910
2014,8,22,12,0,1001,789,212,29,2.3000000000000003,910
2014,8,22,13,0,696,363,347,28,2.3000000000000003,910
2014,8,22,14,0,829,694,234,28,2.1,910
2014,8,22,15,0,526,325,298,27,1.8,910
2014,8,22,16,0,339,238,220,26,1.6,910
2014,8,22,17,0,38,0,38,25,1.5,910
2014,8,22,18,0,1,0,1,24,1.6,910
2014,8,22,19,0,0,0,0,24,1.7000000000000002,920
2014,8,22,20,0,0,0,0,23,1.8,920
2014,8,22,21,0,0,0,0,23,1.9000000000000001,920
2014,8,22,22,0,0,0,0,22,2,920
2014,8,22,23,0,0,0,0,22,2.1,920
2014,8,23,0,0,0,0,0,22,2.1,910
2014,8,23,1,0,0,0,0,21,2.1,910
2014,8,23,2,0,0,0,0,22,1.9000000000000001,910
2014,8,23,3,0,0,0,0,22,1.7000000000000002,910
2014,8,23,4,0,0,0,0,22,1.6,910
2014,8,23,5,0,0,0,0,21,1.6,910
2014,8,23,6,0,33,79,27,22,1.5,920
2014,8,23,7,0,181,144,134,23,1.9000000000000001,920
2014,8,23,8,0,440,428,205,25,2,920
2014,8,23,9,0,697,738,149,26,1.9000000000000001,920
2014,8,23,10,0,864,791,162,27,1.6,920
2014,8,23,11,0,966,817,169,27,1.4000000000000001,920
2014,8,23,12,0,995,824,171,27,1.1,910
2014,8,23,13,0,946,773,205,27,1,910
2014,8,23,14,0,514,141,393,27,1.1,910
2014,8,23,15,0,404,123,318,26,1.3,910
2014,8,23,16,0,121,0,121,25,1.5,910
2014,8,23,17,0,33,0,33,24,1.6,910
2014,8,23,18,0,1,0,1,24,1.8,920
2014,8,23,19,0,0,0,0,23,2,920
2014,8,23,20,0,0,0,0,23,2.2,920
2014,8,23,21,0,0,0,0,22,2.3000000000000003,920
2014,8,23,22,0,0,0,0,22,2.4000000000000004,920
2014,8,23,23,0,0,0,0,22,2.5,920
2014,8,24,0,0,0,0,0,22,2.5,920
2014,8,24,1,0,0,0,0,22,2.5,910
2014,8,24,2,0,0,0,0,22,2.4000000000000004,910
2014,8,24,3,0,0,0,0,22,2.4000000000000004,910
2014,8,24,4,0,0,0,0,21,2.3000000000000003,920
2014,8,24,5,0,0,0,0,21,2.3000000000000003,920
2014,8,24,6,0,33,78,27,22,2.2,920
2014,8,24,7,0,224,339,114,23,2.2,920
2014,8,24,8,0,432,439,190,24,2.2,920
2014,8,24,9,0,526,263,330,25,2.1,920
2014,8,24,10,0,774,553,283,25,2.1,920
2014,8,24,11,0,739,340,407,26,2.2,920
2014,8,24,12,0,888,588,300,26,2.4000000000000004,920
2014,8,24,13,0,878,649,256,26,2.6,920
2014,8,24,14,0,673,377,350,26,2.8000000000000003,920
2014,8,24,15,0,633,623,199,25,2.9000000000000004,920
2014,8,24,16,0,348,289,205,25,2.9000000000000004,920
2014,8,24,17,0,180,383,81,24,3,920
2014,8,24,18,0,0,0,0,23,3.1,920
2014,8,24,19,0,0,0,0,23,3.1,920
2014,8,24,20,0,0,0,0,23,3.2,920
2014,8,24,21,0,0,0,0,22,3.1,920
2014,8,24,22,0,0,0,0,22,3.2,920
2014,8,24,23,0,0,0,0,21,3.2,920
2014,8,25,0,0,0,0,0,21,3.3000000000000003,920
2014,8,25,1,0,0,0,0,21,3.4000000000000004,920
2014,8,25,2,0,0,0,0,21,3.4000000000000004,920
2014,8,25,3,0,0,0,0,21,3.4000000000000004,920
2014,8,25,4,0,0,0,0,21,3.3000000000000003,920
2014,8,25,5,0,0,0,0,21,3.2,920
2014,8,25,6,0,33,78,27,21,3.2,920
2014,8,25,7,0,180,117,142,22,3.1,920
2014,8,25,8,0,384,265,238,24,3.3000000000000003,920
2014,8,25,9,0,698,739,149,25,3.5,920
2014,8,25,10,0,783,567,279,26,3.7,920
2014,8,25,11,0,621,213,413,26,3.9000000000000004,920
2014,8,25,12,0,801,420,381,27,4.1000000000000005,920
2014,8,25,13,0,544,118,431,26,4.2,920
2014,8,25,14,0,566,209,387,26,4.2,920
2014,8,25,15,0,489,243,320,26,4,920
2014,8,25,16,0,361,332,198,25,3.8000000000000003,920
2014,8,25,17,0,138,130,104,24,3.8000000000000003,920
2014,8,25,18,0,0,0,0,23,3.9000000000000004,920
2014,8,25,19,0,0,0,0,22,3.9000000000000004,920
2014,8,25,20,0,0,0,0,22,3.8000000000000003,920
2014,8,25,21,0,0,0,0,21,3.6,920
2014,8,25,22,0,0,0,0,21,3.5,920
2014,8,25,23,0,0,0,0,21,3.5,920
2014,8,26,0,0,0,0,0,20,3.4000000000000004,920
2014,8,26,1,0,0,0,0,20,3.4000000000000004,920
2014,8,26,2,0,0,0,0,20,3.3000000000000003,920
2014,8,26,3,0,0,0,0,20,3.3000000000000003,920
2014,8,26,4,0,0,0,0,20,3.4000000000000004,920
2014,8,26,5,0,0,0,0,20,3.5,920
2014,8,26,6,0,33,79,27,21,3.7,920
2014,8,26,7,0,181,144,134,23,3.9000000000000004,920
2014,8,26,8,0,414,344,224,25,4.3,920
2014,8,26,9,0,654,572,229,26,4.6000000000000005,920
2014,8,26,10,0,700,372,369,27,4.6000000000000005,920
2014,8,26,11,0,654,229,430,27,4.7,920
2014,8,26,12,0,595,140,455,27,4.7,920
2014,8,26,13,0,865,572,317,26,4.7,920
2014,8,26,14,0,569,214,386,26,4.6000000000000005,920
2014,8,26,15,0,453,187,323,25,4.4,920
2014,8,26,16,0,339,271,206,24,4.1000000000000005,920
2014,8,26,17,0,175,341,88,23,4.3,920
2014,8,26,18,0,0,0,0,22,4.4,920
2014,8,26,19,0,0,0,0,22,4.3,920
2014,8,26,20,0,0,0,0,21,4.1000000000000005,920
2014,8,26,21,0,0,0,0,21,4,920
2014,8,26,22,0,0,0,0,21,4,920
2014,8,26,23,0,0,0,0,20,3.8000000000000003,920
2014,8,27,0,0,0,0,0,20,3.7,920
2014,8,27,1,0,0,0,0,20,3.6,920
2014,8,27,2,0,0,0,0,20,3.7,920
2014,8,27,3,0,0,0,0,20,3.7,920
2014,8,27,4,0,0,0,0,20,3.8000000000000003,920
2014,8,27,5,0,0,0,0,20,3.8000000000000003,920
2014,8,27,6,0,33,78,27,20,3.8000000000000003,920
2014,8,27,7,0,135,19,128,21,3.9000000000000004,920
2014,8,27,8,0,285,75,243,22,4,920
2014,8,27,9,0,253,12,244,24,4,920
2014,8,27,10,0,319,13,307,26,4.1000000000000005,920
2014,8,27,11,0,413,30,383,27,4.4,920
2014,8,27,12,0,463,57,406,26,4.6000000000000005,910
2014,8,27,13,0,640,261,390,26,4.800000000000001,910
2014,8,27,14,0,362,26,339,26,4.800000000000001,910
2014,8,27,15,0,217,6,212,25,4.6000000000000005,910
2014,8,27,16,0,149,0,149,24,4.1000000000000005,910
2014,8,27,17,0,69,0,69,23,3.7,920
2014,8,27,18,0,0,0,0,22,4,920
2014,8,27,19,0,0,0,0,21,4.3,920
2014,8,27,20,0,0,0,0,21,4.2,920
2014,8,27,21,0,0,0,0,20,4.1000000000000005,920
2014,8,27,22,0,0,0,0,20,4.1000000000000005,920
2014,8,27,23,0,0,0,0,20,4.1000000000000005,920
2014,8,28,0,0,0,0,0,19,4,920
2014,8,28,1,0,0,0,0,19,4,910
2014,8,28,2,0,0,0,0,19,4,910
2014,8,28,3,0,0,0,0,19,4,910
2014,8,28,4,0,0,0,0,19,3.9000000000000004,910
2014,8,28,5,0,0,0,0,19,3.8000000000000003,920
2014,8,28,6,0,33,78,27,20,3.7,920
2014,8,28,7,0,183,127,142,21,3.7,920
2014,8,28,8,0,361,162,271,23,4,920
2014,8,28,9,0,446,136,344,25,4.1000000000000005,920
2014,8,28,10,0,643,317,361,26,4.2,920
2014,8,28,11,0,420,45,376,27,4.3,920
2014,8,28,12,0,470,86,384,27,4.3,910
2014,8,28,13,0,878,663,244,27,4.3,910
2014,8,28,14,0,414,74,351,27,4.4,910
2014,8,28,15,0,346,42,317,26,4.5,910
2014,8,28,16,0,191,12,185,25,4.4,910
2014,8,28,17,0,67,0,67,23,4.1000000000000005,910
2014,8,28,18,0,0,0,0,23,4.2,920
2014,8,28,19,0,0,0,0,22,4.3,920
2014,8,28,20,0,0,0,0,21,4.1000000000000005,920
2014,8,28,21,0,0,0,0,21,4.1000000000000005,920
2014,8,28,22,0,0,0,0,21,4.3,920
2014,8,28,23,0,0,0,0,21,4.5,910
2014,8,29,0,0,0,0,0,20,4.7,910
2014,8,29,1,0,0,0,0,20,4.800000000000001,910
2014,8,29,2,0,0,0,0,20,4.800000000000001,910
2014,8,29,3,0,0,0,0,20,4.7,910
2014,8,29,4,0,0,0,0,20,4.6000000000000005,910
2014,8,29,5,0,0,0,0,20,4.4,910
2014,8,29,6,0,31,44,27,21,4.2,910
2014,8,29,7,0,159,93,129,22,4.2,920
2014,8,29,8,0,406,297,242,24,4.3,920
2014,8,29,9,0,406,93,336,26,4.3,920
2014,8,29,10,0,462,55,413,27,4.4,910
2014,8,29,11,0,319,24,295,28,4.4,910
2014,8,29,12,0,451,36,415,29,4.4,910
2014,8,29,13,0,447,41,407,28,4.4,910
2014,8,29,14,0,322,18,306,27,4.4,910
2014,8,29,15,0,406,132,315,26,4.5,910
2014,8,29,16,0,243,71,208,25,4.1000000000000005,910
2014,8,29,17,0,168,282,98,24,3.9000000000000004,910
2014,8,29,18,0,0,0,0,23,4,910
2014,8,29,19,0,0,0,0,22,4.1000000000000005,910
2014,8,29,20,0,0,0,0,22,4.2,920
2014,8,29,21,0,0,0,0,21,4.3,920
2014,8,29,22,0,0,0,0,21,4.4,910
2014,8,29,23,0,0,0,0,21,4.4,910
2014,8,30,0,0,0,0,0,21,4.5,910
2014,8,30,1,0,0,0,0,21,4.6000000000000005,910
2014,8,30,2,0,0,0,0,21,4.7,910
2014,8,30,3,0,0,0,0,21,4.800000000000001,910
2014,8,30,4,0,0,0,0,21,4.9,910
2014,8,30,5,0,0,0,0,20,5,910
2014,8,30,6,0,33,77,27,21,4.9,910
2014,8,30,7,0,241,426,103,22,5.1000000000000005,920
2014,8,30,8,0,371,212,254,24,5.300000000000001,920
2014,8,30,9,0,671,575,243,26,5.5,920
2014,8,30,10,0,430,71,366,27,5.6000000000000005,910
2014,8,30,11,0,441,52,390,27,5.800000000000001,910
2014,8,30,12,0,241,14,227,27,5.9,910
2014,8,30,13,0,435,77,361,27,6,910
2014,8,30,14,0,759,530,309,26,6.1000000000000005,910
2014,8,30,15,0,282,38,255,25,5.9,910
2014,8,30,16,0,276,122,217,24,5.6000000000000005,910
2014,8,30,17,0,93,14,89,23,5.4,910
2014,8,30,18,0,0,0,0,22,5.300000000000001,910
2014,8,30,19,0,0,0,0,22,5.2,910
2014,8,30,20,0,0,0,0,22,5.2,910
2014,8,30,21,0,0,0,0,21,5.2,920
2014,8,30,22,0,0,0,0,21,5.4,920
2014,8,30,23,0,0,0,0,21,5.6000000000000005,910
2014,8,31,0,0,0,0,0,21,5.9,910
2014,8,31,1,0,0,0,0,21,6,910
2014,8,31,2,0,0,0,0,20,6.2,910
2014,8,31,3,0,0,0,0,20,6.2,910
2014,8,31,4,0,0,0,0,20,6,910
2014,8,31,5,0,0,0,0,20,5.800000000000001,910
2014,8,31,6,0,33,77,27,20,5.5,910
2014,8,31,7,0,225,342,114,22,5.5,910
2014,8,31,8,0,433,449,185,23,5.7,920
2014,8,31,9,0,574,375,295,25,6,910
2014,8,31,10,0,669,297,405,26,6.300000000000001,910
2014,8,31,11,0,380,49,332,27,6.5,910
2014,8,31,12,0,724,353,372,28,6.7,910
2014,8,31,13,0,838,538,325,28,6.7,910
2014,8,31,14,0,285,22,266,27,6.6000000000000005,910
2014,8,31,15,0,311,36,286,26,6.5,910
2014,8,31,16,0,266,109,213,25,6.1000000000000005,910
2014,8,31,17,0,75,0,75,24,5.5,910
2014,8,31,18,0,0,0,0,22,5.300000000000001,910
2014,8,31,19,0,0,0,0,22,5.1000000000000005,910
2014,8,31,20,0,0,0,0,22,5,910
2014,8,31,21,0,0,0,0,21,5.1000000000000005,910
2014,8,31,22,0,0,0,0,21,5.2,910
2014,8,31,23,0,0,0,0,21,5.300000000000001,910
2014,9,1,0,0,0,0,0,21,5.300000000000001,910
2014,9,1,1,0,0,0,0,21,5.2,910
2014,9,1,2,0,0,0,0,21,5,910
2014,9,1,3,0,0,0,0,21,4.800000000000001,910
2014,9,1,4,0,0,0,0,21,4.800000000000001,910
2014,9,1,5,0,0,0,0,20,4.800000000000001,910
2014,9,1,6,0,33,74,27,21,4.7,910
2014,9,1,7,0,155,74,131,22,4.9,910
2014,9,1,8,0,393,263,248,24,5.300000000000001,920
2014,9,1,9,0,388,76,331,26,5.5,920
2014,9,1,10,0,542,146,412,26,5.6000000000000005,910
2014,9,1,11,0,442,75,368,27,5.7,910
2014,9,1,12,0,744,343,402,27,5.6000000000000005,910
2014,9,1,13,0,658,257,413,27,5.6000000000000005,910
2014,9,1,14,0,803,635,266,26,5.300000000000001,910
2014,9,1,15,0,420,155,314,25,4.9,910
2014,9,1,16,0,269,116,213,24,4.5,910
2014,9,1,17,0,63,0,63,23,4.4,910
2014,9,1,18,0,0,0,0,23,4.4,910
2014,9,1,19,0,0,0,0,22,4.4,910
2014,9,1,20,0,0,0,0,21,4.5,920
2014,9,1,21,0,0,0,0,21,4.5,920
2014,9,1,22,0,0,0,0,21,4.6000000000000005,920
2014,9,1,23,0,0,0,0,20,4.7,910
2014,9,2,0,0,0,0,0,20,4.9,910
2014,9,2,1,0,0,0,0,20,5,910
2014,9,2,2,0,0,0,0,20,5,910
2014,9,2,3,0,0,0,0,20,5,910
2014,9,2,4,0,0,0,0,20,4.800000000000001,910
2014,9,2,5,0,0,0,0,20,4.6000000000000005,910
2014,9,2,6,0,34,105,26,21,4.3,920
2014,9,2,7,0,239,366,120,23,4.3,920
2014,9,2,8,0,323,138,246,24,4.3,920
2014,9,2,9,0,333,53,293,26,4.3,920
2014,9,2,10,0,625,280,376,27,4.3,920
2014,9,2,11,0,476,68,409,28,4.3,920
2014,9,2,12,0,519,85,434,28,4.3,920
2014,9,2,13,0,304,8,296,27,4.2,910
2014,9,2,14,0,412,44,374,27,4,910
2014,9,2,15,0,197,12,188,26,3.6,910
2014,9,2,16,0,281,157,206,25,3.3000000000000003,920
2014,9,2,17,0,102,47,90,24,3.5,920
2014,9,2,18,0,0,0,0,23,3.7,920
2014,9,2,19,0,0,0,0,23,3.7,920
2014,9,2,20,0,0,0,0,22,3.7,920
2014,9,2,21,0,0,0,0,22,3.7,920
2014,9,2,22,0,0,0,0,21,3.6,920
2014,9,2,23,0,0,0,0,21,3.6,920
2014,9,3,0,0,0,0,0,20,3.6,920
2014,9,3,1,0,0,0,0,20,3.7,920
2014,9,3,2,0,0,0,0,20,3.7,920
2014,9,3,3,0,0,0,0,20,3.7,920
2014,9,3,4,0,0,0,0,19,3.6,920
2014,9,3,5,0,0,0,0,19,3.6,920
2014,9,3,6,0,34,81,27,20,3.5,920
2014,9,3,7,0,248,493,89,22,3.5,920
2014,9,3,8,0,490,670,121,24,3.8000000000000003,920
2014,9,3,9,0,595,389,305,26,3.9000000000000004,920
2014,9,3,10,0,618,245,400,26,3.8000000000000003,920
2014,9,3,11,0,614,171,447,26,3.6,920
2014,9,3,12,0,519,60,459,26,3.9000000000000004,920
2014,9,3,13,0,501,91,414,25,4.3,920
2014,9,3,14,0,636,318,368,25,4.4,920
2014,9,3,15,0,424,165,311,25,4.2,910
2014,9,3,16,0,224,43,203,24,4,920
2014,9,3,17,0,78,0,78,23,3.8000000000000003,920
2014,9,3,18,0,0,0,0,22,3.8000000000000003,920
2014,9,3,19,0,0,0,0,22,3.8000000000000003,920
2014,9,3,20,0,0,0,0,21,3.8000000000000003,920
2014,9,3,21,0,0,0,0,21,3.8000000000000003,920
2014,9,3,22,0,0,0,0,20,3.8000000000000003,920
2014,9,3,23,0,0,0,0,20,3.7,920
2014,9,4,0,0,0,0,0,20,3.7,920
2014,9,4,1,0,0,0,0,20,3.7,920
2014,9,4,2,0,0,0,0,20,3.7,920
2014,9,4,3,0,0,0,0,20,3.8000000000000003,920
2014,9,4,4,0,0,0,0,20,3.8000000000000003,920
2014,9,4,5,0,0,0,0,20,3.7,920
2014,9,4,6,0,34,104,26,20,3.6,920
2014,9,4,7,0,170,91,140,21,3.5,920
2014,9,4,8,0,284,72,244,22,3.5,920
2014,9,4,9,0,557,286,344,23,3.5,920
2014,9,4,10,0,872,759,198,24,3.4000000000000004,920
2014,9,4,11,0,794,444,361,25,3.4000000000000004,920
2014,9,4,12,0,917,635,285,25,3.4000000000000004,920
2014,9,4,13,0,872,593,309,25,3.5,920
2014,9,4,14,0,354,43,317,25,3.6,920
2014,9,4,15,0,148,0,148,24,3.5,920
2014,9,4,16,0,89,0,89,24,3.2,920
2014,9,4,17,0,51,0,51,23,3.2,920
2014,9,4,18,0,0,0,0,22,3.3000000000000003,920
2014,9,4,19,0,0,0,0,22,3.4000000000000004,920
2014,9,4,20,0,0,0,0,21,3.5,920
2014,9,4,21,0,0,0,0,21,3.6,920
2014,9,4,22,0,0,0,0,20,3.8000000000000003,920
2014,9,4,23,0,0,0,0,20,3.9000000000000004,920
2014,9,5,0,0,0,0,0,20,4,920
2014,9,5,1,0,0,0,0,20,4.1000000000000005,920
2014,9,5,2,0,0,0,0,20,4.1000000000000005,920
2014,9,5,3,0,0,0,0,20,4,920
2014,9,5,4,0,0,0,0,20,3.8000000000000003,920
2014,9,5,5,0,0,0,0,20,3.6,920
2014,9,5,6,0,34,105,26,20,3.5,920
2014,9,5,7,0,203,269,116,21,3.5,920
2014,9,5,8,0,339,150,256,23,3.8000000000000003,920
2014,9,5,9,0,366,48,330,26,3.9000000000000004,920
2014,9,5,10,0,497,102,406,27,4,920
2014,9,5,11,0,443,52,392,27,4,920
2014,9,5,12,0,719,302,419,27,4,920
2014,9,5,13,0,698,322,392,26,3.9000000000000004,910
2014,9,5,14,0,470,105,381,26,3.8000000000000003,910
2014,9,5,15,0,332,50,298,25,3.6,910
2014,9,5,16,0,310,215,209,24,3.3000000000000003,920
2014,9,5,17,0,124,116,97,23,3.4000000000000004,920
2014,9,5,18,0,0,0,0,22,3.5,920
2014,9,5,19,0,0,0,0,22,3.5,920
2014,9,5,20,0,0,0,0,21,3.5,920
2014,9,5,21,0,0,0,0,21,3.6,920
2014,9,5,22,0,0,0,0,21,3.7,920
2014,9,5,23,0,0,0,0,20,3.9000000000000004,920
2014,9,6,0,0,0,0,0,20,4.1000000000000005,920
2014,9,6,1,0,0,0,0,20,4.2,920
2014,9,6,2,0,0,0,0,20,4.4,920
2014,9,6,3,0,0,0,0,20,4.5,920
2014,9,6,4,0,0,0,0,20,4.6000000000000005,920
2014,9,6,5,0,0,0,0,20,4.800000000000001,920
2014,9,6,6,0,35,107,27,20,4.800000000000001,920
2014,9,6,7,0,252,500,90,22,4.9,920
2014,9,6,8,0,406,314,232,23,5,920
2014,9,6,9,0,664,587,227,25,5.1000000000000005,920
2014,9,6,10,0,740,487,307,26,5.1000000000000005,920
2014,9,6,11,0,875,606,285,27,5,920
2014,9,6,12,0,829,453,379,27,4.800000000000001,910
2014,9,6,13,0,373,49,326,26,4.7,910
2014,9,6,14,0,350,21,332,26,4.6000000000000005,910
2014,9,6,15,0,342,58,302,25,4.5,910
2014,9,6,16,0,283,174,202,24,4.5,910
2014,9,6,17,0,28,0,28,23,4.6000000000000005,910
2014,9,6,18,0,0,0,0,22,4.6000000000000005,920
2014,9,6,19,0,0,0,0,22,4.6000000000000005,920
2014,9,6,20,0,0,0,0,21,4.5,920
2014,9,6,21,0,0,0,0,21,4.4,920
2014,9,6,22,0,0,0,0,21,4.4,920
2014,9,6,23,0,0,0,0,20,4.5,920
2014,9,7,0,0,0,0,0,20,4.5,910
2014,9,7,1,0,0,0,0,20,4.6000000000000005,910
2014,9,7,2,0,0,0,0,20,4.6000000000000005,910
2014,9,7,3,0,0,0,0,20,4.5,910
2014,9,7,4,0,0,0,0,20,4.4,910
2014,9,7,5,0,0,0,0,19,4.4,920
2014,9,7,6,0,34,79,28,20,4.3,920
2014,9,7,7,0,203,242,124,21,4.3,920
2014,9,7,8,0,311,105,253,22,4.3,920
2014,9,7,9,0,534,269,333,24,4.5,920
2014,9,7,10,0,595,205,413,25,4.6000000000000005,920
2014,9,7,11,0,653,220,439,27,4.7,920
2014,9,7,12,0,831,509,326,27,4.800000000000001,910
2014,9,7,13,0,946,834,157,26,4.9,910
2014,9,7,14,0,818,800,149,26,4.9,910
2014,9,7,15,0,603,555,230,26,4.7,910
2014,9,7,16,0,104,0,104,25,4.3,910
2014,9,7,17,0,154,373,70,23,4,920
2014,9,7,18,0,0,0,0,23,4,920
2014,9,7,19,0,0,0,0,22,4,920
2014,9,7,20,0,0,0,0,21,4.1000000000000005,920
2014,9,7,21,0,0,0,0,21,4.2,920
2014,9,7,22,0,0,0,0,20,4.4,920
2014,9,7,23,0,0,0,0,20,4.6000000000000005,920
2014,9,8,0,0,0,0,0,20,4.800000000000001,920
2014,9,8,1,0,0,0,0,20,4.9,920
2014,9,8,2,0,0,0,0,19,4.9,920
2014,9,8,3,0,0,0,0,19,4.800000000000001,920
2014,9,8,4,0,0,0,0,19,4.5,920
2014,9,8,5,0,0,0,0,19,4.1000000000000005,920
2014,9,8,6,0,35,109,27,20,3.7,920
2014,9,8,7,0,204,247,124,22,3.7,920
2014,9,8,8,0,491,595,162,24,4,920
2014,9,8,9,0,583,359,315,26,4.3,920
2014,9,8,10,0,837,640,269,28,4.5,920
2014,9,8,11,0,862,595,284,28,4.7,920
2014,9,8,12,0,651,204,448,29,4.9,920
2014,9,8,13,0,775,462,338,29,5.1000000000000005,910
2014,9,8,14,0,741,604,237,28,5.2,910
2014,9,8,15,0,541,392,278,27,5.300000000000001,910
2014,9,8,16,0,172,39,154,26,5,920
2014,9,8,17,0,141,192,98,24,4.4,920
2014,9,8,18,0,0,0,0,23,4.1000000000000005,920
2014,9,8,19,0,0,0,0,22,4,920
2014,9,8,20,0,0,0,0,21,3.8000000000000003,920
2014,9,8,21,0,0,0,0,21,3.5,920
2014,9,8,22,0,0,0,0,20,3.4000000000000004,920
2014,9,8,23,0,0,0,0,20,3.4000000000000004,920
2014,9,9,0,0,0,0,0,20,3.3000000000000003,920
2014,9,9,1,0,0,0,0,20,3.2,920
2014,9,9,2,0,0,0,0,20,3.2,920
2014,9,9,3,0,0,0,0,20,3.2,920
2014,9,9,4,0,0,0,0,20,3.2,920
2014,9,9,5,0,0,0,0,19,3.2,920
2014,9,9,6,0,34,73,28,20,3.3000000000000003,920
2014,9,9,7,0,211,276,121,21,3.5,920
2014,9,9,8,0,485,574,168,24,3.7,920
2014,9,9,9,0,722,778,142,26,3.9000000000000004,920
2014,9,9,10,0,849,729,202,28,4,920
2014,9,9,11,0,892,646,264,29,4.1000000000000005,920
2014,9,9,12,0,928,676,259,30,4.3,920
2014,9,9,13,0,950,840,158,30,4.4,920
2014,9,9,14,0,820,805,149,29,4.2,910
2014,9,9,15,0,628,739,134,28,4,910
2014,9,9,16,0,394,618,110,27,3.7,920
2014,9,9,17,0,93,47,82,25,3.2,920
2014,9,9,18,0,0,0,0,24,3.1,920
2014,9,9,19,0,0,0,0,23,2.9000000000000004,920
2014,9,9,20,0,0,0,0,22,3,920
2014,9,9,21,0,0,0,0,22,3.1,920
2014,9,9,22,0,0,0,0,21,3.2,920
2014,9,9,23,0,0,0,0,20,3.3000000000000003,920
2014,9,10,0,0,0,0,0,20,3.3000000000000003,920
2014,9,10,1,0,0,0,0,20,3.3000000000000003,920
2014,9,10,2,0,0,0,0,20,3.2,920
2014,9,10,3,0,0,0,0,20,3.2,920
2014,9,10,4,0,0,0,0,20,3.2,920
2014,9,10,5,0,0,0,0,19,3.2,920
2014,9,10,6,0,36,112,27,20,3.2,920
2014,9,10,7,0,257,512,91,21,3.4000000000000004,920
2014,9,10,8,0,505,691,123,24,3.6,920
2014,9,10,9,0,692,722,154,26,3.6,920
2014,9,10,10,0,841,700,220,28,3.6,920
2014,9,10,11,0,972,843,154,29,3.5,920
2014,9,10,12,0,1012,859,162,30,3.3000000000000003,920
2014,9,10,13,0,953,844,158,30,3.1,910
2014,9,10,14,0,821,808,149,29,3,910
2014,9,10,15,0,614,710,141,28,3,910
2014,9,10,16,0,391,617,110,27,2.9000000000000004,910
2014,9,10,17,0,147,365,68,25,3,920
2014,9,10,18,0,0,0,0,24,3.4000000000000004,920
2014,9,10,19,0,0,0,0,23,3.8000000000000003,920
2014,9,10,20,0,0,0,0,22,3.9000000000000004,920
2014,9,10,21,0,0,0,0,21,3.8000000000000003,920
2014,9,10,22,0,0,0,0,21,3.5,920
2014,9,10,23,0,0,0,0,20,3.3000000000000003,920
2014,9,11,0,0,0,0,0,20,3,920
2014,9,11,1,0,0,0,0,20,2.8000000000000003,920
2014,9,11,2,0,0,0,0,20,2.8000000000000003,920
2014,9,11,3,0,0,0,0,20,2.8000000000000003,920
2014,9,11,4,0,0,0,0,20,2.7,920
2014,9,11,5,0,0,0,0,19,2.7,920
2014,9,11,6,0,34,79,28,20,2.7,920
2014,9,11,7,0,256,510,91,21,2.7,920
2014,9,11,8,0,457,514,173,24,2.8000000000000003,920
2014,9,11,9,0,719,764,150,27,2.8000000000000003,920
2014,9,11,10,0,890,830,154,29,2.8000000000000003,920
2014,9,11,11,0,989,854,161,30,2.8000000000000003,920
2014,9,11,12,0,1010,858,162,31,2.7,920
2014,9,11,13,0,953,845,158,31,2.7,920
2014,9,11,14,0,821,809,149,30,2.7,910
2014,9,11,15,0,627,742,134,29,2.7,910
2014,9,11,16,0,390,618,110,28,2.6,920
2014,9,11,17,0,140,301,75,26,2.6,920
2014,9,11,18,0,0,0,0,25,2.9000000000000004,920
2014,9,11,19,0,0,0,0,24,3,920
2014,9,11,20,0,0,0,0,23,2.9000000000000004,920
2014,9,11,21,0,0,0,0,22,2.8000000000000003,920
2014,9,11,22,0,0,0,0,22,2.7,920
2014,9,11,23,0,0,0,0,21,2.7,920
2014,9,12,0,0,0,0,0,21,2.7,920
2014,9,12,1,0,0,0,0,21,2.6,920
2014,9,12,2,0,0,0,0,21,2.5,920
2014,9,12,3,0,0,0,0,20,2.5,920
2014,9,12,4,0,0,0,0,20,2.4000000000000004,920
2014,9,12,5,0,0,0,0,20,2.4000000000000004,920
2014,9,12,6,0,33,77,27,21,2.4000000000000004,920
2014,9,12,7,0,220,316,117,22,2.5,920
2014,9,12,8,0,496,653,135,24,2.6,920
2014,9,12,9,0,719,775,142,27,2.5,920
2014,9,12,10,0,885,825,154,28,2.4000000000000004,920
2014,9,12,11,0,983,849,160,29,2.4000000000000004,920
2014,9,12,12,0,1004,854,162,30,2.3000000000000003,920
2014,9,12,13,0,946,840,158,30,2.3000000000000003,920
2014,9,12,14,0,746,631,224,29,2.3000000000000003,920
2014,9,12,15,0,612,718,137,28,2.3000000000000003,920
2014,9,12,16,0,386,613,109,27,2.3000000000000003,920
2014,9,12,17,0,135,284,75,25,2.4000000000000004,920
2014,9,12,18,0,0,0,0,24,2.7,920
2014,9,12,19,0,0,0,0,24,2.9000000000000004,920
2014,9,12,20,0,0,0,0,23,3.2,920
2014,9,12,21,0,0,0,0,22,3.4000000000000004,920
2014,9,12,22,0,0,0,0,21,3.4000000000000004,920
2014,9,12,23,0,0,0,0,21,3.2,920
2014,9,13,0,0,0,0,0,20,3,920
2014,9,13,1,0,0,0,0,20,2.9000000000000004,920
2014,9,13,2,0,0,0,0,20,3,920
2014,9,13,3,0,0,0,0,20,3,920
2014,9,13,4,0,0,0,0,20,3,920
2014,9,13,5,0,0,0,0,20,2.9000000000000004,920
2014,9,13,6,0,33,44,29,20,2.8000000000000003,920
2014,9,13,7,0,200,224,127,22,2.8000000000000003,920
2014,9,13,8,0,488,582,166,24,2.7,920
2014,9,13,9,0,694,650,210,26,2.8000000000000003,920
2014,9,13,10,0,651,298,387,28,2.7,920
2014,9,13,11,0,870,609,280,28,2.7,920
2014,9,13,12,0,972,728,254,28,2.7,920
2014,9,13,13,0,719,349,392,28,2.6,920
2014,9,13,14,0,524,173,381,28,2.7,910
2014,9,13,15,0,527,381,276,27,2.7,920
2014,9,13,16,0,233,84,195,26,2.5,920
2014,9,13,17,0,74,5,72,25,2.5,920
2014,9,13,18,0,0,0,0,24,2.7,920
2014,9,13,19,0,0,0,0,23,2.8000000000000003,920
2014,9,13,20,0,0,0,0,23,2.9000000000000004,920
2014,9,13,21,0,0,0,0,22,2.9000000000000004,920
2014,9,13,22,0,0,0,0,22,3,920
2014,9,13,23,0,0,0,0,21,3.1,920
2014,9,14,0,0,0,0,0,21,3.1,920
2014,9,14,1,0,0,0,0,21,3.2,920
2014,9,14,2,0,0,0,0,21,3.1,920
2014,9,14,3,0,0,0,0,21,3.1,920
2014,9,14,4,0,0,0,0,21,3,920
2014,9,14,5,0,0,0,0,21,2.9000000000000004,920
2014,9,14,6,0,35,107,27,21,2.8000000000000003,920
2014,9,14,7,0,243,374,121,22,2.9000000000000004,920
2014,9,14,8,0,327,126,257,24,3.1,920
2014,9,14,9,0,433,110,351,26,3.2,920
2014,9,14,10,0,549,131,433,27,3.2,920
2014,9,14,11,0,594,116,481,28,3.1,920
2014,9,14,12,0,567,119,449,28,3,920
2014,9,14,13,0,761,425,363,28,2.9000000000000004,910
2014,9,14,14,0,662,414,321,28,3,910
2014,9,14,15,0,612,730,133,27,3,910
2014,9,14,16,0,354,485,138,26,2.9000000000000004,910
2014,9,14,17,0,122,248,71,25,2.7,920
2014,9,14,18,0,0,0,0,24,2.8000000000000003,920
2014,9,14,19,0,0,0,0,23,2.9000000000000004,920
2014,9,14,20,0,0,0,0,23,3,920
2014,9,14,21,0,0,0,0,22,2.9000000000000004,920
2014,9,14,22,0,0,0,0,22,2.8000000000000003,920
2014,9,14,23,0,0,0,0,21,2.8000000000000003,920
2014,9,15,0,0,0,0,0,21,2.8000000000000003,920
2014,9,15,1,0,0,0,0,21,2.7,920
2014,9,15,2,0,0,0,0,21,2.6,920
2014,9,15,3,0,0,0,0,21,2.6,920
2014,9,15,4,0,0,0,0,21,2.6,920
2014,9,15,5,0,0,0,0,21,2.5,920
2014,9,15,6,0,33,63,28,21,2.6,920
2014,9,15,7,0,156,71,132,22,2.8000000000000003,920
2014,9,15,8,0,384,260,240,23,3.1,920
2014,9,15,9,0,712,767,141,24,3.3000000000000003,920
2014,9,15,10,0,877,817,153,25,3.5,920
2014,9,15,11,0,974,842,160,26,3.6,920
2014,9,15,12,0,914,655,270,27,3.8000000000000003,910
2014,9,15,13,0,587,199,401,27,3.9000000000000004,910
2014,9,15,14,0,735,571,266,27,3.8000000000000003,910
2014,9,15,15,0,253,28,234,26,3.5,910
2014,9,15,16,0,67,0,67,25,2.9000000000000004,910
2014,9,15,17,0,100,104,79,24,2.7,920
2014,9,15,18,0,0,0,0,23,3,920
2014,9,15,19,0,0,0,0,23,3.1,920
2014,9,15,20,0,0,0,0,22,3.1,920
2014,9,15,21,0,0,0,0,22,3,920
2014,9,15,22,0,0,0,0,21,3,920
2014,9,15,23,0,0,0,0,21,3,920
2014,9,16,0,0,0,0,0,21,3,920
2014,9,16,1,0,0,0,0,21,3,910
2014,9,16,2,0,0,0,0,21,2.9000000000000004,910
2014,9,16,3,0,0,0,0,20,2.8000000000000003,910
2014,9,16,4,0,0,0,0,20,2.7,910
2014,9,16,5,0,0,0,0,20,2.7,920
2014,9,16,6,0,33,40,29,21,2.7,920
2014,9,16,7,0,225,332,117,21,2.9000000000000004,920
2014,9,16,8,0,420,381,209,23,3.2,920
2014,9,16,9,0,520,242,340,25,3.5,920
2014,9,16,10,0,808,608,270,26,3.8000000000000003,920
2014,9,16,11,0,758,339,430,27,4,910
2014,9,16,12,0,306,18,288,27,4.1000000000000005,910
2014,9,16,13,0,577,186,403,27,4.1000000000000005,910
2014,9,16,14,0,405,77,341,26,4.1000000000000005,910
2014,9,16,15,0,607,728,132,26,3.9000000000000004,910
2014,9,16,16,0,256,135,196,25,3.5,910
2014,9,16,17,0,103,100,83,23,3.2,910
2014,9,16,18,0,0,0,0,23,3.2,920
2014,9,16,19,0,0,0,0,22,3.2,920
2014,9,16,20,0,0,0,0,22,3.4000000000000004,920
2014,9,16,21,0,0,0,0,21,3.6,920
2014,9,16,22,0,0,0,0,21,3.7,920
2014,9,16,23,0,0,0,0,21,3.8000000000000003,920
2014,9,17,0,0,0,0,0,21,3.8000000000000003,910
2014,9,17,1,0,0,0,0,21,3.9000000000000004,910
2014,9,17,2,0,0,0,0,20,3.9000000000000004,910
2014,9,17,3,0,0,0,0,20,3.9000000000000004,910
2014,9,17,4,0,0,0,0,20,3.9000000000000004,910
2014,9,17,5,0,0,0,0,20,3.7,910
2014,9,17,6,0,33,62,28,21,3.5,920
2014,9,17,7,0,168,111,131,22,3.3000000000000003,920
2014,9,17,8,0,207,12,200,24,3.5,920
2014,9,17,9,0,345,60,300,26,3.6,920
2014,9,17,10,0,761,499,320,27,3.7,920
2014,9,17,11,0,879,628,273,29,3.9000000000000004,910
2014,9,17,12,0,668,233,439,29,4,910
2014,9,17,13,0,742,404,366,30,4.1000000000000005,910
2014,9,17,14,0,444,92,368,29,4,910
2014,9,17,15,0,316,49,284,28,3.9000000000000004,910
2014,9,17,16,0,105,0,105,27,3.6,910
2014,9,17,17,0,62,0,62,25,3.4000000000000004,910
2014,9,17,18,0,0,0,0,24,3.5,920
2014,9,17,19,0,0,0,0,23,3.4000000000000004,920
2014,9,17,20,0,0,0,0,22,3.4000000000000004,920
2014,9,17,21,0,0,0,0,22,3.4000000000000004,920
2014,9,17,22,0,0,0,0,21,3.4000000000000004,920
2014,9,17,23,0,0,0,0,21,3.5,920
2014,9,18,0,0,0,0,0,21,3.6,910
2014,9,18,1,0,0,0,0,20,3.7,910
2014,9,18,2,0,0,0,0,20,3.7,910
2014,9,18,3,0,0,0,0,20,3.6,910
2014,9,18,4,0,0,0,0,20,3.5,910
2014,9,18,5,0,0,0,0,20,3.4000000000000004,920
2014,9,18,6,0,33,40,29,21,3.4000000000000004,920
2014,9,18,7,0,180,150,131,22,3.5,920
2014,9,18,8,0,497,678,122,23,3.6,920
2014,9,18,9,0,713,770,142,25,3.7,920
2014,9,18,10,0,877,819,153,26,3.7,920
2014,9,18,11,0,869,608,283,28,3.7,920
2014,9,18,12,0,842,550,303,29,3.8000000000000003,910
2014,9,18,13,0,619,219,415,29,3.9000000000000004,910
2014,9,18,14,0,412,43,376,28,3.8000000000000003,910
2014,9,18,15,0,333,76,283,27,3.7,910
2014,9,18,16,0,107,0,107,26,3.4000000000000004,910
2014,9,18,17,0,23,0,23,24,3.1,920
2014,9,18,18,0,0,0,0,24,3.1,920
2014,9,18,19,0,0,0,0,23,2.9000000000000004,920
2014,9,18,20,0,0,0,0,23,2.8000000000000003,920
2014,9,18,21,0,0,0,0,22,2.8000000000000003,920
2014,9,18,22,0,0,0,0,22,3,920
2014,9,18,23,0,0,0,0,21,3.1,920
2014,9,19,0,0,0,0,0,21,3.2,920
2014,9,19,1,0,0,0,0,21,3.2,920
2014,9,19,2,0,0,0,0,21,3.1,920
2014,9,19,3,0,0,0,0,21,3,920
2014,9,19,4,0,0,0,0,20,2.8000000000000003,920
2014,9,19,5,0,0,0,0,20,2.5,920
2014,9,19,6,0,33,61,28,21,2.2,920
2014,9,19,7,0,237,392,109,22,2.2,920
2014,9,19,8,0,449,494,176,24,2.3000000000000003,920
2014,9,19,9,0,691,643,213,26,2.2,920
2014,9,19,10,0,677,324,391,28,2.2,920
2014,9,19,11,0,578,141,442,29,2.2,920
2014,9,19,12,0,797,378,427,30,2.3000000000000003,920
2014,9,19,13,0,516,121,403,29,2.4000000000000004,910
2014,9,19,14,0,270,20,253,29,2.5,910
2014,9,19,15,0,424,216,284,27,2.6,910
2014,9,19,16,0,326,378,163,26,2.7,910
2014,9,19,17,0,111,229,67,25,2.8000000000000003,910
2014,9,19,18,0,0,0,0,24,2.9000000000000004,920
2014,9,19,19,0,0,0,0,23,2.9000000000000004,920
2014,9,19,20,0,0,0,0,23,3,920
2014,9,19,21,0,0,0,0,22,3.1,920
2014,9,19,22,0,0,0,0,22,3.2,920
2014,9,19,23,0,0,0,0,21,3.3000000000000003,920
2014,9,20,0,0,0,0,0,21,3.3000000000000003,920
2014,9,20,1,0,0,0,0,21,3.3000000000000003,920
2014,9,20,2,0,0,0,0,20,3.4000000000000004,910
2014,9,20,3,0,0,0,0,20,3.5,910
2014,9,20,4,0,0,0,0,20,3.5,920
2014,9,20,5,0,0,0,0,20,3.5,920
2014,9,20,6,0,33,40,29,20,3.5,920
2014,9,20,7,0,186,108,150,21,3.7,920
2014,9,20,8,0,346,158,258,23,3.9000000000000004,920
2014,9,20,9,0,713,770,142,25,4,920
2014,9,20,10,0,853,747,194,27,4,920
2014,9,20,11,0,905,687,244,28,3.9000000000000004,920
2014,9,20,12,0,694,315,386,28,3.9000000000000004,910
2014,9,20,13,0,290,17,274,28,3.8000000000000003,910
2014,9,20,14,0,309,18,294,27,3.6,910
2014,9,20,15,0,435,243,279,26,3.5,910
2014,9,20,16,0,208,62,181,25,3.2,910
2014,9,20,17,0,84,50,74,24,3.2,910
2014,9,20,18,0,0,0,0,24,3.3000000000000003,920
2014,9,20,19,0,0,0,0,23,3.4000000000000004,920
2014,9,20,20,0,0,0,0,23,3.4000000000000004,920
2014,9,20,21,0,0,0,0,22,3.3000000000000003,920
2014,9,20,22,0,0,0,0,22,3.1,920
2014,9,20,23,0,0,0,0,21,3,920
2014,9,21,0,0,0,0,0,21,2.9000000000000004,920
2014,9,21,1,0,0,0,0,21,2.9000000000000004,910
2014,9,21,2,0,0,0,0,21,2.9000000000000004,910
2014,9,21,3,0,0,0,0,20,3,910
2014,9,21,4,0,0,0,0,20,2.9000000000000004,910
2014,9,21,5,0,0,0,0,20,2.9000000000000004,920
2014,9,21,6,0,33,45,29,21,3,920
2014,9,21,7,0,193,142,146,22,3.1,920
2014,9,21,8,0,412,325,232,24,3.3000000000000003,920
2014,9,21,9,0,487,188,347,27,3.2,920
2014,9,21,10,0,724,418,355,28,3,920
2014,9,21,11,0,945,704,268,28,2.9000000000000004,920
2014,9,21,12,0,635,222,418,28,2.7,920
2014,9,21,13,0,828,560,311,28,2.4000000000000004,910
2014,9,21,14,0,544,219,367,28,2.4000000000000004,910
2014,9,21,15,0,316,52,282,27,2.4000000000000004,910
2014,9,21,16,0,140,1,139,26,2.3000000000000003,910
2014,9,21,17,0,60,0,60,25,2.3000000000000003,920
2014,9,21,18,0,0,0,0,24,2.4000000000000004,920
2014,9,21,19,0,0,0,0,24,2.5,920
2014,9,21,20,0,0,0,0,24,2.4000000000000004,920
2014,9,21,21,0,0,0,0,23,2.2,920
2014,9,21,22,0,0,0,0,23,2.1,920
2014,9,21,23,0,0,0,0,22,1.9000000000000001,920
2014,9,22,0,0,0,0,0,22,1.8,920
2014,9,22,1,0,0,0,0,21,1.8,920
2014,9,22,2,0,0,0,0,21,1.8,920
2014,9,22,3,0,0,0,0,21,1.8,920
2014,9,22,4,0,0,0,0,21,1.9000000000000001,920
2014,9,22,5,0,0,0,0,21,1.9000000000000001,920
2014,9,22,6,0,35,106,27,21,2,920
2014,9,22,7,0,180,108,144,22,2.2,920
2014,9,22,8,0,375,179,276,24,2.2,920
2014,9,22,9,0,580,351,320,26,2.2,920
2014,9,22,10,0,818,639,255,27,2.3000000000000003,920
2014,9,22,11,0,791,449,360,27,2.3000000000000003,920
2014,9,22,12,0,826,520,320,27,2.2,920
2014,9,22,13,0,914,761,213,27,2,920
2014,9,22,14,0,625,333,356,26,1.8,920
2014,9,22,15,0,226,30,206,26,1.6,920
2014,9,22,16,0,323,363,169,26,1.5,920
2014,9,22,17,0,95,125,72,25,1.4000000000000001,920
2014,9,22,18,0,0,0,0,24,1.4000000000000001,920
2014,9,22,19,0,0,0,0,24,1.5,920
2014,9,22,20,0,0,0,0,24,1.6,920
2014,9,22,21,0,0,0,0,23,1.5,920
2014,9,22,22,0,0,0,0,23,1.4000000000000001,920
2014,9,22,23,0,0,0,0,23,1.3,920
2014,9,23,0,0,0,0,0,22,1.2000000000000002,920
2014,9,23,1,0,0,0,0,22,1.1,920
2014,9,23,2,0,0,0,0,22,1.1,920
2014,9,23,3,0,0,0,0,22,1,920
2014,9,23,4,0,0,0,0,22,1,920
2014,9,23,5,0,0,0,0,22,0.9,920
2014,9,23,6,0,24,0,24,23,0.7000000000000001,920
2014,9,23,7,0,206,214,136,25,0.6000000000000001,920
2014,9,23,8,0,498,681,123,26,0.7000000000000001,920
2014,9,23,9,0,714,772,142,27,0.7000000000000001,920
2014,9,23,10,0,877,811,164,28,0.7000000000000001,920
2014,9,23,11,0,818,487,351,28,0.8,920
2014,9,23,12,0,463,86,379,28,0.9,920
2014,9,23,13,0,765,438,362,27,1.1,910
2014,9,23,14,0,730,646,211,27,1.3,910
2014,9,23,15,0,589,723,131,26,1.4000000000000001,910
2014,9,23,16,0,352,588,105,26,1.5,920
2014,9,23,17,0,54,0,54,25,1.6,920
2014,9,23,18,0,0,0,0,24,1.7000000000000002,920
2014,9,23,19,0,0,0,0,24,1.6,920
2014,9,23,20,0,0,0,0,23,1.5,920
2014,9,23,21,0,0,0,0,23,1.3,920
2014,9,23,22,0,0,0,0,23,1.1,920
2014,9,23,23,0,0,0,0,22,1,920
2014,9,24,0,0,0,0,0,22,1,920
2014,9,24,1,0,0,0,0,22,1,920
2014,9,24,2,0,0,0,0,21,1.1,920
2014,9,24,3,0,0,0,0,22,1.1,920
2014,9,24,4,0,0,0,0,22,1.1,920
2014,9,24,5,0,0,0,0,22,1.1,920
2014,9,24,6,0,35,107,27,22,1.1,920
2014,9,24,7,0,230,359,113,23,1.1,920
2014,9,24,8,0,498,681,123,24,1.2000000000000002,920
2014,9,24,9,0,714,772,142,25,1.3,920
2014,9,24,10,0,876,822,154,26,1.4000000000000001,920
2014,9,24,11,0,970,846,160,27,1.5,920
2014,9,24,12,0,880,617,281,27,1.5,920
2014,9,24,13,0,566,160,419,27,1.4000000000000001,920
2014,9,24,14,0,454,110,365,27,1.5,910
2014,9,24,15,0,291,61,252,26,1.7000000000000002,910
2014,9,24,16,0,63,0,63,26,1.8,920
2014,9,24,17,0,20,0,20,25,1.9000000000000001,920
2014,9,24,18,0,0,0,0,24,1.9000000000000001,920
2014,9,24,19,0,0,0,0,23,1.8,920
2014,9,24,20,0,0,0,0,23,1.5,920
2014,9,24,21,0,0,0,0,23,1.3,920
2014,9,24,22,0,0,0,0,22,1.2000000000000002,920
2014,9,24,23,0,0,0,0,22,1.2000000000000002,920
2014,9,25,0,0,0,0,0,22,1.2000000000000002,920
2014,9,25,1,0,0,0,0,22,1.1,920
2014,9,25,2,0,0,0,0,22,0.9,920
2014,9,25,3,0,0,0,0,22,0.8,920
2014,9,25,4,0,0,0,0,22,0.8,920
2014,9,25,5,0,0,0,0,22,0.7000000000000001,920
2014,9,25,6,0,32,36,29,22,0.7000000000000001,920
2014,9,25,7,0,223,323,118,23,0.8,920
2014,9,25,8,0,496,678,122,25,1.1,920
2014,9,25,9,0,690,702,171,26,1.2000000000000002,920
2014,9,25,10,0,872,819,154,27,1.2000000000000002,920
2014,9,25,11,0,951,819,168,27,1.2000000000000002,920
2014,9,25,12,0,980,846,161,27,1.2000000000000002,920
2014,9,25,13,0,789,564,273,27,1.3,920
2014,9,25,14,0,752,672,215,26,1.4000000000000001,920
2014,9,25,15,0,583,719,131,25,1.3,920
2014,9,25,16,0,241,152,178,25,1.2000000000000002,920
2014,9,25,17,0,43,0,43,24,1.1,920
2014,9,25,18,0,0,0,0,23,1.2000000000000002,920
2014,9,25,19,0,0,0,0,23,1.3,920
2014,9,25,20,0,0,0,0,23,1.4000000000000001,920
2014,9,25,21,0,0,0,0,22,1.6,920
2014,9,25,22,0,0,0,0,22,1.7000000000000002,920
2014,9,25,23,0,0,0,0,22,1.8,920
2014,9,26,0,0,0,0,0,22,1.9000000000000001,920
2014,9,26,1,0,0,0,0,22,1.9000000000000001,920
2014,9,26,2,0,0,0,0,22,1.8,920
2014,9,26,3,0,0,0,0,21,1.7000000000000002,920
2014,9,26,4,0,0,0,0,21,1.6,920
2014,9,26,5,0,0,0,0,21,1.6,920
2014,9,26,6,0,28,14,26,21,1.6,920
2014,9,26,7,0,142,51,125,23,1.7000000000000002,920
2014,9,26,8,0,428,373,222,24,1.8,920
2014,9,26,9,0,648,597,207,26,1.9000000000000001,920
2014,9,26,10,0,806,637,247,27,2.1,920
2014,9,26,11,0,808,520,312,28,2.3000000000000003,920
2014,9,26,12,0,965,758,232,28,2.5,920
2014,9,26,13,0,813,611,255,28,2.7,920
2014,9,26,14,0,785,794,152,27,2.6,920
2014,9,26,15,0,586,727,131,26,2.4000000000000004,920
2014,9,26,16,0,332,438,151,25,2.2,920
2014,9,26,17,0,59,17,56,24,2.1,920
2014,9,26,18,0,0,0,0,23,2.1,920
2014,9,26,19,0,0,0,0,23,2.1,920
2014,9,26,20,0,0,0,0,22,2.1,920
2014,9,26,21,0,0,0,0,22,2.2,920
2014,9,26,22,0,0,0,0,21,2.3000000000000003,920
2014,9,26,23,0,0,0,0,21,2.3000000000000003,920
2014,9,27,0,0,0,0,0,21,2.3000000000000003,920
2014,9,27,1,0,0,0,0,21,2.2,920
2014,9,27,2,0,0,0,0,21,2,920
2014,9,27,3,0,0,0,0,21,1.9000000000000001,920
2014,9,27,4,0,0,0,0,21,1.8,920
2014,9,27,5,0,0,0,0,21,1.7000000000000002,920
2014,9,27,6,0,32,53,28,21,1.6,920
2014,9,27,7,0,254,504,91,22,1.7000000000000002,920
2014,9,27,8,0,498,682,123,24,1.9000000000000001,920
2014,9,27,9,0,693,713,167,26,2.1,920
2014,9,27,10,0,875,823,154,27,2.3000000000000003,920
2014,9,27,11,0,967,846,160,27,2.5,920
2014,9,27,12,0,907,672,258,27,2.6,920
2014,9,27,13,0,885,756,196,27,2.7,920
2014,9,27,14,0,758,679,219,27,2.8000000000000003,920
2014,9,27,15,0,395,189,277,26,2.8000000000000003,920
2014,9,27,16,0,327,426,153,25,2.5,920
2014,9,27,17,0,71,54,62,24,2.4000000000000004,920
2014,9,27,18,0,0,0,0,23,2.4000000000000004,920
2014,9,27,19,0,0,0,0,23,2.5,920
2014,9,27,20,0,0,0,0,22,2.5,920
2014,9,27,21,0,0,0,0,22,2.5,920
2014,9,27,22,0,0,0,0,21,2.5,920
2014,9,27,23,0,0,0,0,21,2.5,920
2014,9,28,0,0,0,0,0,21,2.4000000000000004,920
2014,9,28,1,0,0,0,0,21,2.4000000000000004,920
2014,9,28,2,0,0,0,0,21,2.3000000000000003,920
2014,9,28,3,0,0,0,0,21,2.2,920
2014,9,28,4,0,0,0,0,21,2.2,920
2014,9,28,5,0,0,0,0,21,2.1,920
2014,9,28,6,0,35,107,27,21,2.2,920
2014,9,28,7,0,195,182,136,22,2.4000000000000004,920
2014,9,28,8,0,425,399,205,24,2.4000000000000004,920
2014,9,28,9,0,614,483,258,26,2.4000000000000004,920
2014,9,28,10,0,800,628,251,27,2.4000000000000004,920
2014,9,28,11,0,817,541,302,27,2.4000000000000004,920
2014,9,28,12,0,889,637,275,27,2.4000000000000004,920
2014,9,28,13,0,912,831,156,27,2.5,920
2014,9,28,14,0,746,705,188,26,2.5,920
2014,9,28,15,0,575,718,130,26,2.4000000000000004,920
2014,9,28,16,0,264,211,178,25,2.2,920
2014,9,28,17,0,91,202,58,24,2.1,920
2014,9,28,18,0,0,0,0,23,2.2,920
2014,9,28,19,0,0,0,0,23,2.2,920
2014,9,28,20,0,0,0,0,22,2.2,920
2014,9,28,21,0,0,0,0,22,2.3000000000000003,920
2014,9,28,22,0,0,0,0,22,2.3000000000000003,920
2014,9,28,23,0,0,0,0,22,2.2,920
2014,9,29,0,0,0,0,0,21,2.1,920
2014,9,29,1,0,0,0,0,21,2,920
2014,9,29,2,0,0,0,0,21,1.8,920
2014,9,29,3,0,0,0,0,21,1.5,920
2014,9,29,4,0,0,0,0,21,1.4000000000000001,920
2014,9,29,5,0,0,0,0,21,1.4000000000000001,920
2014,9,29,6,0,32,49,28,21,1.6,920
2014,9,29,7,0,254,504,91,22,1.8,920
2014,9,29,8,0,498,683,123,24,2.1,920
2014,9,29,9,0,714,776,142,26,2.4000000000000004,920
2014,9,29,10,0,875,826,154,28,2.4000000000000004,920
2014,9,29,11,0,953,828,166,28,2.2,920
2014,9,29,12,0,911,697,241,29,1.9000000000000001,920
2014,9,29,13,0,574,174,416,28,1.7000000000000002,920
2014,9,29,14,0,644,420,312,28,1.7000000000000002,920
2014,9,29,15,0,518,460,234,27,1.8,920
2014,9,29,16,0,112,0,112,26,2,920
2014,9,29,17,0,33,0,33,25,2.2,920
2014,9,29,18,0,0,0,0,24,2.4000000000000004,920
2014,9,29,19,0,0,0,0,23,2.5,920
2014,9,29,20,0,0,0,0,22,2.6,920
2014,9,29,21,0,0,0,0,22,2.6,920
2014,9,29,22,0,0,0,0,22,2.7,920
2014,9,29,23,0,0,0,0,21,2.6,920
2014,9,30,0,0,0,0,0,21,2.4000000000000004,920
2014,9,30,1,0,0,0,0,21,2.3000000000000003,920
2014,9,30,2,0,0,0,0,21,2.1,920
2014,9,30,3,0,0,0,0,21,1.8,920
2014,9,30,4,0,0,0,0,21,1.6,920
2014,9,30,5,0,0,0,0,21,1.5,920
2014,9,30,6,0,35,109,27,21,1.3,920
2014,9,30,7,0,256,509,91,22,1.3,920
2014,9,30,8,0,501,689,124,24,1.4000000000000001,920
2014,9,30,9,0,717,781,143,26,1.6,920
2014,9,30,10,0,836,688,236,27,1.7000000000000002,920
2014,9,30,11,0,826,564,291,28,1.7000000000000002,920
2014,9,30,12,0,748,359,403,29,1.8,920
2014,9,30,13,0,888,693,261,29,2,920
2014,9,30,14,0,594,302,356,28,2.1,920
2014,9,30,15,0,572,612,196,27,2.1,920
2014,9,30,16,0,205,91,168,26,2.1,920
2014,9,30,17,0,30,0,30,24,2.1,920
2014,9,30,18,0,0,0,0,23,2.2,920
2014,9,30,19,0,0,0,0,23,2.2,920
2014,9,30,20,0,0,0,0,22,2.2,920
2014,9,30,21,0,0,0,0,22,2.2,920
2014,9,30,22,0,0,0,0,21,2.2,920
2014,9,30,23,0,0,0,0,21,2.1,920
2014,10,1,0,0,0,0,0,21,1.9000000000000001,920
2014,10,1,1,0,0,0,0,21,1.7000000000000002,920
2014,10,1,2,0,0,0,0,21,1.6,920
2014,10,1,3,0,0,0,0,21,1.5,920
2014,10,1,4,0,0,0,0,20,1.5,920
2014,10,1,5,0,0,0,0,20,1.5,920
2014,10,1,6,0,24,0,24,21,1.5,920
2014,10,1,7,0,152,63,131,22,1.5,920
2014,10,1,8,0,400,275,249,24,1.5,920
2014,10,1,9,0,640,504,269,27,1.4000000000000001,920
2014,10,1,10,0,852,700,242,28,1.3,920
2014,10,1,11,0,952,789,205,28,1.2000000000000002,920
2014,10,1,12,0,964,792,206,29,1.1,920
2014,10,1,13,0,897,773,200,29,1.1,920
2014,10,1,14,0,757,727,187,28,1.1,920
2014,10,1,15,0,557,642,164,27,1,920
2014,10,1,16,0,320,488,126,27,1.2000000000000002,920
2014,10,1,17,0,75,80,62,25,1.4000000000000001,920
2014,10,1,18,0,0,0,0,24,1.7000000000000002,920
2014,10,1,19,0,0,0,0,24,1.8,920
2014,10,1,20,0,0,0,0,23,2.1,920
2014,10,1,21,0,0,0,0,23,2.3000000000000003,920
2014,10,1,22,0,0,0,0,22,2.4000000000000004,920
2014,10,1,23,0,0,0,0,22,2.5,920
2014,10,2,0,0,0,0,0,21,2.6,920
2014,10,2,1,0,0,0,0,21,2.7,920
2014,10,2,2,0,0,0,0,21,2.6,920
2014,10,2,3,0,0,0,0,21,2.4000000000000004,920
2014,10,2,4,0,0,0,0,20,2.2,920
2014,10,2,5,0,0,0,0,20,2.1,920
2014,10,2,6,0,31,30,28,21,1.9000000000000001,920
2014,10,2,7,0,251,432,112,22,1.8,920
2014,10,2,8,0,497,623,157,24,1.9000000000000001,920
2014,10,2,9,0,715,725,183,26,2,920
2014,10,2,10,0,878,781,199,28,2.1,920
2014,10,2,11,0,970,807,207,29,2.1,920
2014,10,2,12,0,982,810,208,30,2,920
2014,10,2,13,0,913,790,202,30,1.8,920
2014,10,2,14,0,769,743,189,30,1.8,920
2014,10,2,15,0,565,656,165,29,1.8,920
2014,10,2,16,0,324,463,141,27,1.9000000000000001,920
2014,10,2,17,0,72,70,61,26,2,920
2014,10,2,18,0,0,0,0,25,2.3000000000000003,920
2014,10,2,19,0,0,0,0,24,2.4000000000000004,920
2014,10,2,20,0,0,0,0,23,2.5,920
2014,10,2,21,0,0,0,0,22,2.5,920
2014,10,2,22,0,0,0,0,21,2.5,920
2014,10,2,23,0,0,0,0,21,2.4000000000000004,920
2014,10,3,0,0,0,0,0,20,2.3000000000000003,920
2014,10,3,1,0,0,0,0,20,2.1,920
2014,10,3,2,0,0,0,0,20,1.9000000000000001,920
2014,10,3,3,0,0,0,0,20,1.5,920
2014,10,3,4,0,0,0,0,20,1.3,920
2014,10,3,5,0,0,0,0,20,1.1,920
2014,10,3,6,0,27,6,26,20,1,920
2014,10,3,7,0,235,346,123,22,0.9,920
2014,10,3,8,0,490,612,155,25,0.7000000000000001,920
2014,10,3,9,0,705,713,182,27,0.8,920
2014,10,3,10,0,831,621,292,29,1,920
2014,10,3,11,0,630,230,413,29,1,920
2014,10,3,12,0,801,459,363,30,0.9,920
2014,10,3,13,0,754,435,364,30,0.7000000000000001,920
2014,10,3,14,0,445,117,353,29,0.6000000000000001,920
2014,10,3,15,0,537,527,217,29,0.6000000000000001,920
2014,10,3,16,0,194,65,168,28,0.6000000000000001,920
2014,10,3,17,0,59,17,56,26,0.6000000000000001,920
2014,10,3,18,0,0,0,0,25,0.6000000000000001,920
2014,10,3,19,0,0,0,0,25,0.5,920
2014,10,3,20,0,0,0,0,24,0.7000000000000001,920
2014,10,3,21,0,0,0,0,23,0.8,920
2014,10,3,22,0,0,0,0,22,1,920
2014,10,3,23,0,0,0,0,22,1.1,920
2014,10,4,0,0,0,0,0,21,1.2000000000000002,920
2014,10,4,1,0,0,0,0,21,1.3,920
2014,10,4,2,0,0,0,0,20,1.4000000000000001,920
2014,10,4,3,0,0,0,0,20,1.4000000000000001,920
2014,10,4,4,0,0,0,0,20,1.5,920
2014,10,4,5,0,0,0,0,19,1.5,920
2014,10,4,6,0,27,5,26,21,1.5,920
2014,10,4,7,0,204,236,128,23,1.6,920
2014,10,4,8,0,366,185,265,26,1.5,920
2014,10,4,9,0,653,541,257,27,1.1,920
2014,10,4,10,0,758,527,301,28,0.8,920
2014,10,4,11,0,950,791,205,28,0.8,920
2014,10,4,12,0,755,361,411,28,0.8,920
2014,10,4,13,0,742,413,372,28,0.8,920
2014,10,4,14,0,708,619,228,28,0.8,920
2014,10,4,15,0,516,541,189,27,0.9,920
2014,10,4,16,0,294,359,154,27,1.1,920
2014,10,4,17,0,61,36,55,25,1.3,920
2014,10,4,18,0,0,0,0,24,1.6,920
2014,10,4,19,0,0,0,0,24,1.8,920
2014,10,4,20,0,0,0,0,24,1.9000000000000001,920
2014,10,4,21,0,0,0,0,23,2,920
2014,10,4,22,0,0,0,0,22,2,920
2014,10,4,23,0,0,0,0,22,1.9000000000000001,920
2014,10,5,0,0,0,0,0,21,1.7000000000000002,920
2014,10,5,1,0,0,0,0,20,1.7000000000000002,920
2014,10,5,2,0,0,0,0,20,1.7000000000000002,920
2014,10,5,3,0,0,0,0,20,1.8,920
2014,10,5,4,0,0,0,0,19,1.7000000000000002,920
2014,10,5,5,0,0,0,0,19,1.6,920
2014,10,5,6,0,27,4,26,21,1.4000000000000001,920
2014,10,5,7,0,246,422,110,23,0.9,920
2014,10,5,8,0,487,609,155,27,0.9,920
2014,10,5,9,0,701,711,181,28,0.7000000000000001,920
2014,10,5,10,0,833,656,265,29,0.7000000000000001,920
2014,10,5,11,0,785,445,367,29,0.6000000000000001,920
2014,10,5,12,0,836,544,320,29,0.6000000000000001,920
2014,10,5,13,0,676,283,423,29,0.7000000000000001,920
2014,10,5,14,0,467,134,363,28,0.9,920
2014,10,5,15,0,325,88,272,28,1.2000000000000002,920
2014,10,5,16,0,290,326,164,27,1.5,920
2014,10,5,17,0,44,0,44,26,1.7000000000000002,920
2014,10,5,18,0,0,0,0,25,1.9000000000000001,920
2014,10,5,19,0,0,0,0,24,2,920
2014,10,5,20,0,0,0,0,24,2,920
2014,10,5,21,0,0,0,0,23,1.9000000000000001,920
2014,10,5,22,0,0,0,0,23,1.9000000000000001,920
2014,10,5,23,0,0,0,0,22,2,920
2014,10,6,0,0,0,0,0,22,2,920
2014,10,6,1,0,0,0,0,22,2,920
2014,10,6,2,0,0,0,0,22,1.8,920
2014,10,6,3,0,0,0,0,22,1.7000000000000002,920
2014,10,6,4,0,0,0,0,22,1.7000000000000002,920
2014,10,6,5,0,0,0,0,21,1.6,920
2014,10,6,6,0,26,3,25,22,1.5,920
2014,10,6,7,0,196,191,134,22,1.4000000000000001,920
2014,10,6,8,0,483,604,154,24,1.4000000000000001,920
2014,10,6,9,0,695,705,181,26,1.5,920
2014,10,6,10,0,853,760,196,28,1.5,920
2014,10,6,11,0,942,786,204,29,1.5,920
2014,10,6,12,0,839,557,311,30,1.4000000000000001,920
2014,10,6,13,0,846,553,354,30,1.3,920
2014,10,6,14,0,156,1,155,30,1.3,920
2014,10,6,15,0,143,0,143,29,1.2000000000000002,920
2014,10,6,16,0,95,0,95,28,1.2000000000000002,920
2014,10,6,17,0,22,0,22,26,1.3,920
2014,10,6,18,0,0,0,0,26,1.4000000000000001,920
2014,10,6,19,0,0,0,0,25,1.4000000000000001,920
2014,10,6,20,0,0,0,0,25,1.4000000000000001,920
2014,10,6,21,0,0,0,0,24,1.4000000000000001,920
2014,10,6,22,0,0,0,0,23,1.5,920
2014,10,6,23,0,0,0,0,23,1.6,920
2014,10,7,0,0,0,0,0,22,1.8,920
2014,10,7,1,0,0,0,0,22,1.9000000000000001,920
2014,10,7,2,0,0,0,0,21,2,920
2014,10,7,3,0,0,0,0,21,2.1,920
2014,10,7,4,0,0,0,0,21,2.1,920
2014,10,7,5,0,0,0,0,21,2.2,920
2014,10,7,6,0,30,23,28,21,2.2,920
2014,10,7,7,0,239,408,109,22,2.1,920
2014,10,7,8,0,476,595,153,24,2.1,920
2014,10,7,9,0,640,540,246,25,1.9000000000000001,920
2014,10,7,10,0,834,666,259,26,1.6,920
2014,10,7,11,0,881,650,272,26,1.4000000000000001,920
2014,10,7,12,0,918,673,282,26,1.1,920
2014,10,7,13,0,872,760,198,26,0.9,920
2014,10,7,14,0,732,714,184,26,0.8,920
2014,10,7,15,0,518,496,223,25,0.8,920
2014,10,7,16,0,93,0,93,24,0.7000000000000001,920
2014,10,7,17,0,14,0,14,24,0.5,920
2014,10,7,18,0,0,0,0,23,0.4,920
2014,10,7,19,0,0,0,0,23,0.4,920
2014,10,7,20,0,0,0,0,22,0.4,920
2014,10,7,21,0,0,0,0,22,0.6000000000000001,920
2014,10,7,22,0,0,0,0,22,0.8,920
2014,10,7,23,0,0,0,0,22,1.2000000000000002,920
2014,10,8,0,0,0,0,0,21,1.6,920
2014,10,8,1,0,0,0,0,21,2,920
2014,10,8,2,0,0,0,0,21,2.2,920
2014,10,8,3,0,0,0,0,21,2.3000000000000003,920
2014,10,8,4,0,0,0,0,21,2.4000000000000004,920
2014,10,8,5,0,0,0,0,21,2.4000000000000004,920
2014,10,8,6,0,26,1,25,21,2.2,920
2014,10,8,7,0,207,257,125,22,2,920
2014,10,8,8,0,360,179,262,23,2,920
2014,10,8,9,0,685,695,179,24,2,920
2014,10,8,10,0,832,691,237,25,1.9000000000000001,920
2014,10,8,11,0,863,608,295,26,1.6,920
2014,10,8,12,0,756,371,406,26,1.3,920
2014,10,8,13,0,706,356,391,26,1,920
2014,10,8,14,0,524,199,371,25,0.8,920
2014,10,8,15,0,273,58,238,25,0.7000000000000001,920
2014,10,8,16,0,270,279,164,24,0.9,920
2014,10,8,17,0,54,30,49,24,1.1,920
2014,10,8,18,0,0,0,0,23,1.4000000000000001,920
2014,10,8,19,0,0,0,0,23,1.6,920
2014,10,8,20,0,0,0,0,22,1.6,920
2014,10,8,21,0,0,0,0,22,1.5,920
2014,10,8,22,0,0,0,0,22,1.4000000000000001,920
2014,10,8,23,0,0,0,0,22,1.3,920
2014,10,9,0,0,0,0,0,21,1.1,920
2014,10,9,1,0,0,0,0,21,0.8,920
2014,10,9,2,0,0,0,0,21,0.6000000000000001,920
2014,10,9,3,0,0,0,0,21,0.6000000000000001,920
2014,10,9,4,0,0,0,0,21,0.5,920
2014,10,9,5,0,0,0,0,21,0.4,920
2014,10,9,6,0,29,14,27,21,0.4,920
2014,10,9,7,0,169,108,134,22,0.6000000000000001,920
2014,10,9,8,0,437,387,227,25,0.9,920
2014,10,9,9,0,586,383,308,27,1,920
2014,10,9,10,0,790,599,275,27,1,920
2014,10,9,11,0,925,738,237,28,0.9,920
2014,10,9,12,0,935,757,223,29,0.9,920
2014,10,9,13,0,869,761,198,29,0.8,920
2014,10,9,14,0,701,629,221,28,0.6000000000000001,910
2014,10,9,15,0,526,573,188,27,0.5,910
2014,10,9,16,0,191,83,159,27,0.4,920
2014,10,9,17,0,39,0,39,26,0.4,920
2014,10,9,18,0,0,0,0,24,0.4,920
2014,10,9,19,0,0,0,0,24,0.30000000000000004,920
2014,10,9,20,0,0,0,0,23,0.30000000000000004,920
2014,10,9,21,0,0,0,0,23,0.4,920
2014,10,9,22,0,0,0,0,23,0.5,920
2014,10,9,23,0,0,0,0,22,0.6000000000000001,920
2014,10,10,0,0,0,0,0,22,0.7000000000000001,920
2014,10,10,1,0,0,0,0,22,0.9,920
2014,10,10,2,0,0,0,0,21,1,920
2014,10,10,3,0,0,0,0,21,1,920
2014,10,10,4,0,0,0,0,21,1,920
2014,10,10,5,0,0,0,0,21,1,920
2014,10,10,6,0,29,13,28,22,1,920
2014,10,10,7,0,199,185,140,23,0.8,920
2014,10,10,8,0,443,406,223,25,0.9,920
2014,10,10,9,0,682,694,179,26,0.9,920
2014,10,10,10,0,809,643,257,27,0.9,920
2014,10,10,11,0,873,645,273,27,1.1,920
2014,10,10,12,0,932,693,282,27,1.2000000000000002,920
2014,10,10,13,0,672,292,415,27,1.2000000000000002,920
2014,10,10,14,0,548,225,377,26,1.3,910
2014,10,10,15,0,456,362,243,26,1.4000000000000001,920
2014,10,10,16,0,241,218,160,25,1.5,920
2014,10,10,17,0,32,0,32,24,1.8,920
2014,10,10,18,0,0,0,0,24,2.1,920
2014,10,10,19,0,0,0,0,23,2.4000000000000004,920
2014,10,10,20,0,0,0,0,23,2.5,920
2014,10,10,21,0,0,0,0,23,2.5,920
2014,10,10,22,0,0,0,0,22,2.7,920
2014,10,10,23,0,0,0,0,22,2.7,920
2014,10,11,0,0,0,0,0,22,2.8000000000000003,920
2014,10,11,1,0,0,0,0,22,2.8000000000000003,920
2014,10,11,2,0,0,0,0,22,2.7,920
2014,10,11,3,0,0,0,0,22,2.5,920
2014,10,11,4,0,0,0,0,22,2.3000000000000003,920
2014,10,11,5,0,0,0,0,22,2.2,920
2014,10,11,6,0,29,20,27,22,2.1,920
2014,10,11,7,0,139,30,129,23,1.9000000000000001,920
2014,10,11,8,0,350,163,262,24,2.2,920
2014,10,11,9,0,545,282,341,25,2.5,920
2014,10,11,10,0,442,82,371,26,2.7,920
2014,10,11,11,0,799,466,366,27,2.9000000000000004,920
2014,10,11,12,0,647,229,432,27,2.9000000000000004,920
2014,10,11,13,0,729,400,378,27,2.8000000000000003,910
2014,10,11,14,0,488,157,369,26,2.7,910
2014,10,11,15,0,295,41,271,26,2.5,910
2014,10,11,16,0,166,32,154,25,2.4000000000000004,910
2014,10,11,17,0,12,0,12,24,2.5,920
2014,10,11,18,0,0,0,0,24,2.7,920
2014,10,11,19,0,0,0,0,23,2.9000000000000004,920
2014,10,11,20,0,0,0,0,23,3,920
2014,10,11,21,0,0,0,0,22,3,920
2014,10,11,22,0,0,0,0,22,3,920
2014,10,11,23,0,0,0,0,22,3,920
2014,10,12,0,0,0,0,0,22,2.8000000000000003,920
2014,10,12,1,0,0,0,0,22,2.8000000000000003,920
2014,10,12,2,0,0,0,0,21,2.7,910
2014,10,12,3,0,0,0,0,21,2.6,910
2014,10,12,4,0,0,0,0,21,2.5,910
2014,10,12,5,0,0,0,0,21,2.5,920
2014,10,12,6,0,28,18,26,21,2.4000000000000004,920
2014,10,12,7,0,84,0,84,22,2.3000000000000003,920
2014,10,12,8,0,342,166,252,24,2.4000000000000004,920
2014,10,12,9,0,289,30,267,26,2.5,920
2014,10,12,10,0,651,292,401,27,2.5,920
2014,10,12,11,0,731,318,436,27,2.6,920
2014,10,12,12,0,269,27,243,27,2.4000000000000004,910
2014,10,12,13,0,673,286,423,27,2.1,910
2014,10,12,14,0,540,237,361,27,1.8,910
2014,10,12,15,0,522,624,160,26,1.6,910
2014,10,12,16,0,287,458,120,26,1.7000000000000002,910
2014,10,12,17,0,49,26,45,24,2.1,910
2014,10,12,18,0,0,0,0,24,2.4000000000000004,920
2014,10,12,19,0,0,0,0,23,2.7,920
2014,10,12,20,0,0,0,0,23,2.7,920
2014,10,12,21,0,0,0,0,22,2.7,920
2014,10,12,22,0,0,0,0,22,2.8000000000000003,920
2014,10,12,23,0,0,0,0,22,2.9000000000000004,920
2014,10,13,0,0,0,0,0,22,2.8000000000000003,920
2014,10,13,1,0,0,0,0,21,2.7,910
2014,10,13,2,0,0,0,0,21,2.5,910
2014,10,13,3,0,0,0,0,21,2.4000000000000004,910
2014,10,13,4,0,0,0,0,21,2.2,910
2014,10,13,5,0,0,0,0,21,2,920
2014,10,13,6,0,24,0,24,21,1.8,920
2014,10,13,7,0,209,250,130,22,1.8,920
2014,10,13,8,0,476,600,153,24,2,920
2014,10,13,9,0,685,701,180,26,2.1,920
2014,10,13,10,0,821,681,240,28,2.4000000000000004,920
2014,10,13,11,0,924,781,203,28,2.4000000000000004,920
2014,10,13,12,0,906,675,278,28,2.3000000000000003,920
2014,10,13,13,0,835,674,247,28,2.1,910
2014,10,13,14,0,718,711,183,28,1.8,910
2014,10,13,15,0,517,540,205,27,1.3,910
2014,10,13,16,0,244,242,156,27,0.9,910
2014,10,13,17,0,47,21,44,25,0.5,920
2014,10,13,18,0,0,0,0,25,0.2,920
2014,10,13,19,0,0,0,0,24,0.30000000000000004,920
2014,10,13,20,0,0,0,0,24,0.4,920
2014,10,13,21,0,0,0,0,23,0.6000000000000001,920
2014,10,13,22,0,0,0,0,23,0.8,920
2014,10,13,23,0,0,0,0,22,0.9,920
2014,10,14,0,0,0,0,0,22,1.1,920
2014,10,14,1,0,0,0,0,22,1.4000000000000001,920
2014,10,14,2,0,0,0,0,22,1.4000000000000001,920
2014,10,14,3,0,0,0,0,21,1.4000000000000001,920
2014,10,14,4,0,0,0,0,21,1.4000000000000001,920
2014,10,14,5,0,0,0,0,21,1.4000000000000001,920
2014,10,14,6,0,24,0,24,22,1.4000000000000001,920
2014,10,14,7,0,214,273,128,23,1.3,920
2014,10,14,8,0,472,595,153,24,1.5,920
2014,10,14,9,0,681,698,179,26,1.7000000000000002,920
2014,10,14,10,0,836,754,195,27,1.6,920
2014,10,14,11,0,897,633,313,28,1.4000000000000001,920
2014,10,14,12,0,700,323,400,28,1.2000000000000002,920
2014,10,14,13,0,527,126,417,28,1.1,920
2014,10,14,14,0,353,36,326,28,1,920
2014,10,14,15,0,338,132,262,27,1,920
2014,10,14,16,0,283,455,119,27,1.1,920
2014,10,14,17,0,44,15,42,25,1.4000000000000001,920
2014,10,14,18,0,0,0,0,24,1.7000000000000002,920
2014,10,14,19,0,0,0,0,24,1.9000000000000001,920
2014,10,14,20,0,0,0,0,23,2,920
2014,10,14,21,0,0,0,0,23,2.1,920
2014,10,14,22,0,0,0,0,22,2.1,920
2014,10,14,23,0,0,0,0,22,2.1,920
2014,10,15,0,0,0,0,0,21,2.1,920
2014,10,15,1,0,0,0,0,21,2,920
2014,10,15,2,0,0,0,0,21,1.9000000000000001,920
2014,10,15,3,0,0,0,0,21,1.8,920
2014,10,15,4,0,0,0,0,21,1.9000000000000001,920
2014,10,15,5,0,0,0,0,21,1.9000000000000001,920
2014,10,15,6,0,23,0,23,21,2,920
2014,10,15,7,0,219,296,126,23,2.1,920
2014,10,15,8,0,467,565,164,24,2.2,920
2014,10,15,9,0,639,562,236,26,2,920
2014,10,15,10,0,836,755,195,27,1.9000000000000001,920
2014,10,15,11,0,920,780,203,27,1.8,920
2014,10,15,12,0,920,737,238,27,1.8,920
2014,10,15,13,0,857,761,197,27,1.9000000000000001,920
2014,10,15,14,0,638,457,297,26,2,920
2014,10,15,15,0,410,247,268,26,2.2,920
2014,10,15,16,0,265,312,153,25,2.2,920
2014,10,15,17,0,38,0,38,24,2.4000000000000004,920
2014,10,15,18,0,0,0,0,23,2.5,920
2014,10,15,19,0,0,0,0,23,2.5,920
2014,10,15,20,0,0,0,0,22,2.3000000000000003,920
2014,10,15,21,0,0,0,0,22,2.1,920
2014,10,15,22,0,0,0,0,22,1.9000000000000001,920
2014,10,15,23,0,0,0,0,22,1.7000000000000002,920
2014,10,16,0,0,0,0,0,22,1.6,920
2014,10,16,1,0,0,0,0,22,1.6,920
2014,10,16,2,0,0,0,0,21,1.6,920
2014,10,16,3,0,0,0,0,21,1.7000000000000002,920
2014,10,16,4,0,0,0,0,21,1.7000000000000002,920
2014,10,16,5,0,0,0,0,21,1.6,920
2014,10,16,6,0,27,8,26,21,1.6,920
2014,10,16,7,0,193,143,148,22,1.6,920
2014,10,16,8,0,406,315,237,23,1.6,920
2014,10,16,9,0,680,629,230,25,1.8,920
2014,10,16,10,0,779,602,269,27,1.9000000000000001,920
2014,10,16,11,0,920,781,203,27,2.1,920
2014,10,16,12,0,828,574,298,27,2.3000000000000003,920
2014,10,16,13,0,839,692,241,27,2.5,920
2014,10,16,14,0,705,692,191,27,2.6,920
2014,10,16,15,0,511,619,159,26,2.5,920
2014,10,16,16,0,254,279,155,25,2.3000000000000003,920
2014,10,16,17,0,17,0,17,24,2.1,920
2014,10,16,18,0,0,0,0,23,2.1,920
2014,10,16,19,0,0,0,0,23,2,920
2014,10,16,20,0,0,0,0,22,2,920
2014,10,16,21,0,0,0,0,22,2.1,920
2014,10,16,22,0,0,0,0,21,2.2,920
2014,10,16,23,0,0,0,0,21,2.3000000000000003,920
2014,10,17,0,0,0,0,0,20,2.4000000000000004,920
2014,10,17,1,0,0,0,0,20,2.3000000000000003,920
2014,10,17,2,0,0,0,0,20,2.2,920
2014,10,17,3,0,0,0,0,20,2.1,920
2014,10,17,4,0,0,0,0,20,1.9000000000000001,920
2014,10,17,5,0,0,0,0,20,1.8,920
2014,10,17,6,0,26,10,25,20,1.8,920
2014,10,17,7,0,217,323,116,21,1.9000000000000001,920
2014,10,17,8,0,445,476,191,23,1.8,920
2014,10,17,9,0,672,667,195,25,1.7000000000000002,920
2014,10,17,10,0,810,669,245,27,1.6,920
2014,10,17,11,0,835,593,292,28,1.6,920
2014,10,17,12,0,928,730,256,29,1.4000000000000001,920
2014,10,17,13,0,618,246,406,29,1.3,920
2014,10,17,14,0,543,259,351,28,1.3,920
2014,10,17,15,0,253,26,238,27,1.5,920
2014,10,17,16,0,119,0,119,26,1.8,920
2014,10,17,17,0,26,0,26,24,2.2,920
2014,10,17,18,0,0,0,0,23,2.5,920
2014,10,17,19,0,0,0,0,22,2.6,920
2014,10,17,20,0,0,0,0,22,2.6,920
2014,10,17,21,0,0,0,0,22,2.5,920
2014,10,17,22,0,0,0,0,21,2.4000000000000004,920
2014,10,17,23,0,0,0,0,21,2.3000000000000003,920
2014,10,18,0,0,0,0,0,21,2.1,920
2014,10,18,1,0,0,0,0,21,2,920
2014,10,18,2,0,0,0,0,20,1.8,920
2014,10,18,3,0,0,0,0,20,1.8,920
2014,10,18,4,0,0,0,0,20,1.9000000000000001,920
2014,10,18,5,0,0,0,0,20,1.9000000000000001,920
2014,10,18,6,0,26,8,25,20,2,920
2014,10,18,7,0,197,214,130,21,2.1,920
2014,10,18,8,0,466,591,152,23,2.3000000000000003,920
2014,10,18,9,0,485,199,343,24,2.3000000000000003,920
2014,10,18,10,0,714,425,356,24,2.2,920
2014,10,18,11,0,396,66,335,24,2.2,920
2014,10,18,12,0,829,528,344,24,2.1,920
2014,10,18,13,0,708,370,390,24,2,920
2014,10,18,14,0,129,0,129,24,2.2,920
2014,10,18,15,0,390,233,258,23,2.3000000000000003,920
2014,10,18,16,0,111,0,111,22,2.2,920
2014,10,18,17,0,10,0,10,22,2.2,920
2014,10,18,18,0,0,0,0,21,2.3000000000000003,920
2014,10,18,19,0,0,0,0,21,2.4000000000000004,920
2014,10,18,20,0,0,0,0,21,2.4000000000000004,920
2014,10,18,21,0,0,0,0,20,2.4000000000000004,920
2014,10,18,22,0,0,0,0,20,2.3000000000000003,920
2014,10,18,23,0,0,0,0,20,2.3000000000000003,920
2014,10,19,0,0,0,0,0,20,2.1,920
2014,10,19,1,0,0,0,0,20,2.1,920
2014,10,19,2,0,0,0,0,20,1.9000000000000001,920
2014,10,19,3,0,0,0,0,20,1.7000000000000002,920
2014,10,19,4,0,0,0,0,20,1.7000000000000002,920
2014,10,19,5,0,0,0,0,19,1.7000000000000002,920
2014,10,19,6,0,25,5,24,20,1.7000000000000002,920
2014,10,19,7,0,172,114,136,20,1.8,920
2014,10,19,8,0,271,62,238,22,2,920
2014,10,19,9,0,293,21,278,23,2.5,920
2014,10,19,10,0,416,40,382,24,2.7,920
2014,10,19,11,0,328,25,305,24,2.9000000000000004,920
2014,10,19,12,0,281,7,274,24,3,920
2014,10,19,13,0,229,6,223,24,3,920
2014,10,19,14,0,321,26,301,24,3,920
2014,10,19,15,0,279,31,261,23,2.9000000000000004,920
2014,10,19,16,0,141,12,136,23,2.6,920
2014,10,19,17,0,30,0,30,22,2.6,920
2014,10,19,18,0,0,0,0,21,2.7,920
2014,10,19,19,0,0,0,0,21,2.8000000000000003,920
2014,10,19,20,0,0,0,0,20,2.8000000000000003,920
2014,10,19,21,0,0,0,0,20,2.8000000000000003,920
2014,10,19,22,0,0,0,0,20,2.7,920
2014,10,19,23,0,0,0,0,20,2.7,920
2014,10,20,0,0,0,0,0,20,2.5,920
2014,10,20,1,0,0,0,0,20,2.3000000000000003,920
2014,10,20,2,0,0,0,0,19,2.2,920
2014,10,20,3,0,0,0,0,19,2.1,920
2014,10,20,4,0,0,0,0,19,2.1,920
2014,10,20,5,0,0,0,0,19,2.1,920
2014,10,20,6,0,21,0,21,19,2.1,920
2014,10,20,7,0,214,249,137,20,2.4000000000000004,920
2014,10,20,8,0,240,28,225,22,2.5,920
2014,10,20,9,0,377,77,322,24,2.7,920
2014,10,20,10,0,755,487,346,25,2.9000000000000004,920
2014,10,20,11,0,337,38,302,26,2.9000000000000004,920
2014,10,20,12,0,517,102,423,26,2.9000000000000004,920
2014,10,20,13,0,441,80,372,26,2.9000000000000004,920
2014,10,20,14,0,653,497,289,25,3,920
2014,10,20,15,0,368,185,264,25,3.1,920
2014,10,20,16,0,138,15,132,24,2.9000000000000004,920
2014,10,20,17,0,21,0,21,23,2.8000000000000003,920
2014,10,20,18,0,0,0,0,22,2.9000000000000004,920
2014,10,20,19,0,0,0,0,21,2.9000000000000004,920
2014,10,20,20,0,0,0,0,21,2.9000000000000004,920
2014,10,20,21,0,0,0,0,21,2.8000000000000003,920
2014,10,20,22,0,0,0,0,20,2.8000000000000003,920
2014,10,20,23,0,0,0,0,20,2.7,920
2014,10,21,0,0,0,0,0,20,2.7,920
2014,10,21,1,0,0,0,0,20,2.7,920
2014,10,21,2,0,0,0,0,20,2.7,920
2014,10,21,3,0,0,0,0,20,2.6,920
2014,10,21,4,0,0,0,0,20,2.6,920
2014,10,21,5,0,0,0,0,20,2.6,920
2014,10,21,6,0,26,54,22,20,2.6,920
2014,10,21,7,0,230,400,107,20,2.7,920
2014,10,21,8,0,463,591,152,22,3,920
2014,10,21,9,0,669,693,179,23,3.2,920
2014,10,21,10,0,821,749,194,25,3.3000000000000003,920
2014,10,21,11,0,903,774,202,26,3.3000000000000003,920
2014,10,21,12,0,909,776,202,27,3.2,920
2014,10,21,13,0,838,754,196,27,3,920
2014,10,21,14,0,695,704,181,26,3,920
2014,10,21,15,0,496,610,157,25,2.9000000000000004,920
2014,10,21,16,0,265,437,115,24,2.8000000000000003,920
2014,10,21,17,0,49,109,38,23,2.7,920
2014,10,21,18,0,0,0,0,22,2.8000000000000003,920
2014,10,21,19,0,0,0,0,22,2.9000000000000004,920
2014,10,21,20,0,0,0,0,21,2.9000000000000004,920
2014,10,21,21,0,0,0,0,21,2.9000000000000004,920
2014,10,21,22,0,0,0,0,21,2.7,920
2014,10,21,23,0,0,0,0,20,2.6,920
2014,10,22,0,0,0,0,0,19,2.6,920
2014,10,22,1,0,0,0,0,19,2.5,920
2014,10,22,2,0,0,0,0,19,2.2,920
2014,10,22,3,0,0,0,0,19,2.1,920
2014,10,22,4,0,0,0,0,19,2.1,920
2014,10,22,5,0,0,0,0,19,2.2,920
2014,10,22,6,0,25,54,22,19,2.4000000000000004,920
2014,10,22,7,0,231,404,107,21,2.6,920
2014,10,22,8,0,465,595,152,23,3.1,920
2014,10,22,9,0,671,698,179,25,3.2,920
2014,10,22,10,0,823,753,195,26,3,920
2014,10,22,11,0,906,779,202,27,2.8000000000000003,920
2014,10,22,12,0,799,548,301,27,2.7,920
2014,10,22,13,0,684,369,371,26,2.7,920
2014,10,22,14,0,515,241,339,26,2.8000000000000003,920
2014,10,22,15,0,92,0,92,25,2.8000000000000003,920
2014,10,22,16,0,144,35,132,24,2.6,920
2014,10,22,17,0,9,0,9,23,2.5,920
2014,10,22,18,0,0,0,0,22,2.5,920
2014,10,22,19,0,0,0,0,22,2.5,920
2014,10,22,20,0,0,0,0,21,2.4000000000000004,920
2014,10,22,21,0,0,0,0,21,2.3000000000000003,920
2014,10,22,22,0,0,0,0,21,2.1,920
2014,10,22,23,0,0,0,0,21,1.8,920
2014,10,23,0,0,0,0,0,21,1.7000000000000002,920
2014,10,23,1,0,0,0,0,21,1.6,920
2014,10,23,2,0,0,0,0,21,1.5,920
2014,10,23,3,0,0,0,0,21,1.6,920
2014,10,23,4,0,0,0,0,21,1.9000000000000001,920
2014,10,23,5,0,0,0,0,20,2.1,920
2014,10,23,6,0,23,0,23,21,2.4000000000000004,920
2014,10,23,7,0,210,281,124,21,2.5,920
2014,10,23,8,0,338,158,255,22,2.6,920
2014,10,23,9,0,649,592,232,24,2.8000000000000003,920
2014,10,23,10,0,825,725,222,26,2.8000000000000003,920
2014,10,23,11,0,810,530,332,27,2.8000000000000003,920
2014,10,23,12,0,660,253,431,27,2.8000000000000003,920
2014,10,23,13,0,437,81,368,27,2.9000000000000004,920
2014,10,23,14,0,588,342,340,27,2.9000000000000004,920
2014,10,23,15,0,198,11,191,26,2.9000000000000004,920
2014,10,23,16,0,204,176,144,25,2.8000000000000003,920
2014,10,23,17,0,35,8,34,23,2.8000000000000003,920
2014,10,23,18,0,0,0,0,23,2.8000000000000003,920
2014,10,23,19,0,0,0,0,22,2.7,920
2014,10,23,20,0,0,0,0,21,2.5,920
2014,10,23,21,0,0,0,0,21,2.2,920
2014,10,23,22,0,0,0,0,20,1.8,920
2014,10,23,23,0,0,0,0,20,1.4000000000000001,920
2014,10,24,0,0,0,0,0,20,1.2000000000000002,920
2014,10,24,1,0,0,0,0,20,0.9,920
2014,10,24,2,0,0,0,0,20,0.9,920
2014,10,24,3,0,0,0,0,20,0.9,920
2014,10,24,4,0,0,0,0,20,1.1,920
2014,10,24,5,0,0,0,0,20,1.2000000000000002,920
2014,10,24,6,0,22,0,22,20,1.3,920
2014,10,24,7,0,190,181,134,21,1.4000000000000001,920
2014,10,24,8,0,453,546,167,23,1.4000000000000001,920
2014,10,24,9,0,640,602,217,25,1.4000000000000001,920
2014,10,24,10,0,642,307,387,27,1.4000000000000001,920
2014,10,24,11,0,589,167,439,28,1.3,920
2014,10,24,12,0,825,525,351,28,1.4000000000000001,920
2014,10,24,13,0,373,45,335,27,1.4000000000000001,920
2014,10,24,14,0,475,171,351,27,1.4000000000000001,920
2014,10,24,15,0,376,196,268,26,1.4000000000000001,920
2014,10,24,16,0,250,363,128,25,1.6,920
2014,10,24,17,0,42,45,37,24,1.8,920
2014,10,24,18,0,0,0,0,23,1.9000000000000001,920
2014,10,24,19,0,0,0,0,23,2,920
2014,10,24,20,0,0,0,0,22,2,920
2014,10,24,21,0,0,0,0,22,2.1,920
2014,10,24,22,0,0,0,0,21,2.1,920
2014,10,24,23,0,0,0,0,21,2.1,920
2014,10,25,0,0,0,0,0,21,2.1,920
2014,10,25,1,0,0,0,0,21,2,920
2014,10,25,2,0,0,0,0,21,2,920
2014,10,25,3,0,0,0,0,21,1.9000000000000001,920
2014,10,25,4,0,0,0,0,21,1.8,920
2014,10,25,5,0,0,0,0,21,1.8,920
2014,10,25,6,0,22,0,22,21,1.7000000000000002,920
2014,10,25,7,0,146,62,127,22,1.7000000000000002,920
2014,10,25,8,0,231,25,217,22,1.8,920
2014,10,25,9,0,484,222,328,23,1.8,920
2014,10,25,10,0,762,585,278,23,1.8,920
2014,10,25,11,0,863,626,302,24,1.7000000000000002,920
2014,10,25,12,0,804,498,355,24,1.7000000000000002,920
2014,10,25,13,0,409,64,355,24,1.7000000000000002,920
2014,10,25,14,0,188,4,185,24,1.7000000000000002,920
2014,10,25,15,0,198,8,193,24,1.6,920
2014,10,25,16,0,47,0,47,23,1.4000000000000001,920
2014,10,25,17,0,8,0,8,22,1.1,920
2014,10,25,18,0,0,0,0,22,1.1,920
2014,10,25,19,0,0,0,0,22,1.1,920
2014,10,25,20,0,0,0,0,21,1.2000000000000002,920
2014,10,25,21,0,0,0,0,21,1.3,920
2014,10,25,22,0,0,0,0,21,1.3,920
2014,10,25,23,0,0,0,0,21,1.4000000000000001,920
2014,10,26,0,0,0,0,0,21,1.4000000000000001,920
2014,10,26,1,0,0,0,0,21,1.4000000000000001,920
2014,10,26,2,0,0,0,0,21,1.4000000000000001,920
2014,10,26,3,0,0,0,0,21,1.3,920
2014,10,26,4,0,0,0,0,21,1.2000000000000002,920
2014,10,26,5,0,0,0,0,21,1.1,920
2014,10,26,6,0,21,0,21,21,1.1,920
2014,10,26,7,0,75,0,75,22,1.2000000000000002,920
2014,10,26,8,0,271,75,232,23,1.3,920
2014,10,26,9,0,557,325,330,24,1.5,920
2014,10,26,10,0,528,157,398,25,1.5,920
2014,10,26,11,0,742,387,396,25,1.5,920
2014,10,26,12,0,608,207,422,26,1.4000000000000001,920
2014,10,26,13,0,821,749,195,26,1.5,920
2014,10,26,14,0,679,697,180,25,1.5,920
2014,10,26,15,0,481,601,155,24,1.6,920
2014,10,26,16,0,209,207,140,24,1.6,920
2014,10,26,17,0,19,0,19,23,1.9000000000000001,920
2014,10,26,18,0,0,0,0,22,2,920
2014,10,26,19,0,0,0,0,22,2.1,920
2014,10,26,20,0,0,0,0,22,2.1,920
2014,10,26,21,0,0,0,0,22,2.1,920
2014,10,26,22,0,0,0,0,21,2,920
2014,10,26,23,0,0,0,0,21,1.9000000000000001,920
2014,10,27,0,0,0,0,0,21,1.9000000000000001,920
2014,10,27,1,0,0,0,0,21,1.9000000000000001,920
2014,10,27,2,0,0,0,0,21,1.8,920
2014,10,27,3,0,0,0,0,21,1.7000000000000002,920
2014,10,27,4,0,0,0,0,20,1.7000000000000002,920
2014,10,27,5,0,0,0,0,20,1.6,920
2014,10,27,6,0,20,0,20,21,1.4000000000000001,920
2014,10,27,7,0,173,133,133,21,1.3,920
2014,10,27,8,0,251,39,230,23,1.1,920
2014,10,27,9,0,305,19,291,24,1,920
2014,10,27,10,0,358,20,341,25,0.8,920
2014,10,27,11,0,426,34,395,26,0.6000000000000001,920
2014,10,27,12,0,581,160,437,26,0.4,920
2014,10,27,13,0,494,111,401,26,0.2,920
2014,10,27,14,0,433,123,345,26,0.5,920
2014,10,27,15,0,454,433,219,25,0.8,920
2014,10,27,16,0,220,220,147,25,1.1,920
2014,10,27,17,0,8,0,8,24,1.4000000000000001,920
2014,10,27,18,0,0,0,0,23,1.7000000000000002,920
2014,10,27,19,0,0,0,0,23,1.8,920
2014,10,27,20,0,0,0,0,22,1.8,920
2014,10,27,21,0,0,0,0,22,1.8,920
2014,10,27,22,0,0,0,0,21,1.7000000000000002,920
2014,10,27,23,0,0,0,0,21,1.7000000000000002,920
2014,10,28,0,0,0,0,0,21,1.7000000000000002,920
2014,10,28,1,0,0,0,0,21,1.8,920
2014,10,28,2,0,0,0,0,21,1.8,920
2014,10,28,3,0,0,0,0,21,1.6,920
2014,10,28,4,0,0,0,0,21,1.4000000000000001,920
2014,10,28,5,0,0,0,0,21,1.2000000000000002,920
2014,10,28,6,0,19,0,19,21,0.9,920
2014,10,28,7,0,184,120,148,22,0.6000000000000001,920
2014,10,28,8,0,362,184,267,23,0.2,920
2014,10,28,9,0,397,100,327,24,0.4,920
2014,10,28,10,0,552,191,395,25,0.7000000000000001,920
2014,10,28,11,0,538,121,430,25,0.9,920
2014,10,28,12,0,616,204,434,26,0.9,920
2014,10,28,13,0,712,439,346,26,1,920
2014,10,28,14,0,166,3,163,25,0.8,920
2014,10,28,15,0,451,396,237,25,0.6000000000000001,920
2014,10,28,16,0,245,371,124,25,0.5,920
2014,10,28,17,0,27,0,27,24,0.5,920
2014,10,28,18,0,0,0,0,23,0.5,920
2014,10,28,19,0,0,0,0,23,0.5,920
2014,10,28,20,0,0,0,0,22,0.5,920
2014,10,28,21,0,0,0,0,22,0.4,920
2014,10,28,22,0,0,0,0,21,0.2,920
2014,10,28,23,0,0,0,0,21,0.2,920
2014,10,29,0,0,0,0,0,21,0.1,920
2014,10,29,1,0,0,0,0,21,0.2,920
2014,10,29,2,0,0,0,0,21,0.2,920
2014,10,29,3,0,0,0,0,21,0.30000000000000004,920
2014,10,29,4,0,0,0,0,21,0.4,920
2014,10,29,5,0,0,0,0,21,0.6000000000000001,920
2014,10,29,6,0,19,0,19,21,0.8,920
2014,10,29,7,0,220,389,104,22,1,920
2014,10,29,8,0,442,550,159,23,1.3,920
2014,10,29,9,0,652,687,177,24,1.4000000000000001,920
2014,10,29,10,0,802,744,193,25,1.4000000000000001,920
2014,10,29,11,0,884,771,201,25,1.4000000000000001,920
2014,10,29,12,0,890,773,201,26,1.2000000000000002,920
2014,10,29,13,0,818,751,195,26,1,920
2014,10,29,14,0,651,608,220,26,1.1,920
2014,10,29,15,0,438,448,197,25,1.4000000000000001,920
2014,10,29,16,0,235,287,142,25,1.6,920
2014,10,29,17,0,12,0,12,24,1.8,920
2014,10,29,18,0,0,0,0,23,2.2,920
2014,10,29,19,0,0,0,0,22,2.4000000000000004,920
2014,10,29,20,0,0,0,0,22,2.5,920
2014,10,29,21,0,0,0,0,21,2.4000000000000004,920
2014,10,29,22,0,0,0,0,21,2.4000000000000004,920
2014,10,29,23,0,0,0,0,21,2.4000000000000004,920
2014,10,30,0,0,0,0,0,21,2.3000000000000003,920
2014,10,30,1,0,0,0,0,21,2.3000000000000003,920
2014,10,30,2,0,0,0,0,20,2.3000000000000003,920
2014,10,30,3,0,0,0,0,20,2.2,920
2014,10,30,4,0,0,0,0,20,2.1,920
2014,10,30,5,0,0,0,0,20,2.1,920
2014,10,30,6,0,18,0,18,20,2,920
2014,10,30,7,0,229,413,107,21,2.2,920
2014,10,30,8,0,427,467,188,22,2.5,920
2014,10,30,9,0,653,642,210,24,2.7,920
2014,10,30,10,0,833,779,197,25,2.9000000000000004,920
2014,10,30,11,0,916,804,205,26,2.9000000000000004,920
2014,10,30,12,0,920,805,205,27,2.9000000000000004,920
2014,10,30,13,0,844,781,198,27,2.8000000000000003,920
2014,10,30,14,0,697,727,183,26,2.7,920
2014,10,30,15,0,485,602,163,26,2.6,920
2014,10,30,16,0,233,325,128,24,2.5,920
2014,10,30,17,0,25,0,25,22,2.5,920
2014,10,30,18,0,0,0,0,21,2.7,920
2014,10,30,19,0,0,0,0,21,2.8000000000000003,920
2014,10,30,20,0,0,0,0,20,2.8000000000000003,920
2014,10,30,21,0,0,0,0,19,2.7,920
2014,10,30,22,0,0,0,0,19,2.7,920
2014,10,30,23,0,0,0,0,18,2.6,920
2014,10,31,0,0,0,0,0,18,2.6,920
2014,10,31,1,0,0,0,0,17,2.6,920
2014,10,31,2,0,0,0,0,17,2.6,920
2014,10,31,3,0,0,0,0,17,2.5,920
2014,10,31,4,0,0,0,0,17,2.4000000000000004,920
2014,10,31,5,0,0,0,0,17,2.2,920
2014,10,31,6,0,17,0,17,18,2,920
2014,10,31,7,0,219,397,102,19,1.8,920
2014,10,31,8,0,453,598,148,21,2.1,920
2014,10,31,9,0,655,706,170,24,2.3000000000000003,920
2014,10,31,10,0,800,729,207,26,2.3000000000000003,920
2014,10,31,11,0,818,595,294,27,2.2,920
2014,10,31,12,0,770,496,331,27,2,920
2014,10,31,13,0,733,545,283,27,2,920
2014,10,31,14,0,625,522,257,27,1.9000000000000001,920
2014,10,31,15,0,360,207,249,26,1.9000000000000001,920
2014,10,31,16,0,116,7,113,24,1.9000000000000001,920
2014,10,31,17,0,7,0,7,22,2,920
2014,10,31,18,0,0,0,0,21,2.2,920
2014,10,31,19,0,0,0,0,21,2.3000000000000003,920
2014,10,31,20,0,0,0,0,21,2.3000000000000003,920
2014,10,31,21,0,0,0,0,20,2.1,920
2014,10,31,22,0,0,0,0,20,2,920
2014,10,31,23,0,0,0,0,19,1.9000000000000001,920
2014,11,1,0,0,0,0,0,19,1.8,920
2014,11,1,1,0,0,0,0,19,1.7000000000000002,920
2014,11,1,2,0,0,0,0,18,2,920
2014,11,1,3,0,0,0,0,18,2.3000000000000003,920
2014,11,1,4,0,0,0,0,18,2.4000000000000004,920
2014,11,1,5,0,0,0,0,18,2.4000000000000004,920
2014,11,1,6,0,17,0,17,18,2.4000000000000004,920
2014,11,1,7,0,111,13,107,20,2.4000000000000004,920
2014,11,1,8,0,352,224,238,22,2.7,920
2014,11,1,9,0,652,699,173,24,2.8000000000000003,920
2014,11,1,10,0,762,617,261,25,2.8000000000000003,920
2014,11,1,11,0,755,439,369,25,2.6,920
2014,11,1,12,0,882,778,196,26,2.6,920
2014,11,1,13,0,809,754,189,25,2.6,920
2014,11,1,14,0,643,522,276,25,2.8000000000000003,920
2014,11,1,15,0,160,0,160,24,3,920
2014,11,1,16,0,78,0,78,23,2.8000000000000003,920
2014,11,1,17,0,7,0,7,22,2.6,920
2014,11,1,18,0,0,0,0,21,2.7,920
2014,11,1,19,0,0,0,0,21,2.7,920
2014,11,1,20,0,0,0,0,21,2.6,920
2014,11,1,21,0,0,0,0,21,2.4000000000000004,920
2014,11,1,22,0,0,0,0,20,2.2,920
2014,11,1,23,0,0,0,0,20,2.1,920
2014,11,2,0,0,0,0,0,20,2,920
2014,11,2,1,0,0,0,0,20,1.9000000000000001,920
2014,11,2,2,0,0,0,0,20,2,920
2014,11,2,3,0,0,0,0,19,2.2,920
2014,11,2,4,0,0,0,0,19,2.4000000000000004,920
2014,11,2,5,0,0,0,0,19,2.6,920
2014,11,2,6,0,16,0,16,19,2.6,920
2014,11,2,7,0,185,180,132,20,2.5,920
2014,11,2,8,0,261,61,230,22,2.7,920
2014,11,2,9,0,465,192,333,24,2.8000000000000003,920
2014,11,2,10,0,679,398,357,25,2.7,920
2014,11,2,11,0,878,778,196,26,2.6,920
2014,11,2,12,0,839,618,295,27,2.5,920
2014,11,2,13,0,700,451,330,27,2.4000000000000004,920
2014,11,2,14,0,566,347,323,26,2.4000000000000004,920
2014,11,2,15,0,470,606,150,25,2.5,920
2014,11,2,16,0,173,114,136,24,2.4000000000000004,920
2014,11,2,17,0,19,0,19,23,2.3000000000000003,920
2014,11,2,18,0,0,0,0,23,2.3000000000000003,920
2014,11,2,19,0,0,0,0,22,2.2,920
2014,11,2,20,0,0,0,0,22,2.1,920
2014,11,2,21,0,0,0,0,21,2,920
2014,11,2,22,0,0,0,0,21,1.8,920
2014,11,2,23,0,0,0,0,21,1.7000000000000002,920
2014,11,3,0,0,0,0,0,20,1.7000000000000002,920
2014,11,3,1,0,0,0,0,20,1.7000000000000002,920
2014,11,3,2,0,0,0,0,20,1.7000000000000002,920
2014,11,3,3,0,0,0,0,20,1.7000000000000002,920
2014,11,3,4,0,0,0,0,20,1.5,920
2014,11,3,5,0,0,0,0,20,1.5,920
2014,11,3,6,0,15,0,15,20,1.6,920
2014,11,3,7,0,217,401,101,21,1.7000000000000002,920
2014,11,3,8,0,354,212,247,23,2.2,920
2014,11,3,9,0,447,154,342,24,2.3000000000000003,920
2014,11,3,10,0,502,132,395,25,2.2,920
2014,11,3,11,0,551,137,431,26,2.2,920
2014,11,3,12,0,662,278,418,26,2.1,920
2014,11,3,13,0,714,482,320,26,2,920
2014,11,3,14,0,501,232,339,26,1.9000000000000001,920
2014,11,3,15,0,474,615,151,25,1.9000000000000001,920
2014,11,3,16,0,231,330,127,24,1.6,920
2014,11,3,17,0,22,0,22,23,1.6,920
2014,11,3,18,0,0,0,0,22,1.7000000000000002,920
2014,11,3,19,0,0,0,0,22,1.7000000000000002,920
2014,11,3,20,0,0,0,0,22,1.7000000000000002,920
2014,11,3,21,0,0,0,0,22,1.6,920
2014,11,3,22,0,0,0,0,21,1.4000000000000001,920
2014,11,3,23,0,0,0,0,21,1.4000000000000001,920
2014,11,4,0,0,0,0,0,20,1.5,920
2014,11,4,1,0,0,0,0,20,1.7000000000000002,920
2014,11,4,2,0,0,0,0,19,2,920
2014,11,4,3,0,0,0,0,19,2.1,920
2014,11,4,4,0,0,0,0,19,2.1,920
2014,11,4,5,0,0,0,0,18,2,920
2014,11,4,6,0,14,0,14,19,1.9000000000000001,920
2014,11,4,7,0,194,252,121,21,1.6,920
2014,11,4,8,0,457,614,148,24,1.6,920
2014,11,4,9,0,489,251,318,25,1.4000000000000001,920
2014,11,4,10,0,415,45,378,27,1.3,920
2014,11,4,11,0,474,45,434,27,1.3,920
2014,11,4,12,0,522,109,426,28,1.5,920
2014,11,4,13,0,340,18,325,28,1.7000000000000002,920
2014,11,4,14,0,275,26,256,27,1.9000000000000001,920
2014,11,4,15,0,480,627,152,27,2.1,920
2014,11,4,16,0,247,441,109,25,2.3000000000000003,920
2014,11,4,17,0,7,0,7,24,2.4000000000000004,920
2014,11,4,18,0,0,0,0,23,2.7,920
2014,11,4,19,0,0,0,0,22,2.8000000000000003,920
2014,11,4,20,0,0,0,0,21,2.7,920
2014,11,4,21,0,0,0,0,21,2.5,920
2014,11,4,22,0,0,0,0,20,2.3000000000000003,920
2014,11,4,23,0,0,0,0,20,2,920
2014,11,5,0,0,0,0,0,19,1.8,920
2014,11,5,1,0,0,0,0,19,1.6,920
2014,11,5,2,0,0,0,0,18,1.6,920
2014,11,5,3,0,0,0,0,18,1.6,920
2014,11,5,4,0,0,0,0,18,1.7000000000000002,920
2014,11,5,5,0,0,0,0,17,1.8,920
2014,11,5,6,0,13,0,13,18,1.9000000000000001,920
2014,11,5,7,0,220,329,125,21,1.7000000000000002,920
2014,11,5,8,0,334,175,246,23,2,920
2014,11,5,9,0,532,317,317,26,2.4000000000000004,920
2014,11,5,10,0,517,171,380,27,2.4000000000000004,920
2014,11,5,11,0,805,552,325,28,2.4000000000000004,920
2014,11,5,12,0,842,608,312,28,2.6,920
2014,11,5,13,0,832,787,193,28,2.9000000000000004,920
2014,11,5,14,0,682,700,197,27,3.1,920
2014,11,5,15,0,436,411,221,26,3.1,920
2014,11,5,16,0,202,219,133,25,2.8000000000000003,920
2014,11,5,17,0,7,0,7,23,2.7,920
2014,11,5,18,0,0,0,0,22,2.7,920
2014,11,5,19,0,0,0,0,21,2.6,920
2014,11,5,20,0,0,0,0,20,2.5,920
2014,11,5,21,0,0,0,0,20,2.4000000000000004,920
2014,11,5,22,0,0,0,0,19,2.3000000000000003,920
2014,11,5,23,0,0,0,0,18,2.3000000000000003,920
2014,11,6,0,0,0,0,0,18,2.3000000000000003,920
2014,11,6,1,0,0,0,0,18,2.4000000000000004,920
2014,11,6,2,0,0,0,0,17,2.4000000000000004,920
2014,11,6,3,0,0,0,0,17,2.4000000000000004,920
2014,11,6,4,0,0,0,0,17,2.4000000000000004,920
2014,11,6,5,0,0,0,0,17,2.3000000000000003,920
2014,11,6,6,0,12,0,12,18,2.3000000000000003,920
2014,11,6,7,0,225,430,102,20,2.1,920
2014,11,6,8,0,407,440,187,22,2.1,920
2014,11,6,9,0,574,450,271,25,2.7,920
2014,11,6,10,0,785,668,251,26,2.8000000000000003,920
2014,11,6,11,0,896,821,185,27,2.7,920
2014,11,6,12,0,919,826,201,27,2.6,920
2014,11,6,13,0,843,801,194,27,2.6,920
2014,11,6,14,0,695,746,179,27,2.5,920
2014,11,6,15,0,490,646,154,26,2.4000000000000004,920
2014,11,6,16,0,239,425,107,25,2.1,920
2014,11,6,17,0,12,0,12,22,2.1,920
2014,11,6,18,0,0,0,0,21,2.1,920
2014,11,6,19,0,0,0,0,21,2.1,920
2014,11,6,20,0,0,0,0,20,2,920
2014,11,6,21,0,0,0,0,20,1.8,920
2014,11,6,22,0,0,0,0,19,1.7000000000000002,920
2014,11,6,23,0,0,0,0,19,1.5,920
2014,11,7,0,0,0,0,0,19,1.4000000000000001,920
2014,11,7,1,0,0,0,0,19,1.4000000000000001,920
2014,11,7,2,0,0,0,0,18,1.4000000000000001,920
2014,11,7,3,0,0,0,0,18,1.6,920
2014,11,7,4,0,0,0,0,18,1.7000000000000002,920
2014,11,7,5,0,0,0,0,18,1.8,920
2014,11,7,6,0,11,0,11,19,1.9000000000000001,920
2014,11,7,7,0,205,353,105,21,1.9000000000000001,920
2014,11,7,8,0,444,560,166,23,1.7000000000000002,920
2014,11,7,9,0,656,720,172,26,2.6,920
2014,11,7,10,0,774,673,238,27,2.9000000000000004,920
2014,11,7,11,0,812,592,301,28,3,920
2014,11,7,12,0,858,693,257,28,3.1,920
2014,11,7,13,0,806,739,209,28,3,920
2014,11,7,14,0,637,573,242,28,3.1,920
2014,11,7,15,0,370,240,245,27,3.1,920
2014,11,7,16,0,155,70,133,25,2.8000000000000003,920
2014,11,7,17,0,6,0,6,23,2.7,920
2014,11,7,18,0,0,0,0,22,2.6,920
2014,11,7,19,0,0,0,0,22,2.5,920
2014,11,7,20,0,0,0,0,22,2.3000000000000003,920
2014,11,7,21,0,0,0,0,22,2.1,920
2014,11,7,22,0,0,0,0,22,1.9000000000000001,920
2014,11,7,23,0,0,0,0,21,1.7000000000000002,920
2014,11,8,0,0,0,0,0,21,1.6,920
2014,11,8,1,0,0,0,0,21,1.4000000000000001,920
2014,11,8,2,0,0,0,0,20,1.4000000000000001,920
2014,11,8,3,0,0,0,0,20,1.4000000000000001,920
2014,11,8,4,0,0,0,0,19,1.4000000000000001,920
2014,11,8,5,0,0,0,0,19,1.4000000000000001,920
2014,11,8,6,0,10,0,10,20,1.4000000000000001,920
2014,11,8,7,0,208,378,101,22,1.3,920
2014,11,8,8,0,447,607,147,24,1.6,920
2014,11,8,9,0,650,711,174,26,1.7000000000000002,920
2014,11,8,10,0,798,766,189,27,1.7000000000000002,920
2014,11,8,11,0,877,790,197,28,1.8,920
2014,11,8,12,0,880,790,197,28,1.8,920
2014,11,8,13,0,806,766,190,28,1.9000000000000001,920
2014,11,8,14,0,663,712,175,27,2,920
2014,11,8,15,0,466,612,150,26,2.1,920
2014,11,8,16,0,238,427,107,25,2.1,920
2014,11,8,17,0,21,0,21,23,2.3000000000000003,920
2014,11,8,18,0,0,0,0,22,2.4000000000000004,920
2014,11,8,19,0,0,0,0,21,2.5,920
2014,11,8,20,0,0,0,0,20,2.5,920
2014,11,8,21,0,0,0,0,20,2.4000000000000004,920
2014,11,8,22,0,0,0,0,19,2.3000000000000003,920
2014,11,8,23,0,0,0,0,19,2.1,920
2014,11,9,0,0,0,0,0,18,2.1,920
2014,11,9,1,0,0,0,0,18,2.1,920
2014,11,9,2,0,0,0,0,18,2,920
2014,11,9,3,0,0,0,0,17,2,920
2014,11,9,4,0,0,0,0,17,2.1,920
2014,11,9,5,0,0,0,0,17,2.1,920
2014,11,9,6,0,10,0,10,18,2.2,920
2014,11,9,7,0,164,113,132,20,1.9000000000000001,920
2014,11,9,8,0,350,265,219,24,1.9000000000000001,920
2014,11,9,9,0,533,365,289,26,1.9000000000000001,920
2014,11,9,10,0,659,397,344,27,1.6,920
2014,11,9,11,0,771,512,331,28,1.4000000000000001,920
2014,11,9,12,0,541,133,426,28,1.2000000000000002,920
2014,11,9,13,0,540,185,391,28,1,920
2014,11,9,14,0,369,69,321,28,1.1,920
2014,11,9,15,0,233,19,223,27,1.4000000000000001,920
2014,11,9,16,0,151,65,131,25,1.9000000000000001,920
2014,11,9,17,0,6,0,6,24,2.4000000000000004,920
2014,11,9,18,0,0,0,0,23,2.7,920
2014,11,9,19,0,0,0,0,22,2.8000000000000003,920
2014,11,9,20,0,0,0,0,21,2.6,920
2014,11,9,21,0,0,0,0,21,2.3000000000000003,920
2014,11,9,22,0,0,0,0,20,2,920
2014,11,9,23,0,0,0,0,20,1.8,920
2014,11,10,0,0,0,0,0,20,1.6,920
2014,11,10,1,0,0,0,0,20,1.5,920
2014,11,10,2,0,0,0,0,20,1.4000000000000001,920
2014,11,10,3,0,0,0,0,20,1.3,920
2014,11,10,4,0,0,0,0,20,1.3,920
2014,11,10,5,0,0,0,0,20,1.3,920
2014,11,10,6,0,9,0,9,20,1.2000000000000002,920
2014,11,10,7,0,207,391,99,21,1.1,920
2014,11,10,8,0,436,593,145,23,1,920
2014,11,10,9,0,639,702,172,25,0.9,920
2014,11,10,10,0,789,761,188,26,0.9,920
2014,11,10,11,0,871,788,196,27,1.1,920
2014,11,10,12,0,877,791,197,28,1.1,920
2014,11,10,13,0,569,250,369,28,1.1,920
2014,11,10,14,0,634,559,252,27,1.2000000000000002,920
2014,11,10,15,0,394,290,245,26,1.2000000000000002,920
2014,11,10,16,0,118,15,113,25,1.3,920
2014,11,10,17,0,6,0,6,24,1.5,920
2014,11,10,18,0,0,0,0,23,1.7000000000000002,920
2014,11,10,19,0,0,0,0,23,1.9000000000000001,920
2014,11,10,20,0,0,0,0,22,2,920
2014,11,10,21,0,0,0,0,22,2.2,920
2014,11,10,22,0,0,0,0,21,2.5,920
2014,11,10,23,0,0,0,0,21,2.7,920
2014,11,11,0,0,0,0,0,20,3,920
2014,11,11,1,0,0,0,0,20,3.1,920
2014,11,11,2,0,0,0,0,20,3,920
2014,11,11,3,0,0,0,0,20,2.6,920
2014,11,11,4,0,0,0,0,20,2.3000000000000003,920
2014,11,11,5,0,0,0,0,20,1.9000000000000001,920
2014,11,11,6,0,5,0,5,20,1.6,920
2014,11,11,7,0,190,296,108,21,1.3,920
2014,11,11,8,0,401,434,189,22,1,920
2014,11,11,9,0,633,697,172,24,1,920
2014,11,11,10,0,781,754,188,26,1.2000000000000002,920
2014,11,11,11,0,861,780,195,27,1.4000000000000001,920
2014,11,11,12,0,865,781,195,28,1.5,920
2014,11,11,13,0,794,758,189,27,1.6,920
2014,11,11,14,0,653,704,174,27,1.8,920
2014,11,11,15,0,457,604,148,26,2,920
2014,11,11,16,0,220,318,123,25,2.1,920
2014,11,11,17,0,19,0,19,24,2.3000000000000003,920
2014,11,11,18,0,0,0,0,23,2.6,920
2014,11,11,19,0,0,0,0,22,2.8000000000000003,920
2014,11,11,20,0,0,0,0,22,2.8000000000000003,920
2014,11,11,21,0,0,0,0,21,2.8000000000000003,920
2014,11,11,22,0,0,0,0,21,2.8000000000000003,920
2014,11,11,23,0,0,0,0,20,2.8000000000000003,920
2014,11,12,0,0,0,0,0,20,2.7,920
2014,11,12,1,0,0,0,0,20,2.6,920
2014,11,12,2,0,0,0,0,20,2.5,920
2014,11,12,3,0,0,0,0,20,2.4000000000000004,920
2014,11,12,4,0,0,0,0,20,2.3000000000000003,920
2014,11,12,5,0,0,0,0,20,2.2,920
2014,11,12,6,0,7,0,7,20,2.2,920
2014,11,12,7,0,202,384,97,21,2.4000000000000004,920
2014,11,12,8,0,429,587,144,22,2.5,920
2014,11,12,9,0,615,622,205,24,2.8000000000000003,920
2014,11,12,10,0,732,606,257,25,3,920
2014,11,12,11,0,837,588,337,26,3.2,920
2014,11,12,12,0,470,86,396,26,3.3000000000000003,920
2014,11,12,13,0,466,106,381,26,3.4000000000000004,920
2014,11,12,14,0,451,174,333,26,3.6,920
2014,11,12,15,0,397,303,242,25,3.7,920
2014,11,12,16,0,114,11,110,23,3.6,920
2014,11,12,17,0,6,0,6,22,3.4000000000000004,920
2014,11,12,18,0,0,0,0,21,3.4000000000000004,920
2014,11,12,19,0,0,0,0,20,3.4000000000000004,920
2014,11,12,20,0,0,0,0,20,3.3000000000000003,920
2014,11,12,21,0,0,0,0,19,3.4000000000000004,920
2014,11,12,22,0,0,0,0,19,3.4000000000000004,920
2014,11,12,23,0,0,0,0,19,3.5,920
2014,11,13,0,0,0,0,0,19,3.6,920
2014,11,13,1,0,0,0,0,19,3.6,920
2014,11,13,2,0,0,0,0,19,3.4000000000000004,920
2014,11,13,3,0,0,0,0,19,3.3000000000000003,920
2014,11,13,4,0,0,0,0,19,3.2,920
2014,11,13,5,0,0,0,0,19,3.1,920
2014,11,13,6,0,6,0,6,19,3,920
2014,11,13,7,0,166,162,122,20,3,920
2014,11,13,8,0,262,77,224,21,3.5,920
2014,11,13,9,0,351,66,307,22,3.8000000000000003,920
2014,11,13,10,0,352,27,330,23,4,920
2014,11,13,11,0,264,3,261,24,4.2,920
2014,11,13,12,0,283,10,274,25,4.3,920
2014,11,13,13,0,324,19,308,25,4.4,920
2014,11,13,14,0,155,0,155,24,4.4,920
2014,11,13,15,0,89,0,89,23,4.2,920
2014,11,13,16,0,46,0,46,22,3.6,920
2014,11,13,17,0,6,0,6,21,3.3000000000000003,920
2014,11,13,18,0,0,0,0,20,3.2,920
2014,11,13,19,0,0,0,0,20,3.2,920
2014,11,13,20,0,0,0,0,20,3.2,920
2014,11,13,21,0,0,0,0,20,3.2,920
2014,11,13,22,0,0,0,0,20,3.2,920
2014,11,13,23,0,0,0,0,20,3.2,920
2014,11,14,0,0,0,0,0,20,3.2,920
2014,11,14,1,0,0,0,0,20,3.2,920
2014,11,14,2,0,0,0,0,19,3.2,920
2014,11,14,3,0,0,0,0,19,3.2,920
2014,11,14,4,0,0,0,0,19,3.1,920
2014,11,14,5,0,0,0,0,19,3,920
2014,11,14,6,0,5,0,5,19,2.9000000000000004,920
2014,11,14,7,0,170,201,115,20,2.9000000000000004,920
2014,11,14,8,0,265,70,231,22,3.1,920
2014,11,14,9,0,388,104,319,23,3.1,920
2014,11,14,10,0,433,86,366,25,3.1,920
2014,11,14,11,0,576,187,417,26,3,920
2014,11,14,12,0,333,28,309,26,2.8000000000000003,920
2014,11,14,13,0,522,170,387,26,2.8000000000000003,920
2014,11,14,14,0,453,179,332,25,2.8000000000000003,920
2014,11,14,15,0,435,458,202,24,2.8000000000000003,920
2014,11,14,16,0,223,372,111,23,2.4000000000000004,920
2014,11,14,17,0,11,0,11,22,2.4000000000000004,920
2014,11,14,18,0,0,0,0,22,2.4000000000000004,920
2014,11,14,19,0,0,0,0,21,2.3000000000000003,920
2014,11,14,20,0,0,0,0,21,2.3000000000000003,920
2014,11,14,21,0,0,0,0,21,2.2,920
2014,11,14,22,0,0,0,0,21,2.1,920
2014,11,14,23,0,0,0,0,21,2,920
2014,11,15,0,0,0,0,0,20,2,920
2014,11,15,1,0,0,0,0,20,1.9000000000000001,920
2014,11,15,2,0,0,0,0,20,2,920
2014,11,15,3,0,0,0,0,20,2,920
2014,11,15,4,0,0,0,0,20,2.1,920
2014,11,15,5,0,0,0,0,20,2.1,920
2014,11,15,6,0,5,0,5,20,2.2,920
2014,11,15,7,0,168,196,115,21,2.4000000000000004,920
2014,11,15,8,0,414,476,186,22,2.4000000000000004,920
2014,11,15,9,0,503,295,310,24,2.4000000000000004,920
2014,11,15,10,0,667,445,321,25,2.5,920
2014,11,15,11,0,550,156,418,26,2.4000000000000004,920
2014,11,15,12,0,475,92,397,27,2.3000000000000003,920
2014,11,15,13,0,737,560,294,27,2.2,920
2014,11,15,14,0,554,388,292,26,2.2,920
2014,11,15,15,0,408,400,205,25,2.1,920
2014,11,15,16,0,231,420,105,25,2,920
2014,11,15,17,0,8,0,8,24,2.1,920
2014,11,15,18,0,0,0,0,23,2.2,920
2014,11,15,19,0,0,0,0,22,2.4000000000000004,920
2014,11,15,20,0,0,0,0,22,2.5,920
2014,11,15,21,0,0,0,0,21,2.6,920
2014,11,15,22,0,0,0,0,21,2.7,920
2014,11,15,23,0,0,0,0,20,2.9000000000000004,920
2014,11,16,0,0,0,0,0,20,2.9000000000000004,920
2014,11,16,1,0,0,0,0,20,2.8000000000000003,920
2014,11,16,2,0,0,0,0,19,2.6,920
2014,11,16,3,0,0,0,0,19,2.5,920
2014,11,16,4,0,0,0,0,19,2.4000000000000004,920
2014,11,16,5,0,0,0,0,19,2.4000000000000004,920
2014,11,16,6,0,4,0,4,19,2.3000000000000003,920
2014,11,16,7,0,202,394,98,19,2.3000000000000003,920
2014,11,16,8,0,433,604,145,21,2.5,920
2014,11,16,9,0,637,714,173,23,2.6,920
2014,11,16,10,0,788,773,189,24,2.6,920
2014,11,16,11,0,849,769,202,26,2.6,920
2014,11,16,12,0,852,713,249,27,2.6,920
2014,11,16,13,0,705,520,295,27,2.6,920
2014,11,16,14,0,658,719,175,26,2.6,920
2014,11,16,15,0,461,617,149,25,2.6,920
2014,11,16,16,0,233,428,106,24,2.4000000000000004,920
2014,11,16,17,0,13,0,13,22,2.3000000000000003,920
2014,11,16,18,0,0,0,0,21,2.3000000000000003,920
2014,11,16,19,0,0,0,0,20,2.4000000000000004,920
2014,11,16,20,0,0,0,0,20,2.3000000000000003,920
2014,11,16,21,0,0,0,0,19,2.2,920
2014,11,16,22,0,0,0,0,19,2.2,920
2014,11,16,23,0,0,0,0,18,2.2,920
2014,11,17,0,0,0,0,0,18,2.2,920
2014,11,17,1,0,0,0,0,18,2.2,920
2014,11,17,2,0,0,0,0,18,2,920
2014,11,17,3,0,0,0,0,18,1.8,920
2014,11,17,4,0,0,0,0,18,1.7000000000000002,920
2014,11,17,5,0,0,0,0,17,1.5,920
2014,11,17,6,0,3,0,3,17,1.4000000000000001,920
2014,11,17,7,0,200,391,97,19,1.3,920
2014,11,17,8,0,431,603,145,21,1.6,920
2014,11,17,9,0,636,715,173,24,1.8,920
2014,11,17,10,0,788,775,189,26,2,920
2014,11,17,11,0,870,802,197,27,2.1,920
2014,11,17,12,0,876,804,198,27,2.1,920
2014,11,17,13,0,804,780,191,27,2.2,920
2014,11,17,14,0,662,725,176,27,2.2,920
2014,11,17,15,0,464,624,150,26,2.2,920
2014,11,17,16,0,236,434,106,24,2,920
2014,11,17,17,0,13,0,13,22,2.1,920
2014,11,17,18,0,0,0,0,21,2.2,920
2014,11,17,19,0,0,0,0,20,2.2,920
2014,11,17,20,0,0,0,0,20,2.3000000000000003,920
2014,11,17,21,0,0,0,0,19,2.4000000000000004,920
2014,11,17,22,0,0,0,0,18,2.4000000000000004,920
2014,11,17,23,0,0,0,0,18,2.3000000000000003,920
2014,11,18,0,0,0,0,0,17,2.2,920
2014,11,18,1,0,0,0,0,17,2.1,920
2014,11,18,2,0,0,0,0,17,2.1,920
2014,11,18,3,0,0,0,0,16,2.1,920
2014,11,18,4,0,0,0,0,16,2.2,920
2014,11,18,5,0,0,0,0,16,2.3000000000000003,920
2014,11,18,6,0,2,0,2,17,2.4000000000000004,920
2014,11,18,7,0,199,392,97,20,2.2,920
2014,11,18,8,0,430,605,145,23,2.5,920
2014,11,18,9,0,635,716,173,25,2.8000000000000003,920
2014,11,18,10,0,787,776,189,26,2.9000000000000004,920
2014,11,18,11,0,869,803,197,27,2.9000000000000004,920
2014,11,18,12,0,875,805,198,27,2.9000000000000004,920
2014,11,18,13,0,804,781,191,27,2.8000000000000003,920
2014,11,18,14,0,653,609,246,26,2.8000000000000003,920
2014,11,18,15,0,276,88,231,25,2.8000000000000003,920
2014,11,18,16,0,202,221,136,24,2.6,920
2014,11,18,17,0,6,0,6,21,2.7,920
2014,11,18,18,0,0,0,0,20,2.8000000000000003,920
2014,11,18,19,0,0,0,0,20,2.9000000000000004,920
2014,11,18,20,0,0,0,0,19,3,920
2014,11,18,21,0,0,0,0,18,3,920
2014,11,18,22,0,0,0,0,18,3,920
2014,11,18,23,0,0,0,0,17,2.9000000000000004,920
2014,11,19,0,0,0,0,0,17,2.8000000000000003,920
2014,11,19,1,0,0,0,0,16,2.7,920
2014,11,19,2,0,0,0,0,16,2.4000000000000004,920
2014,11,19,3,0,0,0,0,17,2.1,920
2014,11,19,4,0,0,0,0,17,2,920
2014,11,19,5,0,0,0,0,16,1.9000000000000001,920
2014,11,19,6,0,2,0,2,16,2,920
2014,11,19,7,0,197,389,96,18,2,920
2014,11,19,8,0,427,603,145,20,2.4000000000000004,920
2014,11,19,9,0,633,716,173,23,2.6,920
2014,11,19,10,0,785,777,189,25,2.8000000000000003,920
2014,11,19,11,0,869,805,197,26,2.9000000000000004,920
2014,11,19,12,0,875,807,198,27,2.8000000000000003,920
2014,11,19,13,0,793,776,186,27,2.8000000000000003,920
2014,11,19,14,0,632,615,221,26,2.7,920
2014,11,19,15,0,398,349,223,25,2.7,920
2014,11,19,16,0,237,438,107,24,2.5,920
2014,11,19,17,0,7,0,7,22,2.6,920
2014,11,19,18,0,0,0,0,21,2.7,920
2014,11,19,19,0,0,0,0,20,2.7,920
2014,11,19,20,0,0,0,0,20,2.7,920
2014,11,19,21,0,0,0,0,19,2.6,920
2014,11,19,22,0,0,0,0,19,2.5,920
2014,11,19,23,0,0,0,0,19,2.4000000000000004,920
2014,11,20,0,0,0,0,0,19,2.3000000000000003,920
2014,11,20,1,0,0,0,0,18,2.2,920
2014,11,20,2,0,0,0,0,18,2.3000000000000003,920
2014,11,20,3,0,0,0,0,18,2.3000000000000003,920
2014,11,20,4,0,0,0,0,18,2.1,920
2014,11,20,5,0,0,0,0,18,2.1,920
2014,11,20,6,0,1,0,1,18,2.1,920
2014,11,20,7,0,193,353,102,19,2.2,920
2014,11,20,8,0,356,312,210,21,2.5,920
2014,11,20,9,0,620,667,193,23,2.6,920
2014,11,20,10,0,780,773,189,25,2.7,920
2014,11,20,11,0,847,793,187,26,2.7,920
2014,11,20,12,0,870,804,197,26,2.7,920
2014,11,20,13,0,781,760,188,26,2.6,920
2014,11,20,14,0,659,726,176,26,2.6,920
2014,11,20,15,0,461,605,158,26,2.5,920
2014,11,20,16,0,207,283,123,24,2.3000000000000003,920
2014,11,20,17,0,9,0,9,22,2.2,920
2014,11,20,18,0,0,0,0,22,2.2,920
2014,11,20,19,0,0,0,0,22,2.2,920
2014,11,20,20,0,0,0,0,21,2.1,920
2014,11,20,21,0,0,0,0,21,2.1,920
2014,11,20,22,0,0,0,0,20,2.2,920
2014,11,20,23,0,0,0,0,20,2.3000000000000003,920
2014,11,21,0,0,0,0,0,20,2.4000000000000004,920
2014,11,21,1,0,0,0,0,19,2.4000000000000004,920
2014,11,21,2,0,0,0,0,19,2.4000000000000004,920
2014,11,21,3,0,0,0,0,19,2.2,920
2014,11,21,4,0,0,0,0,18,2,920
2014,11,21,5,0,0,0,0,18,1.9000000000000001,920
2014,11,21,6,0,2,0,2,18,1.7000000000000002,920
2014,11,21,7,0,170,242,108,19,1.7000000000000002,920
2014,11,21,8,0,421,580,151,21,1.8,920
2014,11,21,9,0,625,711,172,24,1.9000000000000001,920
2014,11,21,10,0,776,771,188,26,1.7000000000000002,920
2014,11,21,11,0,858,798,196,27,1.6,920
2014,11,21,12,0,864,799,197,28,1.6,920
2014,11,21,13,0,794,775,190,28,1.5,920
2014,11,21,14,0,654,720,175,27,1.4000000000000001,920
2014,11,21,15,0,446,579,157,26,1.3,920
2014,11,21,16,0,232,429,106,25,1.4000000000000001,920
2014,11,21,17,0,12,0,12,23,1.6,920
2014,11,21,18,0,0,0,0,22,1.8,920
2014,11,21,19,0,0,0,0,21,2,920
2014,11,21,20,0,0,0,0,21,2.1,920
2014,11,21,21,0,0,0,0,20,2.1,920
2014,11,21,22,0,0,0,0,19,2,920
2014,11,21,23,0,0,0,0,19,1.8,920
2014,11,22,0,0,0,0,0,18,1.6,920
2014,11,22,1,0,0,0,0,18,1.6,920
2014,11,22,2,0,0,0,0,18,1.7000000000000002,920
2014,11,22,3,0,0,0,0,17,1.8,920
2014,11,22,4,0,0,0,0,17,1.8,920
2014,11,22,5,0,0,0,0,17,1.8,920
2014,11,22,6,0,1,0,1,18,1.9000000000000001,920
2014,11,22,7,0,161,208,108,19,1.7000000000000002,920
2014,11,22,8,0,414,589,142,22,1.5,920
2014,11,22,9,0,617,703,171,24,1.7000000000000002,920
2014,11,22,10,0,759,744,194,26,1.5,920
2014,11,22,11,0,782,611,276,27,1.2000000000000002,920
2014,11,22,12,0,845,763,209,27,0.9,920
2014,11,22,13,0,792,726,227,27,0.7000000000000001,920
2014,11,22,14,0,491,262,317,27,0.7000000000000001,920
2014,11,22,15,0,345,166,262,26,0.8,920
2014,11,22,16,0,206,280,123,25,1,920
2014,11,22,17,0,7,0,7,23,1.1,920
2014,11,22,18,0,0,0,0,22,1.4000000000000001,920
2014,11,22,19,0,0,0,0,22,1.6,920
2014,11,22,20,0,0,0,0,21,1.9000000000000001,920
2014,11,22,21,0,0,0,0,21,2.1,920
2014,11,22,22,0,0,0,0,20,2.2,920
2014,11,22,23,0,0,0,0,20,2.3000000000000003,920
2014,11,23,0,0,0,0,0,19,2.2,920
2014,11,23,1,0,0,0,0,18,2.1,920
2014,11,23,2,0,0,0,0,18,2,920
2014,11,23,3,0,0,0,0,18,2,920
2014,11,23,4,0,0,0,0,18,1.9000000000000001,920
2014,11,23,5,0,0,0,0,18,1.7000000000000002,920
2014,11,23,6,0,1,0,1,19,1.7000000000000002,920
2014,11,23,7,0,181,346,94,20,1.7000000000000002,920
2014,11,23,8,0,410,584,141,22,2.2,920
2014,11,23,9,0,599,657,183,25,2.4000000000000004,920
2014,11,23,10,0,763,760,187,26,2.4000000000000004,920
2014,11,23,11,0,846,788,195,27,2.3000000000000003,920
2014,11,23,12,0,853,791,196,27,2.3000000000000003,920
2014,11,23,13,0,785,768,189,27,2.3000000000000003,920
2014,11,23,14,0,648,715,174,27,2.3000000000000003,920
2014,11,23,15,0,454,614,149,26,2.3000000000000003,920
2014,11,23,16,0,230,425,105,24,2.2,920
2014,11,23,17,0,9,0,9,23,2.3000000000000003,920
2014,11,23,18,0,0,0,0,22,2.5,920
2014,11,23,19,0,0,0,0,21,2.6,920
2014,11,23,20,0,0,0,0,21,2.7,920
2014,11,23,21,0,0,0,0,20,2.7,920
2014,11,23,22,0,0,0,0,19,2.7,920
2014,11,23,23,0,0,0,0,19,2.6,920
2014,11,24,0,0,0,0,0,18,2.6,920
2014,11,24,1,0,0,0,0,18,2.5,920
2014,11,24,2,0,0,0,0,18,2.2,920
2014,11,24,3,0,0,0,0,18,2,920
2014,11,24,4,0,0,0,0,18,1.9000000000000001,920
2014,11,24,5,0,0,0,0,17,1.9000000000000001,920
2014,11,24,6,0,1,0,1,17,1.9000000000000001,920
2014,11,24,7,0,183,368,92,19,2.1,920
2014,11,24,8,0,414,593,143,21,2.4000000000000004,920
2014,11,24,9,0,617,708,171,23,2.8000000000000003,920
2014,11,24,10,0,768,769,188,25,2.9000000000000004,920
2014,11,24,11,0,851,796,196,26,2.8000000000000003,920
2014,11,24,12,0,858,797,196,26,2.8000000000000003,920
2014,11,24,13,0,789,773,190,26,2.9000000000000004,920
2014,11,24,14,0,650,719,175,26,3,920
2014,11,24,15,0,392,339,223,25,3,920
2014,11,24,16,0,175,143,132,23,2.9000000000000004,920
2014,11,24,17,0,6,0,6,21,2.9000000000000004,920
2014,11,24,18,0,0,0,0,20,3,920
2014,11,24,19,0,0,0,0,19,3,920
2014,11,24,20,0,0,0,0,19,2.9000000000000004,920
2014,11,24,21,0,0,0,0,18,2.9000000000000004,920
2014,11,24,22,0,0,0,0,17,2.8000000000000003,920
2014,11,24,23,0,0,0,0,17,2.8000000000000003,920
2014,11,25,0,0,0,0,0,16,2.8000000000000003,920
2014,11,25,1,0,0,0,0,16,2.8000000000000003,920
2014,11,25,2,0,0,0,0,15,2.9000000000000004,920
2014,11,25,3,0,0,0,0,15,3,920
2014,11,25,4,0,0,0,0,16,2.9000000000000004,920
2014,11,25,5,0,0,0,0,16,2.7,920
2014,11,25,6,0,1,0,1,16,2.6,920
2014,11,25,7,0,181,327,100,18,2.6,920
2014,11,25,8,0,333,273,208,20,3.2,920
2014,11,25,9,0,568,541,228,22,3.2,920
2014,11,25,10,0,579,273,373,24,3,920
2014,11,25,11,0,823,677,267,25,2.7,920
2014,11,25,12,0,821,715,229,26,2.6,920
2014,11,25,13,0,777,770,182,26,2.4000000000000004,920
2014,11,25,14,0,656,728,176,26,2.3000000000000003,920
2014,11,25,15,0,461,626,150,25,2.3000000000000003,920
2014,11,25,16,0,235,436,106,23,2.3000000000000003,920
2014,11,25,17,0,6,0,6,21,2.4000000000000004,920
2014,11,25,18,0,0,0,0,20,2.6,920
2014,11,25,19,0,0,0,0,20,2.7,920
2014,11,25,20,0,0,0,0,19,2.7,920
2014,11,25,21,0,0,0,0,19,2.8000000000000003,920
2014,11,25,22,0,0,0,0,18,2.8000000000000003,920
2014,11,25,23,0,0,0,0,18,2.8000000000000003,920
2014,11,26,0,0,0,0,0,17,2.7,920
2014,11,26,1,0,0,0,0,17,2.8000000000000003,920
2014,11,26,2,0,0,0,0,16,2.8000000000000003,920
2014,11,26,3,0,0,0,0,16,2.8000000000000003,920
2014,11,26,4,0,0,0,0,15,2.9000000000000004,920
2014,11,26,5,0,0,0,0,16,2.9000000000000004,920
2014,11,26,6,0,1,0,1,16,2.8000000000000003,920
2014,11,26,7,0,178,318,100,17,2.9000000000000004,920
2014,11,26,8,0,377,460,169,20,3.2,920
2014,11,26,9,0,605,665,189,22,3.3000000000000003,920
2014,11,26,10,0,752,769,175,24,3,920
2014,11,26,11,0,859,808,197,25,2.7,920
2014,11,26,12,0,867,810,198,26,2.4000000000000004,920
2014,11,26,13,0,797,786,191,26,2.2,920
2014,11,26,14,0,658,731,176,26,2.2,920
2014,11,26,15,0,458,604,158,25,2.4000000000000004,920
2014,11,26,16,0,221,386,107,23,2.4000000000000004,920
2014,11,26,17,0,6,0,6,21,2.6,920
2014,11,26,18,0,0,0,0,20,2.8000000000000003,920
2014,11,26,19,0,0,0,0,19,2.9000000000000004,920
2014,11,26,20,0,0,0,0,18,2.9000000000000004,920
2014,11,26,21,0,0,0,0,17,2.8000000000000003,920
2014,11,26,22,0,0,0,0,17,2.6,920
2014,11,26,23,0,0,0,0,16,2.5,920
2014,11,27,0,0,0,0,0,16,2.4000000000000004,920
2014,11,27,1,0,0,0,0,15,2.4000000000000004,920
2014,11,27,2,0,0,0,0,15,2.5,920
2014,11,27,3,0,0,0,0,15,2.6,920
2014,11,27,4,0,0,0,0,15,2.8000000000000003,920
2014,11,27,5,0,0,0,0,15,2.8000000000000003,920
2014,11,27,6,0,0,0,0,16,2.7,920
2014,11,27,7,0,64,0,64,18,2.7,920
2014,11,27,8,0,374,388,199,21,2.9000000000000004,920
2014,11,27,9,0,602,663,189,23,2.9000000000000004,920
2014,11,27,10,0,759,765,187,25,2.7,920
2014,11,27,11,0,845,795,195,26,2.5,920
2014,11,27,12,0,855,799,196,27,2.4000000000000004,920
2014,11,27,13,0,789,777,190,27,2.3000000000000003,920
2014,11,27,14,0,644,680,196,27,2.3000000000000003,920
2014,11,27,15,0,398,360,219,26,2.3000000000000003,920
2014,11,27,16,0,168,121,132,24,2.2,920
2014,11,27,17,0,6,0,6,22,2.3000000000000003,920
2014,11,27,18,0,0,0,0,21,2.6,920
2014,11,27,19,0,0,0,0,20,2.8000000000000003,920
2014,11,27,20,0,0,0,0,19,2.9000000000000004,920
2014,11,27,21,0,0,0,0,18,2.9000000000000004,920
2014,11,27,22,0,0,0,0,18,2.9000000000000004,920
2014,11,27,23,0,0,0,0,17,2.9000000000000004,920
2014,11,28,0,0,0,0,0,17,2.8000000000000003,920
2014,11,28,1,0,0,0,0,17,2.7,920
2014,11,28,2,0,0,0,0,16,2.5,920
2014,11,28,3,0,0,0,0,16,2.4000000000000004,920
2014,11,28,4,0,0,0,0,15,2.3000000000000003,920
2014,11,28,5,0,0,0,0,15,2.3000000000000003,920
2014,11,28,6,0,0,0,0,16,2.2,920
2014,11,28,7,0,116,53,103,18,1.9000000000000001,920
2014,11,28,8,0,236,59,209,22,1.9000000000000001,920
2014,11,28,9,0,383,122,307,24,2.3000000000000003,920
2014,11,28,10,0,422,77,364,26,2.2,920
2014,11,28,11,0,409,39,377,27,2,920
2014,11,28,12,0,638,273,413,28,1.8,920
2014,11,28,13,0,463,118,372,28,1.8,920
2014,11,28,14,0,483,267,307,27,1.8,920
2014,11,28,15,0,169,4,167,26,1.7000000000000002,920
2014,11,28,16,0,135,43,122,25,1.7000000000000002,920
2014,11,28,17,0,6,0,6,22,1.8,920
2014,11,28,18,0,0,0,0,21,2.1,920
2014,11,28,19,0,0,0,0,20,2.3000000000000003,920
2014,11,28,20,0,0,0,0,19,2.2,920
2014,11,28,21,0,0,0,0,19,2.1,920
2014,11,28,22,0,0,0,0,18,2,920
2014,11,28,23,0,0,0,0,18,1.8,920
2014,11,29,0,0,0,0,0,18,1.6,920
2014,11,29,1,0,0,0,0,17,1.5,920
2014,11,29,2,0,0,0,0,17,1.5,920
2014,11,29,3,0,0,0,0,16,1.6,920
2014,11,29,4,0,0,0,0,16,1.7000000000000002,920
2014,11,29,5,0,0,0,0,15,1.9000000000000001,920
2014,11,29,6,0,0,0,0,16,2.1,920
2014,11,29,7,0,160,255,99,18,1.9000000000000001,920
2014,11,29,8,0,397,578,140,21,1.8,920
2014,11,29,9,0,562,601,190,23,2.1,920
2014,11,29,10,0,663,488,300,24,2,920
2014,11,29,11,0,574,236,382,25,2,920
2014,11,29,12,0,797,598,306,26,2,920
2014,11,29,13,0,662,449,317,25,2,920
2014,11,29,14,0,425,156,322,25,2.2,920
2014,11,29,15,0,295,110,240,24,2.4000000000000004,920
2014,11,29,16,0,111,6,109,23,2.4000000000000004,920
2014,11,29,17,0,6,0,6,21,2.6,920
2014,11,29,18,0,0,0,0,21,2.8000000000000003,920
2014,11,29,19,0,0,0,0,20,2.9000000000000004,920
2014,11,29,20,0,0,0,0,20,3,920
2014,11,29,21,0,0,0,0,19,3,920
2014,11,29,22,0,0,0,0,19,3,920
2014,11,29,23,0,0,0,0,18,3.1,920
2014,11,30,0,0,0,0,0,18,3.1,920
2014,11,30,1,0,0,0,0,17,3.2,920
2014,11,30,2,0,0,0,0,17,3.2,920
2014,11,30,3,0,0,0,0,16,3.3000000000000003,920
2014,11,30,4,0,0,0,0,16,3.3000000000000003,920
2014,11,30,5,0,0,0,0,16,3.4000000000000004,920
2014,11,30,6,0,0,0,0,17,3.3000000000000003,920
2014,11,30,7,0,170,349,88,18,3.3000000000000003,920
2014,11,30,8,0,277,157,207,21,3.8000000000000003,920
2014,11,30,9,0,547,476,253,22,4,920
2014,11,30,10,0,481,154,366,24,4,920
2014,11,30,11,0,366,45,329,25,4.1000000000000005,920
2014,11,30,12,0,762,539,320,26,4.1000000000000005,920
2014,11,30,13,0,522,212,359,26,4,920
2014,11,30,14,0,228,8,222,25,4,920
2014,11,30,15,0,175,4,173,24,3.9000000000000004,920
2014,11,30,16,0,142,57,125,22,3.6,920
2014,11,30,17,0,6,0,6,20,3.5,920
2014,11,30,18,0,0,0,0,19,3.5,920
2014,11,30,19,0,0,0,0,19,3.4000000000000004,920
2014,11,30,20,0,0,0,0,18,3.4000000000000004,920
2014,11,30,21,0,0,0,0,18,3.4000000000000004,920
2014,11,30,22,0,0,0,0,17,3.5,920
2014,11,30,23,0,0,0,0,17,3.5,920
2014,12,1,0,0,0,0,0,16,3.6,920
2014,12,1,1,0,0,0,0,16,3.7,920
2014,12,1,2,0,0,0,0,15,3.6,920
2014,12,1,3,0,0,0,0,15,3.6,920
2014,12,1,4,0,0,0,0,14,3.5,920
2014,12,1,5,0,0,0,0,14,3.4000000000000004,920
2014,12,1,6,0,0,0,0,15,3.2,920
2014,12,1,7,0,174,383,86,17,3.2,920
2014,12,1,8,0,402,611,133,19,3.3000000000000003,920
2014,12,1,9,0,605,726,160,22,3.7,920
2014,12,1,10,0,756,786,175,24,3.8000000000000003,920
2014,12,1,11,0,840,812,183,25,3.7,920
2014,12,1,12,0,849,813,183,26,3.5,920
2014,12,1,13,0,782,790,177,26,3.3000000000000003,920
2014,12,1,14,0,647,737,164,26,3.2,920
2014,12,1,15,0,457,638,141,25,3.2,920
2014,12,1,16,0,231,429,104,23,2.9000000000000004,920
2014,12,1,17,0,17,0,17,21,2.8000000000000003,920
2014,12,1,18,0,0,0,0,20,2.9000000000000004,920
2014,12,1,19,0,0,0,0,19,3,920
2014,12,1,20,0,0,0,0,18,2.9000000000000004,920
2014,12,1,21,0,0,0,0,18,2.8000000000000003,920
2014,12,1,22,0,0,0,0,17,2.7,920
2014,12,1,23,0,0,0,0,16,2.7,920
2014,12,2,0,0,0,0,0,16,2.7,920
2014,12,2,1,0,0,0,0,15,2.8000000000000003,920
2014,12,2,2,0,0,0,0,15,2.9000000000000004,920
2014,12,2,3,0,0,0,0,15,3.1,920
2014,12,2,4,0,0,0,0,15,3.2,920
2014,12,2,5,0,0,0,0,15,3.2,920
2014,12,2,6,0,0,0,0,15,3,920
2014,12,2,7,0,138,185,95,17,2.9000000000000004,920
2014,12,2,8,0,336,312,199,20,3,920
2014,12,2,9,0,609,664,203,23,3.1,920
2014,12,2,10,0,757,783,179,24,3,920
2014,12,2,11,0,774,622,271,26,2.9000000000000004,920
2014,12,2,12,0,716,455,344,26,2.7,920
2014,12,2,13,0,797,740,231,26,2.4000000000000004,920
2014,12,2,14,0,633,607,235,26,2.5,920
2014,12,2,15,0,343,215,236,25,2.5,920
2014,12,2,16,0,243,474,103,23,2.5,920
2014,12,2,17,0,17,0,17,21,2.7,920
2014,12,2,18,0,0,0,0,20,2.8000000000000003,920
2014,12,2,19,0,0,0,0,19,2.9000000000000004,920
2014,12,2,20,0,0,0,0,19,2.6,920
2014,12,2,21,0,0,0,0,18,2.3000000000000003,920
2014,12,2,22,0,0,0,0,17,1.9000000000000001,920
2014,12,2,23,0,0,0,0,16,1.5,920
2014,12,3,0,0,0,0,0,15,1.1,920
2014,12,3,1,0,0,0,0,15,0.9,920
2014,12,3,2,0,0,0,0,15,1,920
2014,12,3,3,0,0,0,0,14,1.3,920
2014,12,3,4,0,0,0,0,14,1.7000000000000002,920
2014,12,3,5,0,0,0,0,14,2,920
2014,12,3,6,0,0,0,0,14,2.2,920
2014,12,3,7,0,166,346,87,18,2.1,920
2014,12,3,8,0,403,601,141,21,2,920
2014,12,3,9,0,613,742,161,24,2.3000000000000003,920
2014,12,3,10,0,768,804,177,25,2.1,920
2014,12,3,11,0,855,831,185,26,1.9000000000000001,920
2014,12,3,12,0,865,833,186,27,1.6,920
2014,12,3,13,0,798,809,179,27,1.3,920
2014,12,3,14,0,661,756,166,26,1.2000000000000002,920
2014,12,3,15,0,467,656,142,25,1.3,920
2014,12,3,16,0,242,469,103,24,1.5,920
2014,12,3,17,0,18,0,18,21,1.8,920
2014,12,3,18,0,0,0,0,20,2.2,920
2014,12,3,19,0,0,0,0,20,2.5,920
2014,12,3,20,0,0,0,0,19,2.6,920
2014,12,3,21,0,0,0,0,18,2.7,920
2014,12,3,22,0,0,0,0,18,2.8000000000000003,920
2014,12,3,23,0,0,0,0,17,2.9000000000000004,920
2014,12,4,0,0,0,0,0,16,3.1,920
2014,12,4,1,0,0,0,0,16,3.2,920
2014,12,4,2,0,0,0,0,15,3.3000000000000003,920
2014,12,4,3,0,0,0,0,15,3.3000000000000003,920
2014,12,4,4,0,0,0,0,14,3.3000000000000003,920
2014,12,4,5,0,0,0,0,14,3.2,920
2014,12,4,6,0,0,0,0,15,3.1,920
2014,12,4,7,0,158,275,96,17,2.7,920
2014,12,4,8,0,400,600,140,21,2.8000000000000003,920
2014,12,4,9,0,601,744,149,23,2.7,920
2014,12,4,10,0,775,814,178,25,2.3000000000000003,920
2014,12,4,11,0,865,844,186,26,1.9000000000000001,920
2014,12,4,12,0,878,848,187,26,1.6,920
2014,12,4,13,0,812,826,181,26,1.3,920
2014,12,4,14,0,674,773,168,26,1.3,920
2014,12,4,15,0,478,674,144,25,1.3,920
2014,12,4,16,0,249,486,104,23,1.4000000000000001,920
2014,12,4,17,0,19,0,19,20,1.7000000000000002,920
2014,12,4,18,0,0,0,0,19,2,920
2014,12,4,19,0,0,0,0,18,2.3000000000000003,920
2014,12,4,20,0,0,0,0,18,2.5,920
2014,12,4,21,0,0,0,0,17,2.6,920
2014,12,4,22,0,0,0,0,16,2.6,920
2014,12,4,23,0,0,0,0,16,2.7,920
2014,12,5,0,0,0,0,0,15,2.7,920
2014,12,5,1,0,0,0,0,14,2.6,920
2014,12,5,2,0,0,0,0,14,2.6,920
2014,12,5,3,0,0,0,0,13,2.5,920
2014,12,5,4,0,0,0,0,13,2.4000000000000004,920
2014,12,5,5,0,0,0,0,13,2.3000000000000003,920
2014,12,5,6,0,0,0,0,14,2.3000000000000003,920
2014,12,5,7,0,166,346,89,17,2,920
2014,12,5,8,0,399,617,133,20,1.8,920
2014,12,5,9,0,606,737,160,23,2,920
2014,12,5,10,0,762,800,176,25,1.8,920
2014,12,5,11,0,850,829,184,26,1.6,920
2014,12,5,12,0,862,832,185,26,1.5,920
2014,12,5,13,0,797,809,179,26,1.5,920
2014,12,5,14,0,661,757,166,26,1.5,920
2014,12,5,15,0,469,658,143,25,1.6,920
2014,12,5,16,0,244,472,103,23,1.7000000000000002,920
2014,12,5,17,0,24,0,24,21,1.8,920
2014,12,5,18,0,0,0,0,19,2,920
2014,12,5,19,0,0,0,0,19,2.2,920
2014,12,5,20,0,0,0,0,18,2.2,920
2014,12,5,21,0,0,0,0,17,2.2,920
2014,12,5,22,0,0,0,0,16,2.2,920
2014,12,5,23,0,0,0,0,16,2.1,920
2014,12,6,0,0,0,0,0,15,2.1,920
2014,12,6,1,0,0,0,0,14,2,920
2014,12,6,2,0,0,0,0,14,2,920
2014,12,6,3,0,0,0,0,14,2.2,920
2014,12,6,4,0,0,0,0,13,2.3000000000000003,920
2014,12,6,5,0,0,0,0,14,2.3000000000000003,920
2014,12,6,6,0,0,0,0,14,2.3000000000000003,920
2014,12,6,7,0,158,324,86,16,2.1,920
2014,12,6,8,0,389,602,131,19,2,920
2014,12,6,9,0,594,722,159,22,2.2,920
2014,12,6,10,0,748,785,175,24,2.2,920
2014,12,6,11,0,834,813,183,25,2.2,920
2014,12,6,12,0,846,815,184,26,2.3000000000000003,920
2014,12,6,13,0,781,792,178,26,2.3000000000000003,920
2014,12,6,14,0,648,739,164,26,2.4000000000000004,920
2014,12,6,15,0,459,641,141,25,2.4000000000000004,920
2014,12,6,16,0,238,457,102,23,2.3000000000000003,920
2014,12,6,17,0,16,0,16,21,2.3000000000000003,920
2014,12,6,18,0,0,0,0,20,2.3000000000000003,920
2014,12,6,19,0,0,0,0,19,2.3000000000000003,920
2014,12,6,20,0,0,0,0,18,2.2,920
2014,12,6,21,0,0,0,0,18,2.2,920
2014,12,6,22,0,0,0,0,17,2.1,920
2014,12,6,23,0,0,0,0,17,2,920
2014,12,7,0,0,0,0,0,16,2,920
2014,12,7,1,0,0,0,0,16,1.9000000000000001,920
2014,12,7,2,0,0,0,0,17,1.9000000000000001,920
2014,12,7,3,0,0,0,0,17,1.9000000000000001,920
2014,12,7,4,0,0,0,0,17,1.9000000000000001,920
2014,12,7,5,0,0,0,0,17,1.9000000000000001,920
2014,12,7,6,0,0,0,0,17,2,920
2014,12,7,7,0,149,278,88,19,1.9000000000000001,920
2014,12,7,8,0,327,313,193,21,2,920
2014,12,7,9,0,570,691,155,24,2,920
2014,12,7,10,0,721,755,171,25,1.8,920
2014,12,7,11,0,808,785,179,27,1.7000000000000002,920
2014,12,7,12,0,821,789,181,27,1.4000000000000001,920
2014,12,7,13,0,760,768,175,27,1.1,920
2014,12,7,14,0,631,717,162,27,0.9,920
2014,12,7,15,0,361,231,246,26,0.9,920
2014,12,7,16,0,232,440,100,25,1.1,920
2014,12,7,17,0,21,0,21,23,1.5,920
2014,12,7,18,0,0,0,0,22,1.8,920
2014,12,7,19,0,0,0,0,21,2,920
2014,12,7,20,0,0,0,0,21,2.1,920
2014,12,7,21,0,0,0,0,20,2.2,920
2014,12,7,22,0,0,0,0,19,2.2,920
2014,12,7,23,0,0,0,0,19,2.1,920
2014,12,8,0,0,0,0,0,18,2.1,920
2014,12,8,1,0,0,0,0,18,1.9000000000000001,920
2014,12,8,2,0,0,0,0,18,1.7000000000000002,920
2014,12,8,3,0,0,0,0,18,1.4000000000000001,920
2014,12,8,4,0,0,0,0,18,1.3,920
2014,12,8,5,0,0,0,0,18,1.1,920
2014,12,8,6,0,0,0,0,18,1.1,920
2014,12,8,7,0,140,188,99,19,1,920
2014,12,8,8,0,232,90,193,21,1.2000000000000002,920
2014,12,8,9,0,482,322,289,23,1.3,920
2014,12,8,10,0,716,751,171,25,1.4000000000000001,920
2014,12,8,11,0,803,782,179,26,1.4000000000000001,920
2014,12,8,12,0,818,787,180,27,1.4000000000000001,920
2014,12,8,13,0,735,605,274,26,1.5,920
2014,12,8,14,0,583,515,246,26,1.5,920
2014,12,8,15,0,447,620,139,25,1.5,920
2014,12,8,16,0,168,120,132,24,1.6,920
2014,12,8,17,0,18,0,18,23,1.8,920
2014,12,8,18,0,0,0,0,23,2,920
2014,12,8,19,0,0,0,0,22,2,920
2014,12,8,20,0,0,0,0,21,2,920
2014,12,8,21,0,0,0,0,21,1.9000000000000001,920
2014,12,8,22,0,0,0,0,20,1.9000000000000001,920
2014,12,8,23,0,0,0,0,20,1.8,920
2014,12,9,0,0,0,0,0,19,1.7000000000000002,920
2014,12,9,1,0,0,0,0,19,1.6,920
2014,12,9,2,0,0,0,0,20,1.5,920
2014,12,9,3,0,0,0,0,19,1.4000000000000001,920
2014,12,9,4,0,0,0,0,19,1.4000000000000001,920
2014,12,9,5,0,0,0,0,19,1.4000000000000001,920
2014,12,9,6,0,0,0,0,19,1.4000000000000001,920
2014,12,9,7,0,144,239,93,21,1.4000000000000001,920
2014,12,9,8,0,328,359,176,22,1.5,920
2014,12,9,9,0,563,685,154,25,1.5,920
2014,12,9,10,0,714,751,171,26,1.5,920
2014,12,9,11,0,802,782,179,26,1.5,920
2014,12,9,12,0,809,642,289,27,1.5,920
2014,12,9,13,0,596,262,396,27,1.5,920
2014,12,9,14,0,306,31,285,26,1.5,920
2014,12,9,15,0,233,43,211,26,1.5,920
2014,12,9,16,0,233,441,101,25,1.5,920
2014,12,9,17,0,19,0,19,24,1.6,920
2014,12,9,18,0,0,0,0,23,1.7000000000000002,920
2014,12,9,19,0,0,0,0,22,1.7000000000000002,920
2014,12,9,20,0,0,0,0,22,1.8,920
2014,12,9,21,0,0,0,0,21,1.8,920
2014,12,9,22,0,0,0,0,21,1.7000000000000002,920
2014,12,9,23,0,0,0,0,21,1.6,920
2014,12,10,0,0,0,0,0,20,1.5,920
2014,12,10,1,0,0,0,0,20,1.4000000000000001,920
2014,12,10,2,0,0,0,0,20,1.5,920
2014,12,10,3,0,0,0,0,20,1.6,920
2014,12,10,4,0,0,0,0,20,1.7000000000000002,920
2014,12,10,5,0,0,0,0,20,1.9000000000000001,920
2014,12,10,6,0,0,0,0,20,2,920
2014,12,10,7,0,111,97,90,20,2.1,920
2014,12,10,8,0,359,555,125,21,2.3000000000000003,920
2014,12,10,9,0,552,572,212,22,2.3000000000000003,920
2014,12,10,10,0,707,743,170,23,2.1,920
2014,12,10,11,0,795,775,178,24,2,920
2014,12,10,12,0,744,533,313,24,2,920
2014,12,10,13,0,604,293,381,24,2,920
2014,12,10,14,0,626,711,161,24,2.1,920
2014,12,10,15,0,443,465,211,23,2,920
2014,12,10,16,0,99,0,99,23,1.9000000000000001,920
2014,12,10,17,0,20,0,20,22,2,920
2014,12,10,18,0,0,0,0,21,2.1,920
2014,12,10,19,0,0,0,0,21,2,920
2014,12,10,20,0,0,0,0,21,2,920
2014,12,10,21,0,0,0,0,21,2,920
2014,12,10,22,0,0,0,0,20,1.9000000000000001,920
2014,12,10,23,0,0,0,0,20,2,920
2014,12,11,0,0,0,0,0,20,2,920
2014,12,11,1,0,0,0,0,20,2,920
2014,12,11,2,0,0,0,0,20,1.9000000000000001,920
2014,12,11,3,0,0,0,0,20,1.7000000000000002,920
2014,12,11,4,0,0,0,0,20,1.5,920
2014,12,11,5,0,0,0,0,20,1.4000000000000001,920
2014,12,11,6,0,0,0,0,20,1.3,920
2014,12,11,7,0,114,84,96,20,1.3,920
2014,12,11,8,0,300,252,194,21,1.4000000000000001,920
2014,12,11,9,0,353,114,285,22,1.4000000000000001,920
2014,12,11,10,0,464,127,372,23,1.3,920
2014,12,11,11,0,580,238,391,24,1.1,920
2014,12,11,12,0,627,286,396,24,0.9,920
2014,12,11,13,0,612,325,365,24,0.7000000000000001,920
2014,12,11,14,0,458,204,324,23,0.5,920
2014,12,11,15,0,263,71,227,23,0.7000000000000001,920
2014,12,11,16,0,225,286,138,22,1.1,920
2014,12,11,17,0,10,0,10,22,1.4000000000000001,920
2014,12,11,18,0,0,0,0,21,1.6,920
2014,12,11,19,0,0,0,0,21,1.7000000000000002,920
2014,12,11,20,0,0,0,0,21,1.7000000000000002,920
2014,12,11,21,0,0,0,0,21,1.8,920
2014,12,11,22,0,0,0,0,21,2,920
2014,12,11,23,0,0,0,0,21,2.1,920
2014,12,12,0,0,0,0,0,21,2.2,920
2014,12,12,1,0,0,0,0,20,2.2,920
2014,12,12,2,0,0,0,0,20,2.3000000000000003,920
2014,12,12,3,0,0,0,0,20,2.3000000000000003,920
2014,12,12,4,0,0,0,0,20,2.4000000000000004,920
2014,12,12,5,0,0,0,0,20,2.5,920
2014,12,12,6,0,0,0,0,20,2.5,920
2014,12,12,7,0,140,314,75,20,2.5,920
2014,12,12,8,0,355,553,125,21,2.6,920
2014,12,12,9,0,532,521,224,22,2.5,920
2014,12,12,10,0,515,211,363,23,2.4000000000000004,920
2014,12,12,11,0,723,522,309,24,2.2,920
2014,12,12,12,0,661,340,386,24,2.1,920
2014,12,12,13,0,438,87,371,24,1.9000000000000001,920
2014,12,12,14,0,279,21,265,24,1.7000000000000002,920
2014,12,12,15,0,229,19,219,23,1.6,920
2014,12,12,16,0,108,1,107,23,1.5,920
2014,12,12,17,0,27,0,27,21,1.6,920
2014,12,12,18,0,0,0,0,21,2,920
2014,12,12,19,0,0,0,0,20,2.4000000000000004,920
2014,12,12,20,0,0,0,0,20,2.6,920
2014,12,12,21,0,0,0,0,20,2.7,920
2014,12,12,22,0,0,0,0,20,2.8000000000000003,920
2014,12,12,23,0,0,0,0,19,2.8000000000000003,920
2014,12,13,0,0,0,0,0,19,2.8000000000000003,920
2014,12,13,1,0,0,0,0,19,2.7,920
2014,12,13,2,0,0,0,0,19,2.6,920
2014,12,13,3,0,0,0,0,19,2.5,920
2014,12,13,4,0,0,0,0,19,2.5,920
2014,12,13,5,0,0,0,0,18,2.5,920
2014,12,13,6,0,0,0,0,19,2.6,920
2014,12,13,7,0,121,173,85,20,2.5,920
2014,12,13,8,0,316,341,174,21,2.8000000000000003,920
2014,12,13,9,0,543,563,211,22,3.2,920
2014,12,13,10,0,704,744,170,23,3.2,920
2014,12,13,11,0,793,776,178,23,3.1,920
2014,12,13,12,0,810,782,180,23,2.9000000000000004,920
2014,12,13,13,0,603,274,395,23,2.8000000000000003,920
2014,12,13,14,0,286,23,270,23,2.7,920
2014,12,13,15,0,223,21,212,23,2.5,920
2014,12,13,16,0,122,7,119,22,2.5,920
2014,12,13,17,0,28,0,28,21,2.6,920
2014,12,13,18,0,0,0,0,21,2.7,920
2014,12,13,19,0,0,0,0,20,2.7,920
2014,12,13,20,0,0,0,0,20,2.7,920
2014,12,13,21,0,0,0,0,20,2.6,920
2014,12,13,22,0,0,0,0,20,2.4000000000000004,920
2014,12,13,23,0,0,0,0,20,2.3000000000000003,920
2014,12,14,0,0,0,0,0,20,2.2,920
2014,12,14,1,0,0,0,0,20,2.1,920
2014,12,14,2,0,0,0,0,19,2,920
2014,12,14,3,0,0,0,0,19,1.9000000000000001,920
2014,12,14,4,0,0,0,0,19,1.9000000000000001,920
2014,12,14,5,0,0,0,0,19,1.9000000000000001,920
2014,12,14,6,0,0,0,0,19,1.9000000000000001,920
2014,12,14,7,0,107,73,92,20,2,920
2014,12,14,8,0,236,99,195,21,2.1,920
2014,12,14,9,0,548,508,249,22,2.1,920
2014,12,14,10,0,457,142,355,23,2,920
2014,12,14,11,0,702,459,339,25,1.8,920
2014,12,14,12,0,541,171,403,25,1.7000000000000002,920
2014,12,14,13,0,517,155,399,25,1.5,920
2014,12,14,14,0,494,243,334,25,1.5,920
2014,12,14,15,0,143,0,143,24,1.5,920
2014,12,14,16,0,111,3,110,23,1.5,920
2014,12,14,17,0,29,0,29,22,1.6,920
2014,12,14,18,0,0,0,0,22,1.7000000000000002,920
2014,12,14,19,0,0,0,0,21,1.8,920
2014,12,14,20,0,0,0,0,21,1.9000000000000001,920
2014,12,14,21,0,0,0,0,21,2,920
2014,12,14,22,0,0,0,0,20,2,920
2014,12,14,23,0,0,0,0,20,2.1,920
2014,12,15,0,0,0,0,0,20,2.1,920
2014,12,15,1,0,0,0,0,20,1.9000000000000001,920
2014,12,15,2,0,0,0,0,20,1.7000000000000002,920
2014,12,15,3,0,0,0,0,19,1.5,920
2014,12,15,4,0,0,0,0,19,1.4000000000000001,920
2014,12,15,5,0,0,0,0,19,1.3,920
2014,12,15,6,0,0,0,0,19,1.2000000000000002,920
2014,12,15,7,0,105,95,85,20,1.3,920
2014,12,15,8,0,346,430,169,21,1.3,920
2014,12,15,9,0,552,681,153,23,1.4000000000000001,920
2014,12,15,10,0,707,750,170,25,1.5,920
2014,12,15,11,0,799,784,179,26,1.7000000000000002,920
2014,12,15,12,0,817,791,181,27,1.7000000000000002,920
2014,12,15,13,0,742,603,284,27,1.6,920
2014,12,15,14,0,444,179,326,27,1.4000000000000001,920
2014,12,15,15,0,305,91,259,26,1.3,920
2014,12,15,16,0,179,101,147,25,1.4000000000000001,920
2014,12,15,17,0,31,2,30,24,1.6,920
2014,12,15,18,0,0,0,0,23,1.9000000000000001,920
2014,12,15,19,0,0,0,0,23,2.1,920
2014,12,15,20,0,0,0,0,22,2.4000000000000004,920
2014,12,15,21,0,0,0,0,21,2.5,920
2014,12,15,22,0,0,0,0,21,2.6,920
2014,12,15,23,0,0,0,0,20,2.5,920
2014,12,16,0,0,0,0,0,20,2.4000000000000004,920
2014,12,16,1,0,0,0,0,19,2.3000000000000003,920
2014,12,16,2,0,0,0,0,19,2.3000000000000003,920
2014,12,16,3,0,0,0,0,19,2.3000000000000003,920
2014,12,16,4,0,0,0,0,19,2.1,920
2014,12,16,5,0,0,0,0,19,2.1,920
2014,12,16,6,0,0,0,0,19,2.2,920
2014,12,16,7,0,132,230,86,20,2.6,920
2014,12,16,8,0,355,563,125,21,2.7,920
2014,12,16,9,0,557,690,154,23,2.7,920
2014,12,16,10,0,713,758,171,25,2.7,920
2014,12,16,11,0,804,791,180,26,2.6,920
2014,12,16,12,0,801,630,294,26,2.5,920
2014,12,16,13,0,585,261,386,26,2.4000000000000004,920
2014,12,16,14,0,550,395,290,26,2.4000000000000004,920
2014,12,16,15,0,415,414,206,25,2.5,920
2014,12,16,16,0,211,247,134,24,2.6,920
2014,12,16,17,0,28,0,28,22,2.7,920
2014,12,16,18,0,0,0,0,22,2.8000000000000003,920
2014,12,16,19,0,0,0,0,21,2.8000000000000003,920
2014,12,16,20,0,0,0,0,20,2.7,920
2014,12,16,21,0,0,0,0,20,2.7,920
2014,12,16,22,0,0,0,0,19,2.6,920
2014,12,16,23,0,0,0,0,19,2.5,920
2014,12,17,0,0,0,0,0,19,2.2,920
2014,12,17,1,0,0,0,0,19,2.1,920
2014,12,17,2,0,0,0,0,19,2.1,920
2014,12,17,3,0,0,0,0,19,2.1,920
2014,12,17,4,0,0,0,0,19,2.2,920
2014,12,17,5,0,0,0,0,19,2.3000000000000003,920
2014,12,17,6,0,0,0,0,19,2.4000000000000004,920
2014,12,17,7,0,118,141,90,20,2.7,920
2014,12,17,8,0,352,559,125,21,3,920
2014,12,17,9,0,554,687,154,22,3.2,920
2014,12,17,10,0,697,673,217,24,3.3000000000000003,920
2014,12,17,11,0,758,562,315,25,3.2,920
2014,12,17,12,0,539,185,390,26,3.2,920
2014,12,17,13,0,170,6,165,26,3,920
2014,12,17,14,0,506,268,329,26,3.1,920
2014,12,17,15,0,202,18,192,25,3.1,920
2014,12,17,16,0,59,0,59,23,3,920
2014,12,17,17,0,9,0,9,22,3.1,920
2014,12,17,18,0,0,0,0,21,3.3000000000000003,920
2014,12,17,19,0,0,0,0,20,3.4000000000000004,920
2014,12,17,20,0,0,0,0,20,3.4000000000000004,920
2014,12,17,21,0,0,0,0,19,3.4000000000000004,920
2014,12,17,22,0,0,0,0,19,3.3000000000000003,920
2014,12,17,23,0,0,0,0,19,3,920
2014,12,18,0,0,0,0,0,19,2.7,920
2014,12,18,1,0,0,0,0,19,2.5,920
2014,12,18,2,0,0,0,0,19,2.4000000000000004,920
2014,12,18,3,0,0,0,0,19,2.3000000000000003,920
2014,12,18,4,0,0,0,0,19,2.2,920
2014,12,18,5,0,0,0,0,19,2.2,920
2014,12,18,6,0,0,0,0,19,2.3000000000000003,920
2014,12,18,7,0,133,277,79,20,2.7,920
2014,12,18,8,0,350,559,124,21,3,920
2014,12,18,9,0,553,688,154,22,3.1,920
2014,12,18,10,0,710,758,171,24,3.2,920
2014,12,18,11,0,352,41,319,25,3.2,920
2014,12,18,12,0,307,12,297,25,3.2,920
2014,12,18,13,0,219,2,217,25,3.3000000000000003,920
2014,12,18,14,0,189,2,187,25,3.3000000000000003,920
2014,12,18,15,0,102,0,102,24,3.3000000000000003,920
2014,12,18,16,0,100,0,100,23,3.1,920
2014,12,18,17,0,10,0,10,22,3.2,920
2014,12,18,18,0,0,0,0,21,3.3000000000000003,920
2014,12,18,19,0,0,0,0,21,3.3000000000000003,920
2014,12,18,20,0,0,0,0,20,3.3000000000000003,920
2014,12,18,21,0,0,0,0,20,3.2,920
2014,12,18,22,0,0,0,0,20,3.2,920
2014,12,18,23,0,0,0,0,19,3.1,920
2014,12,19,0,0,0,0,0,19,3,920
2014,12,19,1,0,0,0,0,19,3,920
2014,12,19,2,0,0,0,0,19,2.9000000000000004,920
2014,12,19,3,0,0,0,0,19,2.7,920
2014,12,19,4,0,0,0,0,19,2.6,920
2014,12,19,5,0,0,0,0,19,2.5,920
2014,12,19,6,0,0,0,0,19,2.6,920
2014,12,19,7,0,113,151,83,19,2.8000000000000003,920
2014,12,19,8,0,224,88,188,20,3.1,920
2014,12,19,9,0,430,259,280,22,3.4000000000000004,920
2014,12,19,10,0,463,147,358,23,3.6,920
2014,12,19,11,0,593,294,361,24,3.7,920
2014,12,19,12,0,326,29,302,25,3.8000000000000003,920
2014,12,19,13,0,551,226,379,25,3.7,920
2014,12,19,14,0,646,731,164,25,3.7,920
2014,12,19,15,0,429,383,235,24,3.6,920
2014,12,19,16,0,139,39,126,23,3.2,920
2014,12,19,17,0,10,0,10,21,3.1,920
2014,12,19,18,0,0,0,0,21,3,920
2014,12,19,19,0,0,0,0,20,2.9000000000000004,920
2014,12,19,20,0,0,0,0,20,2.7,920
2014,12,19,21,0,0,0,0,20,2.6,920
2014,12,19,22,0,0,0,0,20,2.5,920
2014,12,19,23,0,0,0,0,20,2.3000000000000003,920
2014,12,20,0,0,0,0,0,19,2.1,920
2014,12,20,1,0,0,0,0,19,2,920
2014,12,20,2,0,0,0,0,19,1.9000000000000001,920
2014,12,20,3,0,0,0,0,19,1.9000000000000001,920
2014,12,20,4,0,0,0,0,19,2,920
2014,12,20,5,0,0,0,0,18,2,920
2014,12,20,6,0,0,0,0,18,2,920
2014,12,20,7,0,130,306,72,19,2.1,920
2014,12,20,8,0,346,521,137,20,2.2,920
2014,12,20,9,0,553,691,154,22,2.1,920
2014,12,20,10,0,711,761,171,24,2.1,920
2014,12,20,11,0,779,647,270,25,2.1,920
2014,12,20,12,0,826,800,182,26,2.1,920
2014,12,20,13,0,763,715,219,26,2.1,920
2014,12,20,14,0,648,732,164,25,2.1,920
2014,12,20,15,0,468,640,142,25,2,920
2014,12,20,16,0,228,211,161,23,2,920
2014,12,20,17,0,10,0,10,22,2.1,920
2014,12,20,18,0,0,0,0,21,2.2,920
2014,12,20,19,0,0,0,0,21,2.3000000000000003,920
2014,12,20,20,0,0,0,0,20,2.3000000000000003,920
2014,12,20,21,0,0,0,0,20,2.2,920
2014,12,20,22,0,0,0,0,19,2.1,920
2014,12,20,23,0,0,0,0,19,1.9000000000000001,920
2014,12,21,0,0,0,0,0,19,1.7000000000000002,920
2014,12,21,1,0,0,0,0,18,1.5,920
2014,12,21,2,0,0,0,0,18,1.4000000000000001,920
2014,12,21,3,0,0,0,0,18,1.4000000000000001,920
2014,12,21,4,0,0,0,0,17,1.4000000000000001,920
2014,12,21,5,0,0,0,0,17,1.5,920
2014,12,21,6,0,0,0,0,17,1.6,920
2014,12,21,7,0,126,233,82,19,1.5,920
2014,12,21,8,0,260,166,193,22,1.6,920
2014,12,21,9,0,480,388,256,24,1.3,920
2014,12,21,10,0,705,755,170,26,1,920
2014,12,21,11,0,799,789,179,27,0.9,920
2014,12,21,12,0,821,796,181,27,0.9,920
2014,12,21,13,0,768,777,176,27,1.1,920
2014,12,21,14,0,646,729,164,26,1.4000000000000001,920
2014,12,21,15,0,467,638,142,25,1.6,920
2014,12,21,16,0,253,467,105,24,1.9000000000000001,920
2014,12,21,17,0,31,0,31,22,2.4000000000000004,920
2014,12,21,18,0,0,0,0,22,2.8000000000000003,920
2014,12,21,19,0,0,0,0,21,3,920
2014,12,21,20,0,0,0,0,20,3,920
2014,12,21,21,0,0,0,0,20,2.9000000000000004,920
2014,12,21,22,0,0,0,0,19,2.9000000000000004,920
2014,12,21,23,0,0,0,0,19,2.9000000000000004,920
2014,12,22,0,0,0,0,0,18,2.8000000000000003,920
2014,12,22,1,0,0,0,0,17,2.7,920
2014,12,22,2,0,0,0,0,17,2.6,920
2014,12,22,3,0,0,0,0,16,2.6,920
2014,12,22,4,0,0,0,0,16,2.7,920
2014,12,22,5,0,0,0,0,16,2.7,920
2014,12,22,6,0,0,0,0,16,2.7,920
2014,12,22,7,0,126,299,71,17,2.6,920
2014,12,22,8,0,293,308,170,20,2.6,920
2014,12,22,9,0,501,462,235,22,2.4000000000000004,920
2014,12,22,10,0,710,761,171,24,2,920
2014,12,22,11,0,761,598,291,25,1.6,920
2014,12,22,12,0,830,805,182,26,1.3,920
2014,12,22,13,0,778,787,178,27,1,920
2014,12,22,14,0,655,740,165,26,1.1,920
2014,12,22,15,0,475,649,144,25,1.3,920
2014,12,22,16,0,249,331,143,24,1.7000000000000002,920
2014,12,22,17,0,13,0,13,22,2.1,920
2014,12,22,18,0,0,0,0,21,2.5,920
2014,12,22,19,0,0,0,0,20,2.8000000000000003,920
2014,12,22,20,0,0,0,0,20,2.7,920
2014,12,22,21,0,0,0,0,19,2.6,920
2014,12,22,22,0,0,0,0,18,2.4000000000000004,920
2014,12,22,23,0,0,0,0,18,2.2,920
2014,12,23,0,0,0,0,0,17,1.9000000000000001,920
2014,12,23,1,0,0,0,0,17,1.6,920
2014,12,23,2,0,0,0,0,16,1.5,920
2014,12,23,3,0,0,0,0,16,1.5,920
2014,12,23,4,0,0,0,0,16,1.6,920
2014,12,23,5,0,0,0,0,16,1.7000000000000002,920
2014,12,23,6,0,0,0,0,16,1.9000000000000001,920
2014,12,23,7,0,126,300,70,18,1.8,920
2014,12,23,8,0,346,560,124,21,2,920
2014,12,23,9,0,547,659,168,24,2.2,920
2014,12,23,10,0,673,586,259,26,2.2,920
2014,12,23,11,0,808,774,200,27,2.2,920
2014,12,23,12,0,833,809,183,27,2.3000000000000003,920
2014,12,23,13,0,782,792,178,27,2.4000000000000004,920
2014,12,23,14,0,654,720,176,26,2.4000000000000004,920
2014,12,23,15,0,480,655,144,25,2.5,920
2014,12,23,16,0,263,486,108,23,2.5,920
2014,12,23,17,0,39,17,37,22,2.7,920
2014,12,23,18,0,0,0,0,21,2.9000000000000004,920
2014,12,23,19,0,0,0,0,20,3,920
2014,12,23,20,0,0,0,0,20,3,920
2014,12,23,21,0,0,0,0,19,2.9000000000000004,920
2014,12,23,22,0,0,0,0,19,2.8000000000000003,920
2014,12,23,23,0,0,0,0,18,2.6,920
2014,12,24,0,0,0,0,0,18,2.4000000000000004,920
2014,12,24,1,0,0,0,0,17,2.2,920
2014,12,24,2,0,0,0,0,16,2.1,920
2014,12,24,3,0,0,0,0,16,2.1,920
2014,12,24,4,0,0,0,0,16,2.2,920
2014,12,24,5,0,0,0,0,15,2.2,920
2014,12,24,6,0,0,0,0,16,2.3000000000000003,920
2014,12,24,7,0,42,0,42,18,2.2,920
2014,12,24,8,0,343,411,180,20,2.3000000000000003,920
2014,12,24,9,0,567,717,156,23,2.8000000000000003,920
2014,12,24,10,0,731,789,174,25,2.9000000000000004,920
2014,12,24,11,0,807,773,200,26,2.9000000000000004,920
2014,12,24,12,0,790,623,288,26,2.8000000000000003,920
2014,12,24,13,0,794,802,182,26,2.7,920
2014,12,24,14,0,665,754,164,26,2.8000000000000003,920
2014,12,24,15,0,494,652,159,24,2.9000000000000004,920
2014,12,24,16,0,246,308,146,23,2.9000000000000004,920
2014,12,24,17,0,36,3,35,21,3.1,920
2014,12,24,18,0,0,0,0,20,3.2,920
2014,12,24,19,0,0,0,0,19,3.3000000000000003,920
2014,12,24,20,0,0,0,0,18,3.1,920
2014,12,24,21,0,0,0,0,17,2.9000000000000004,920
2014,12,24,22,0,0,0,0,17,2.8000000000000003,920
2014,12,24,23,0,0,0,0,16,2.6,920
2014,12,25,0,0,0,0,0,16,2.4000000000000004,920
2014,12,25,1,0,0,0,0,15,2.1,920
2014,12,25,2,0,0,0,0,15,2,920
2014,12,25,3,0,0,0,0,14,1.8,920
2014,12,25,4,0,0,0,0,14,1.7000000000000002,920
2014,12,25,5,0,0,0,0,14,1.6,920
2014,12,25,6,0,0,0,0,15,1.5,920
2014,12,25,7,0,95,86,79,17,1.2000000000000002,920
2014,12,25,8,0,187,35,173,20,1,920
2014,12,25,9,0,396,197,283,23,1.1,920
2014,12,25,10,0,685,602,260,25,1.3,920
2014,12,25,11,0,717,539,294,26,1.6,920
2014,12,25,12,0,728,523,307,26,2,920
2014,12,25,13,0,777,715,230,26,2.3000000000000003,920
2014,12,25,14,0,686,776,169,26,2.5,920
2014,12,25,15,0,500,685,148,25,2.6,920
2014,12,25,16,0,277,514,111,23,2.6,920
2014,12,25,17,0,25,0,25,21,2.8000000000000003,920
2014,12,25,18,0,0,0,0,20,3,920
2014,12,25,19,0,0,0,0,19,3.1,920
2014,12,25,20,0,0,0,0,18,3.1,920
2014,12,25,21,0,0,0,0,18,3.1,920
2014,12,25,22,0,0,0,0,17,3,920
2014,12,25,23,0,0,0,0,17,2.9000000000000004,920
2014,12,26,0,0,0,0,0,16,2.8000000000000003,920
2014,12,26,1,0,0,0,0,16,2.6,920
2014,12,26,2,0,0,0,0,16,2.5,920
2014,12,26,3,0,0,0,0,15,2.3000000000000003,920
2014,12,26,4,0,0,0,0,15,2.1,920
2014,12,26,5,0,0,0,0,15,1.9000000000000001,920
2014,12,26,6,0,0,0,0,15,1.9000000000000001,920
2014,12,26,7,0,122,263,74,17,1.8,920
2014,12,26,8,0,351,559,132,21,1.9000000000000001,920
2014,12,26,9,0,529,607,182,23,2.4000000000000004,920
2014,12,26,10,0,712,747,185,25,2.6,920
2014,12,26,11,0,833,828,184,26,2.8000000000000003,920
2014,12,26,12,0,858,834,186,26,2.8000000000000003,920
2014,12,26,13,0,805,816,181,26,2.9000000000000004,920
2014,12,26,14,0,680,768,169,25,2.9000000000000004,920
2014,12,26,15,0,496,676,147,24,2.9000000000000004,920
2014,12,26,16,0,275,507,110,23,2.8000000000000003,920
2014,12,26,17,0,35,0,35,20,2.8000000000000003,920
2014,12,26,18,0,0,0,0,19,3,920
2014,12,26,19,0,0,0,0,19,3.1,920
2014,12,26,20,0,0,0,0,19,3.2,920
2014,12,26,21,0,0,0,0,18,3.1,920
2014,12,26,22,0,0,0,0,17,3.1,920
2014,12,26,23,0,0,0,0,17,3,920
2014,12,27,0,0,0,0,0,16,2.9000000000000004,920
2014,12,27,1,0,0,0,0,16,2.7,920
2014,12,27,2,0,0,0,0,15,2.5,920
2014,12,27,3,0,0,0,0,15,2.4000000000000004,920
2014,12,27,4,0,0,0,0,14,2.4000000000000004,920
2014,12,27,5,0,0,0,0,14,2.5,920
2014,12,27,6,0,0,0,0,15,2.7,920
2014,12,27,7,0,123,302,70,17,2.5,920
2014,12,27,8,0,347,572,124,21,2.7,920
2014,12,27,9,0,557,706,155,23,2.8000000000000003,920
2014,12,27,10,0,711,764,173,24,2.5,920
2014,12,27,11,0,818,811,182,26,2.1,920
2014,12,27,12,0,843,818,184,26,1.8,920
2014,12,27,13,0,793,801,179,26,1.5,920
2014,12,27,14,0,671,754,167,26,1.5,920
2014,12,27,15,0,491,665,146,25,1.5,920
2014,12,27,16,0,238,262,152,23,1.8,920
2014,12,27,17,0,28,0,28,21,2.2,920
2014,12,27,18,0,0,0,0,20,2.7,920
2014,12,27,19,0,0,0,0,19,3,920
2014,12,27,20,0,0,0,0,18,3.2,920
2014,12,27,21,0,0,0,0,17,3.2,920
2014,12,27,22,0,0,0,0,16,3.2,920
2014,12,27,23,0,0,0,0,16,3.2,920
2014,12,28,0,0,0,0,0,15,3.3000000000000003,920
2014,12,28,1,0,0,0,0,15,3.2,920
2014,12,28,2,0,0,0,0,14,3.2,920
2014,12,28,3,0,0,0,0,14,3.1,920
2014,12,28,4,0,0,0,0,14,3.1,920
2014,12,28,5,0,0,0,0,13,3,920
2014,12,28,6,0,0,0,0,14,3,920
2014,12,28,7,0,118,228,77,17,2.6,920
2014,12,28,8,0,341,560,123,20,2.8000000000000003,920
2014,12,28,9,0,406,222,279,23,3.1,920
2014,12,28,10,0,402,86,341,24,3,920
2014,12,28,11,0,316,17,302,26,2.8000000000000003,920
2014,12,28,12,0,303,11,294,26,2.7,920
2014,12,28,13,0,327,17,313,26,2.7,920
2014,12,28,14,0,278,14,268,25,2.7,920
2014,12,28,15,0,148,0,148,23,2.7,920
2014,12,28,16,0,68,0,68,22,2.6,920
2014,12,28,17,0,30,0,30,21,2.6,920
2014,12,28,18,0,0,0,0,21,2.7,920
2014,12,28,19,0,0,0,0,20,2.8000000000000003,920
2014,12,28,20,0,0,0,0,20,2.8000000000000003,920
2014,12,28,21,0,0,0,0,19,2.7,920
2014,12,28,22,0,0,0,0,19,2.5,920
2014,12,28,23,0,0,0,0,19,2.4000000000000004,920
2014,12,29,0,0,0,0,0,18,2.2,920
2014,12,29,1,0,0,0,0,18,2.1,920
2014,12,29,2,0,0,0,0,18,1.9000000000000001,920
2014,12,29,3,0,0,0,0,18,1.7000000000000002,920
2014,12,29,4,0,0,0,0,18,1.7000000000000002,920
2014,12,29,5,0,0,0,0,17,1.7000000000000002,920
2014,12,29,6,0,0,0,0,17,1.7000000000000002,920
2014,12,29,7,0,105,161,76,18,1.9000000000000001,920
2014,12,29,8,0,224,106,182,20,2.2,920
2014,12,29,9,0,280,51,251,22,2.4000000000000004,920
2014,12,29,10,0,666,520,300,24,2.5,920
2014,12,29,11,0,758,571,310,25,2.6,920
2014,12,29,12,0,624,273,403,26,2.6,920
2014,12,29,13,0,434,87,367,25,2.7,920
2014,12,29,14,0,426,136,334,25,2.7,920
2014,12,29,15,0,410,293,257,24,2.7,920
2014,12,29,16,0,169,76,143,23,2.5,920
2014,12,29,17,0,27,0,27,21,2.4000000000000004,920
2014,12,29,18,0,0,0,0,21,2.4000000000000004,920
2014,12,29,19,0,0,0,0,20,2.3000000000000003,920
2014,12,29,20,0,0,0,0,20,2.2,920
2014,12,29,21,0,0,0,0,19,2.1,920
2014,12,29,22,0,0,0,0,19,2.1,920
2014,12,29,23,0,0,0,0,18,2.1,920
2014,12,30,0,0,0,0,0,18,2,920
2014,12,30,1,0,0,0,0,17,2,920
2014,12,30,2,0,0,0,0,17,1.9000000000000001,920
2014,12,30,3,0,0,0,0,17,1.7000000000000002,920
2014,12,30,4,0,0,0,0,16,1.6,920
2014,12,30,5,0,0,0,0,16,1.5,920
2014,12,30,6,0,0,0,0,17,1.3,920
2014,12,30,7,0,114,277,66,18,1.3,920
2014,12,30,8,0,332,545,121,20,1.7000000000000002,920
2014,12,30,9,0,539,682,152,23,1.8,920
2014,12,30,10,0,658,583,248,25,1.8,920
2014,12,30,11,0,802,792,180,26,1.8,920
2014,12,30,12,0,830,802,182,26,1.9000000000000001,920
2014,12,30,13,0,700,524,297,26,2,920
2014,12,30,14,0,666,743,166,26,2.1,910
2014,12,30,15,0,270,157,187,25,2.2,910
2014,12,30,16,0,256,308,153,23,2.2,920
2014,12,30,17,0,48,32,44,21,2.4000000000000004,920
2014,12,30,18,0,0,0,0,20,2.5,920
2014,12,30,19,0,0,0,0,20,2.5,920
2014,12,30,20,0,0,0,0,19,2.3000000000000003,920
2014,12,30,21,0,0,0,0,18,2.1,920
2014,12,30,22,0,0,0,0,18,1.9000000000000001,920
2014,12,30,23,0,0,0,0,17,1.9000000000000001,920
2014,12,31,0,0,0,0,0,16,1.8,920
2014,12,31,1,0,0,0,0,16,1.8,920
2014,12,31,2,0,0,0,0,15,1.9000000000000001,920
2014,12,31,3,0,0,0,0,15,1.9000000000000001,920
2014,12,31,4,0,0,0,0,15,1.9000000000000001,920
2014,12,31,5,0,0,0,0,15,1.9000000000000001,920
2014,12,31,6,0,0,0,0,15,1.8,920
2014,12,31,7,0,115,281,66,18,1.5,920
2014,12,31,8,0,334,552,122,20,1.3,920
2014,12,31,9,0,543,689,153,24,0.9,920
2014,12,31,10,0,707,763,171,26,0.4,920
2014,12,31,11,0,808,799,180,27,0.30000000000000004,920
2014,12,31,12,0,795,624,290,28,0.2,920
2014,12,31,13,0,790,794,179,28,0.2,910
2014,12,31,14,0,653,563,273,27,0.4,910
2014,12,31,15,0,258,126,191,26,0.7000000000000001,910
2014,12,31,16,0,278,497,111,25,1.2000000000000002,910
2014,12,31,17,0,31,0,31,24,1.8,910
2014,12,31,18,0,0,0,0,23,2.4000000000000004,920
2014,12,31,19,0,0,0,0,22,2.8000000000000003,920
2014,12,31,20,0,0,0,0,21,2.9000000000000004,920
2014,12,31,21,0,0,0,0,21,2.9000000000000004,920
2014,12,31,22,0,0,0,0,20,2.8000000000000003,920
2014,12,31,23,0,0,0,0,20,2.8000000000000003,920
