Source,Location ID,City,State,Country,Latitude,Longitude,Time Zone,Elevation,Local Time Zone,Clearsky DHI Units,Clearsky DNI Units,Clearsky GHI Units,Dew Point Units,DHI Units,DNI Units,GHI Units,Solar Zenith Angle Units,Temperature Units,Pressure Units,Relative Humidity Units,Precipitable Water Units,Wind Direction Units,Wind Speed Units,Cloud Type -15,Cloud Type 0,Cloud Type 1,Cloud Type 2,Cloud Type 3,Cloud Type 4,Cloud Type 5,Cloud Type 6,Cloud Type 7,Cloud Type 8,Cloud Type 9,Cloud Type 10,Cloud Type 11,Cloud Type 12,Fill Flag 0,Fill Flag 1,Fill Flag 2,Fill Flag 3,Fill Flag 4,Fill Flag 5,Surface Albedo Units,Version
NSRDB,160094,-,b'Karnataka',b'India',12.98,77.59,5,931,5,w/m2,w/m2,w/m2,c,w/m2,w/m2,w/m2,Degree,c,mbar,%,cm,Degrees,m/s,N/A,Clear,Probably Clear,Fog,Water,Super-Cooled Water,Mixed,Opaque Ice,Cirrus,Overlapping,Overshooting,Unknown,Dust,Smoke,N/A,Missing Image,Low Irradiance,Exceeds Clearsky,Missing CLoud Properties,Rayleigh Violation,N/A,unknown
Year,Month,Day,Hour,Minute,GHI,DNI,DHI,Temperature,Wind Speed,Pressure,Solar Zenith Angle
2019,1,1,0,0,0,0,0,19.1,2.5,912,169.76
2019,1,1,1,0,0,0,0,18.900000000000002,2.4000000000000004,912,161.1
2019,1,1,2,0,0,0,0,18.7,2.4000000000000004,911,148.18
2019,1,1,3,0,0,0,0,18.400000000000002,2.9000000000000004,911,134.54
2019,1,1,4,0,0,0,0,18.2,2.7,912,120.75
2019,1,1,5,0,0,0,0,9.9,1.1,916,107.03
2019,1,1,6,0,0,0,0,10.5,1.3,917,93.44
2019,1,1,7,0,137,464,57,13.9,2.4000000000000004,918,80.07000000000001
2019,1,1,8,0,386,786,84,19,3.3000000000000003,918,67.36
2019,1,1,9,0,615,920,94,22.3,3.5,918,55.54
2019,1,1,10,0,792,987,99,25.1,3.5,917,45.38
2019,1,1,11,0,902,1022,100,27.400000000000002,3.5,916,38.25
2019,1,1,12,0,934,1032,99,29.1,3.6,914,36.03
2019,1,1,13,0,885,1024,96,29.8,3.6,913,39.54
2019,1,1,14,0,753,975,95,29.8,3.8000000000000003,913,47.54
2019,1,1,15,0,565,912,85,29,3.9000000000000004,913,58.18
2019,1,1,16,0,332,782,68,27.1,3.4000000000000004,914,70.27
2019,1,1,17,0,90,453,36,21.6,1.9000000000000001,914,83.11
2019,1,1,18,0,0,0,0,19.8,2.5,915,96.59
2019,1,1,19,0,0,0,0,18.900000000000002,3.1,916,110.23
2019,1,1,20,0,0,0,0,17.400000000000002,3,916,124.01
2019,1,1,21,0,0,0,0,15.9,2.5,916,137.79
2019,1,1,22,0,0,0,0,14.700000000000001,2.1,916,151.36
2019,1,1,23,0,0,0,0,13.600000000000001,1.9000000000000001,915,163.9
2019,1,2,0,0,0,0,0,12.4,1.6,915,169.88
2019,1,2,1,0,0,0,0,11.4,1.3,915,161.27
2019,1,2,2,0,0,0,0,10.5,1.2000000000000002,914,148.33
2019,1,2,3,0,0,0,0,9.8,1.2000000000000002,915,134.68
2019,1,2,4,0,0,0,0,10,1.4000000000000001,915,120.89
2019,1,2,5,0,0,0,0,10.200000000000001,2.1,916,107.13
2019,1,2,6,0,0,0,0,9.5,1.6,917,93.53
2019,1,2,7,0,146,573,48,12.8,2.7,918,80.15
2019,1,2,8,0,397,844,73,18.3,3.5,918,67.42
2019,1,2,9,0,619,944,86,22.8,4.4,918,55.58
2019,1,2,10,0,794,995,96,26,4.7,917,45.38
2019,1,2,11,0,894,1005,105,28.1,4.5,915,38.21
2019,1,2,12,0,924,1006,109,29.3,4.2,914,35.94
2019,1,2,13,0,869,983,109,29.8,4.1000000000000005,913,39.42
2019,1,2,14,0,745,948,104,29.700000000000003,4.2,913,47.4
2019,1,2,15,0,555,873,93,28.700000000000003,4.2,913,58.050000000000004
2019,1,2,16,0,324,734,74,26.8,3.8000000000000003,914,70.14
2019,1,2,17,0,87,400,38,21.700000000000003,2.1,915,82.98
2019,1,2,18,0,0,0,0,19.900000000000002,2.5,916,96.47
2019,1,2,19,0,0,0,0,19.1,3.2,916,110.12
2019,1,2,20,0,0,0,0,17.900000000000002,3.3000000000000003,917,123.9
2019,1,2,21,0,0,0,0,16.5,3,917,137.69
2019,1,2,22,0,0,0,0,15.200000000000001,2.5,916,151.28
2019,1,2,23,0,0,0,0,14,2.2,916,163.86
2019,1,3,0,0,0,0,0,12.9,1.8,916,169.98
2019,1,3,1,0,0,0,0,11.9,1.5,916,161.41
2019,1,3,2,0,0,0,0,11.3,1.3,916,148.46
2019,1,3,3,0,0,0,0,11.700000000000001,1.7000000000000002,916,134.8
2019,1,3,4,0,0,0,0,11.600000000000001,2,916,120.99000000000001
2019,1,3,5,0,0,0,0,10.9,1.7000000000000002,917,107.22
2019,1,3,6,0,0,0,0,10.8,2.1,918,93.61
2019,1,3,7,0,141,538,50,13.5,2.6,918,80.22
2019,1,3,8,0,390,822,75,18.900000000000002,3.5,919,67.48
2019,1,3,9,0,618,938,88,23.200000000000003,4.6000000000000005,918,55.61
2019,1,3,10,0,795,993,97,26.1,4.7,918,45.38
2019,1,3,11,0,900,1022,97,28.200000000000003,4.5,916,38.17
2019,1,3,12,0,927,1022,99,29.5,4.3,915,35.84
2019,1,3,13,0,879,1011,97,30.1,4.1000000000000005,914,39.29
2019,1,3,14,0,748,958,98,30,4,914,47.26
2019,1,3,15,0,562,892,88,29.1,4,914,57.910000000000004
2019,1,3,16,0,330,757,71,27.200000000000003,3.5,914,70
2019,1,3,17,0,92,431,38,21.700000000000003,1.8,915,82.85000000000001
2019,1,3,18,0,0,0,0,19.700000000000003,2,915,96.35000000000001
2019,1,3,19,0,0,0,0,18.6,2.1,916,110
2019,1,3,20,0,0,0,0,17.400000000000002,2.1,916,123.79
2019,1,3,21,0,0,0,0,16.400000000000002,2.1,916,137.6
2019,1,3,22,0,0,0,0,15.4,2.1,916,151.20000000000002
2019,1,3,23,0,0,0,0,14.4,2,915,163.83
2019,1,4,0,0,0,0,0,13.3,1.8,915,170.09
2019,1,4,1,0,0,0,0,12.4,1.6,914,161.55
2019,1,4,2,0,0,0,0,11.600000000000001,1.5,914,148.58
2019,1,4,3,0,0,0,0,10.9,1.4000000000000001,915,134.91
2019,1,4,4,0,0,0,0,10.4,1.3,915,121.10000000000001
2019,1,4,5,0,0,0,0,10,1.2000000000000002,916,107.32000000000001
2019,1,4,6,0,0,0,0,10.8,1.3,917,93.7
2019,1,4,7,0,129,430,56,14.9,2.7,917,80.29
2019,1,4,8,0,370,728,92,20,4,918,67.53
2019,1,4,9,0,595,861,109,23.700000000000003,5,917,55.64
2019,1,4,10,0,770,927,119,26.1,5.4,917,45.38
2019,1,4,11,0,880,973,115,27.900000000000002,5.5,916,38.11
2019,1,4,12,0,914,985,115,29,5.5,915,35.74
2019,1,4,13,0,864,971,111,29.5,5.4,914,39.15
2019,1,4,14,0,744,949,98,29.3,5.2,913,47.11
2019,1,4,15,0,560,886,87,28.5,4.9,914,57.76
2019,1,4,16,0,331,756,70,26.700000000000003,4.2,914,69.86
2019,1,4,17,0,93,435,38,21.900000000000002,2.1,915,82.72
2019,1,4,18,0,0,0,0,19.8,2.3000000000000003,915,96.22
2019,1,4,19,0,0,0,0,18.7,2.6,916,109.89
2019,1,4,20,0,0,0,0,17.5,2.6,916,123.69
2019,1,4,21,0,0,0,0,16.400000000000002,2.5,916,137.5
2019,1,4,22,0,0,0,0,15.3,2.4000000000000004,916,151.12
2019,1,4,23,0,0,0,0,14.100000000000001,2.1,915,163.8
2019,1,5,0,0,0,0,0,13,1.7000000000000002,915,170.21
2019,1,5,1,0,0,0,0,11.9,1.4000000000000001,914,161.69
2019,1,5,2,0,0,0,0,11,1.2000000000000002,914,148.71
2019,1,5,3,0,0,0,0,10.5,1.1,914,135.02
2019,1,5,4,0,0,0,0,10.9,1.2000000000000002,914,121.2
2019,1,5,5,0,0,0,0,11,1.8,915,107.41
2019,1,5,6,0,0,0,0,11.200000000000001,2.2,916,93.78
2019,1,5,7,0,136,504,52,13.8,2.6,917,80.36
2019,1,5,8,0,281,356,145,18.900000000000002,3.4000000000000004,917,67.58
2019,1,5,9,0,610,926,87,22.700000000000003,3.5,916,55.660000000000004
2019,1,5,10,0,787,987,93,25.900000000000002,3.4000000000000004,916,45.37
2019,1,5,11,0,893,1015,94,28.400000000000002,3.3000000000000003,915,38.050000000000004
2019,1,5,12,0,926,1022,95,30,3.3000000000000003,913,35.63
2019,1,5,13,0,876,1008,93,30.8,3.3000000000000003,912,39.01
2019,1,5,14,0,749,952,99,30.8,3.2,911,46.96
2019,1,5,15,0,561,881,89,30,3.2,911,57.61
2019,1,5,16,0,331,746,72,28.1,2.6,912,69.72
2019,1,5,17,0,93,421,39,22.400000000000002,1.4000000000000001,913,82.59
2019,1,5,18,0,0,0,0,20.400000000000002,1.7000000000000002,914,96.10000000000001
2019,1,5,19,0,0,0,0,19.3,2.1,914,109.77
2019,1,5,20,0,0,0,0,18.1,2.3000000000000003,915,123.58
2019,1,5,21,0,0,0,0,16.900000000000002,2.4000000000000004,915,137.41
2019,1,5,22,0,0,0,0,15.8,2.4000000000000004,914,151.05
2019,1,5,23,0,0,0,0,14.700000000000001,2.1,914,163.78
2019,1,6,0,0,0,0,0,13.600000000000001,1.7000000000000002,913,170.33
2019,1,6,1,0,0,0,0,12.700000000000001,1.3,913,161.83
2019,1,6,2,0,0,0,0,12.3,1.1,913,148.83
2019,1,6,3,0,0,0,0,12.600000000000001,1.1,912,135.14000000000001
2019,1,6,4,0,0,0,0,12.700000000000001,1.3,913,121.3
2019,1,6,5,0,0,0,0,12.5,1.3,913,107.5
2019,1,6,6,0,0,0,0,12.5,1.4000000000000001,914,93.85000000000001
2019,1,6,7,0,127,419,58,14.4,1.5,915,80.42
2019,1,6,8,0,376,767,84,18.900000000000002,1.7000000000000002,915,67.62
2019,1,6,9,0,609,924,88,24.700000000000003,2.5,915,55.68
2019,1,6,10,0,793,997,92,27.900000000000002,2.7,914,45.35
2019,1,6,11,0,895,995,111,30,2.8000000000000003,913,37.99
2019,1,6,12,0,929,1004,112,31.3,2.9000000000000004,912,35.51
2019,1,6,13,0,883,993,110,31.900000000000002,2.9000000000000004,910,38.86
2019,1,6,14,0,755,949,106,31.8,3,910,46.81
2019,1,6,15,0,568,879,96,30.900000000000002,3,910,57.47
2019,1,6,16,0,336,739,78,28.700000000000003,2.4000000000000004,910,69.58
2019,1,6,17,0,95,406,41,22.700000000000003,1.5,911,82.46000000000001
2019,1,6,18,0,0,0,0,20.8,2.1,912,95.97
2019,1,6,19,0,0,0,0,19.900000000000002,2.8000000000000003,913,109.66
2019,1,6,20,0,0,0,0,18.6,2.8000000000000003,914,123.48
2019,1,6,21,0,0,0,0,17.400000000000002,2.7,914,137.32
2019,1,6,22,0,0,0,0,16.5,2.7,914,150.98
2019,1,6,23,0,0,0,0,15.5,2.5,913,163.76
2019,1,7,0,0,0,0,0,14.3,2,913,170.46
2019,1,7,1,0,0,0,0,13.3,1.6,912,161.98
2019,1,7,2,0,0,0,0,13.200000000000001,1.5,911,148.96
2019,1,7,3,0,0,0,0,13.3,1.8,912,135.25
2019,1,7,4,0,0,0,0,13.100000000000001,1.7000000000000002,912,121.4
2019,1,7,5,0,0,0,0,12.8,1.4000000000000001,913,107.58
2019,1,7,6,0,0,0,0,12.8,1.7000000000000002,913,93.93
2019,1,7,7,0,129,429,58,14.8,2,914,80.48
2019,1,7,8,0,377,778,81,19.1,2.4000000000000004,915,67.66
2019,1,7,9,0,609,925,87,24.3,3.1,914,55.7
2019,1,7,10,0,788,988,93,27.6,3.5,913,45.32
2019,1,7,11,0,898,1013,99,29.700000000000003,3.7,912,37.910000000000004
2019,1,7,12,0,932,1021,100,31,3.6,911,35.38
2019,1,7,13,0,882,1005,98,31.5,3.6,910,38.71
2019,1,7,14,0,757,956,101,31.3,3.5,909,46.65
2019,1,7,15,0,568,884,91,30.400000000000002,3.4000000000000004,909,57.31
2019,1,7,16,0,336,745,74,28.5,2.9000000000000004,910,69.44
2019,1,7,17,0,97,425,41,23,1.5,911,82.33
2019,1,7,18,0,0,0,0,21.200000000000003,2,912,95.85000000000001
2019,1,7,19,0,0,0,0,20.3,2.5,913,109.54
2019,1,7,20,0,0,0,0,19.200000000000003,2.8000000000000003,914,123.37
2019,1,7,21,0,0,0,0,17.900000000000002,2.6,914,137.23
2019,1,7,22,0,0,0,0,16.7,2.4000000000000004,914,150.91
2019,1,7,23,0,0,0,0,15.600000000000001,2,913,163.74
2019,1,8,0,0,0,0,0,14.600000000000001,1.6,913,170.6
2019,1,8,1,0,0,0,0,13.700000000000001,1.2000000000000002,912,162.13
2019,1,8,2,0,0,0,0,13,1,912,149.09
2019,1,8,3,0,0,0,0,12.600000000000001,0.9,912,135.36
2019,1,8,4,0,0,0,0,12.600000000000001,0.9,913,121.49000000000001
2019,1,8,5,0,0,0,0,12.600000000000001,0.9,913,107.67
2019,1,8,6,0,0,0,0,13.100000000000001,0.8,914,94
2019,1,8,7,0,120,395,55,16.900000000000002,1.6,915,80.53
2019,1,8,8,0,351,654,103,21.700000000000003,2.6,916,67.7
2019,1,8,9,0,570,773,135,25.400000000000002,3.5,915,55.7
2019,1,8,10,0,742,837,154,27.5,3.4000000000000004,914,45.29
2019,1,8,11,0,883,981,108,29.3,3.3000000000000003,913,37.83
2019,1,8,12,0,919,995,107,30.5,3.3000000000000003,912,35.25
2019,1,8,13,0,876,989,103,31.1,3.3000000000000003,911,38.550000000000004
2019,1,8,14,0,747,919,114,31,3.4000000000000004,910,46.49
2019,1,8,15,0,562,847,103,30.200000000000003,3.5,910,57.160000000000004
2019,1,8,16,0,331,703,83,28.400000000000002,3.2,911,69.29
2019,1,8,17,0,96,382,44,23.1,1.7000000000000002,911,82.2
2019,1,8,18,0,0,0,0,21.200000000000003,2.3000000000000003,912,95.73
2019,1,8,19,0,0,0,0,20.400000000000002,2.9000000000000004,913,109.43
2019,1,8,20,0,0,0,0,19,2.9000000000000004,914,123.27
2019,1,8,21,0,0,0,0,17.2,2.2,913,137.14000000000001
2019,1,8,22,0,0,0,0,15.8,1.7000000000000002,913,150.85
2019,1,8,23,0,0,0,0,14.8,1.5,913,163.73
2019,1,9,0,0,0,0,0,13.9,1.4000000000000001,912,170.74
2019,1,9,1,0,0,0,0,13.100000000000001,1.2000000000000002,912,162.28
2019,1,9,2,0,0,0,0,12.4,1,911,149.21
2019,1,9,3,0,0,0,0,12.100000000000001,0.9,912,135.46
2019,1,9,4,0,0,0,0,12,0.9,912,121.58
2019,1,9,5,0,0,0,0,11.9,1,913,107.75
2019,1,9,6,0,0,0,0,12.5,0.9,914,94.06
2019,1,9,7,0,112,323,59,16.5,1.7000000000000002,915,80.58
2019,1,9,8,0,344,605,115,21.5,2.7,915,67.73
2019,1,9,9,0,566,750,144,25.700000000000003,3.6,915,55.71
2019,1,9,10,0,745,833,158,28.200000000000003,3.6,914,45.26
2019,1,9,11,0,879,949,128,30.200000000000003,3.7,913,37.74
2019,1,9,12,0,912,954,132,31.400000000000002,3.6,911,35.11
2019,1,9,13,0,867,939,131,31.900000000000002,3.6,910,38.38
2019,1,9,14,0,752,920,116,31.8,3.5,910,46.32
2019,1,9,15,0,567,851,103,30.900000000000002,3.5,910,57
2019,1,9,16,0,337,717,82,28.900000000000002,2.7,910,69.15
2019,1,9,17,0,99,405,43,22.900000000000002,1.6,911,82.07000000000001
2019,1,9,18,0,0,0,0,20.900000000000002,2,912,95.60000000000001
2019,1,9,19,0,0,0,0,19.8,2.3000000000000003,913,109.32000000000001
2019,1,9,20,0,0,0,0,18.5,2.6,913,123.17
2019,1,9,21,0,0,0,0,17.2,2.5,913,137.06
2019,1,9,22,0,0,0,0,16.2,2.6,913,150.79
2019,1,9,23,0,0,0,0,15.200000000000001,2.5,913,163.72
2019,1,10,0,0,0,0,0,14.100000000000001,2,912,170.89000000000001
2019,1,10,1,0,0,0,0,13.200000000000001,1.6,912,162.43
2019,1,10,2,0,0,0,0,12.4,1.4000000000000001,912,149.33
2019,1,10,3,0,0,0,0,12.5,1.3,912,135.57
2019,1,10,4,0,0,0,0,12.8,1.7000000000000002,912,121.68
2019,1,10,5,0,0,0,0,12.600000000000001,1.8,913,107.82000000000001
2019,1,10,6,0,0,0,0,12.8,1.9000000000000001,914,94.13
2019,1,10,7,0,116,346,59,15,2.1,914,80.63
2019,1,10,8,0,356,667,104,19.6,2.5,915,67.75
2019,1,10,9,0,583,817,123,24.900000000000002,3.2,914,55.7
2019,1,10,10,0,763,893,134,28.200000000000003,3.2,914,45.22
2019,1,10,11,0,882,951,129,30.3,3.1,913,37.65
2019,1,10,12,0,918,960,131,31.6,3,911,34.96
2019,1,10,13,0,874,948,129,32.1,2.9000000000000004,910,38.21
2019,1,10,14,0,753,910,123,32,2.9000000000000004,910,46.15
2019,1,10,15,0,566,834,110,31.200000000000003,2.9000000000000004,910,56.84
2019,1,10,16,0,337,697,88,29.200000000000003,2.3000000000000003,910,69
2019,1,10,17,0,99,384,46,23.200000000000003,1.5,911,81.93
2019,1,10,18,0,0,0,0,21.3,1.8,912,95.48
2019,1,10,19,0,0,0,0,20.3,2.2,913,109.2
2019,1,10,20,0,0,0,0,19.3,2.7,913,123.07000000000001
2019,1,10,21,0,0,0,0,18,2.8000000000000003,913,136.97
2019,1,10,22,0,0,0,0,16.8,2.7,913,150.73
2019,1,10,23,0,0,0,0,15.9,2.7,913,163.72
2019,1,11,0,0,0,0,0,14.8,2.2,913,171.04
2019,1,11,1,0,0,0,0,13.8,1.6,912,162.59
2019,1,11,2,0,0,0,0,13.100000000000001,1.2000000000000002,912,149.46
2019,1,11,3,0,0,0,0,13.5,1.2000000000000002,912,135.67000000000002
2019,1,11,4,0,0,0,0,13.8,1.2000000000000002,913,121.77
2019,1,11,5,0,0,0,0,13.700000000000001,1.1,913,107.9
2019,1,11,6,0,0,0,0,14.200000000000001,1.6,914,94.19
2019,1,11,7,0,111,268,67,16.1,2.1,915,80.67
2019,1,11,8,0,348,612,116,19.400000000000002,1.9000000000000001,916,67.78
2019,1,11,9,0,576,791,130,24.400000000000002,1.7000000000000002,916,55.7
2019,1,11,10,0,757,878,138,27.700000000000003,1.8,915,45.17
2019,1,11,11,0,881,948,129,29.8,1.9000000000000001,914,37.550000000000004
2019,1,11,12,0,918,962,128,31.200000000000003,2,912,34.81
2019,1,11,13,0,876,954,124,31.900000000000002,2.1,911,38.03
2019,1,11,14,0,762,939,110,31.900000000000002,2.1,910,45.980000000000004
2019,1,11,15,0,578,874,98,31.200000000000003,2.1,910,56.68
2019,1,11,16,0,347,743,79,29.400000000000002,1.6,911,68.86
2019,1,11,17,0,106,438,43,23.6,1.2000000000000002,911,81.8
2019,1,11,18,0,0,0,0,21.3,1.5,912,95.36
2019,1,11,19,0,0,0,0,20.1,1.9000000000000001,913,109.09
2019,1,11,20,0,0,0,0,19,2.5,914,122.98
2019,1,11,21,0,0,0,0,17.8,3,914,136.89000000000001
2019,1,11,22,0,0,0,0,16.6,2.9000000000000004,914,150.67000000000002
2019,1,11,23,0,0,0,0,15.600000000000001,2.5,914,163.72
2019,1,12,0,0,0,0,0,14.700000000000001,1.9000000000000001,914,171.21
2019,1,12,1,0,0,0,0,14,1.4000000000000001,913,162.74
2019,1,12,2,0,0,0,0,13.700000000000001,1.3,912,149.58
2019,1,12,3,0,0,0,0,13.9,1.5,912,135.77
2019,1,12,4,0,0,0,0,13.8,1.7000000000000002,912,121.85000000000001
2019,1,12,5,0,0,0,0,13.600000000000001,1.7000000000000002,913,107.97
2019,1,12,6,0,0,0,0,13.700000000000001,1.9000000000000001,914,94.24
2019,1,12,7,0,79,117,60,15.9,2.1,915,80.71000000000001
2019,1,12,8,0,350,640,108,20.1,2.5,915,67.79
2019,1,12,9,0,576,797,127,25,2.4000000000000004,915,55.68
2019,1,12,10,0,683,645,228,27.8,2.4000000000000004,914,45.11
2019,1,12,11,0,737,518,325,29.6,2.5,913,37.44
2019,1,12,12,0,821,629,303,30.8,2.6,912,34.65
2019,1,12,13,0,761,578,305,31.400000000000002,2.8000000000000003,911,37.85
2019,1,12,14,0,651,582,246,31.3,2.9000000000000004,910,45.800000000000004
2019,1,12,15,0,547,742,138,30.5,2.9000000000000004,910,56.52
2019,1,12,16,0,282,438,123,28.8,2.6,911,68.71000000000001
2019,1,12,17,0,95,283,54,23.700000000000003,1.5,911,81.67
2019,1,12,18,0,0,0,0,22,2.2,912,95.24
2019,1,12,19,0,0,0,0,21.1,3.3000000000000003,913,108.98
2019,1,12,20,0,0,0,0,19.6,3.6,914,122.88
2019,1,12,21,0,0,0,0,18.3,3.5,914,136.81
2019,1,12,22,0,0,0,0,17.1,3.1,914,150.62
2019,1,12,23,0,0,0,0,16.1,2.8000000000000003,914,163.72
2019,1,13,0,0,0,0,0,15.100000000000001,2.4000000000000004,913,171.37
2019,1,13,1,0,0,0,0,14.200000000000001,2,913,162.9
2019,1,13,2,0,0,0,0,13.4,1.6,912,149.70000000000002
2019,1,13,3,0,0,0,0,12.600000000000001,1.2000000000000002,912,135.87
2019,1,13,4,0,0,0,0,12.200000000000001,1.1,913,121.94
2019,1,13,5,0,0,0,0,12.100000000000001,1.1,913,108.04
2019,1,13,6,0,0,0,0,12.700000000000001,1.8,914,94.3
2019,1,13,7,0,118,377,57,15.100000000000001,2.2,915,80.74
2019,1,13,8,0,364,716,94,20.8,2.7,916,67.8
2019,1,13,9,0,596,866,108,25.400000000000002,3,915,55.660000000000004
2019,1,13,10,0,779,939,115,28,2.6,915,45.050000000000004
2019,1,13,11,0,894,971,122,29.8,2.4000000000000004,914,37.32
2019,1,13,12,0,932,981,123,31.1,2.3000000000000003,912,34.49
2019,1,13,13,0,889,969,122,31.700000000000003,2.1,911,37.660000000000004
2019,1,13,14,0,722,813,153,31.6,2,911,45.62
2019,1,13,15,0,469,458,215,30.900000000000002,2,910,56.35
2019,1,13,16,0,333,717,70,29.1,1.7000000000000002,911,68.56
2019,1,13,17,0,112,457,44,23.3,1.2000000000000002,911,81.53
2019,1,13,18,0,0,0,0,21.1,1.6,912,95.11
2019,1,13,19,0,0,0,0,19.900000000000002,1.9000000000000001,913,108.88
2019,1,13,20,0,0,0,0,18.900000000000002,2.3000000000000003,914,122.79
2019,1,13,21,0,0,0,0,17.900000000000002,2.5,914,136.74
2019,1,13,22,0,0,0,0,16.8,2.6,913,150.57
2019,1,13,23,0,0,0,0,15.700000000000001,2.3000000000000003,913,163.72
2019,1,14,0,0,0,0,0,14.700000000000001,1.9000000000000001,913,171.55
2019,1,14,1,0,0,0,0,13.9,1.6,912,163.05
2019,1,14,2,0,0,0,0,13.100000000000001,1.3,912,149.82
2019,1,14,3,0,0,0,0,12.5,1.1,912,135.97
2019,1,14,4,0,0,0,0,12,1,912,122.02
2019,1,14,5,0,0,0,0,11.5,0.9,913,108.11
2019,1,14,6,0,0,0,0,12.3,1.2000000000000002,914,94.35000000000001
2019,1,14,7,0,118,391,55,15.8,2.3000000000000003,915,80.77
2019,1,14,8,0,359,702,94,21.400000000000002,3.1,915,67.81
2019,1,14,9,0,587,839,113,25.3,3.3000000000000003,915,55.64
2019,1,14,10,0,675,615,239,27.6,3.1,914,44.99
2019,1,14,11,0,884,951,127,29.400000000000002,3,913,37.2
2019,1,14,12,0,923,964,127,30.5,2.9000000000000004,912,34.31
2019,1,14,13,0,882,956,123,31.1,2.8000000000000003,911,37.47
2019,1,14,14,0,764,914,123,31,2.8000000000000003,910,45.43
2019,1,14,15,0,580,847,109,30.200000000000003,2.7,910,56.18
2019,1,14,16,0,350,714,87,28.5,2.2,910,68.41
2019,1,14,17,0,110,413,48,22.8,1.3,911,81.4
2019,1,14,18,0,0,0,0,20.8,1.8,912,94.99
2019,1,14,19,0,0,0,0,19.8,2.3000000000000003,913,108.77
2019,1,14,20,0,0,0,0,18.8,2.8000000000000003,914,122.69
2019,1,14,21,0,0,0,0,17.6,3,914,136.66
2019,1,14,22,0,0,0,0,16.400000000000002,3,914,150.52
2019,1,14,23,0,0,0,0,15.5,2.9000000000000004,914,163.73
2019,1,15,0,0,0,0,0,14.700000000000001,2.4000000000000004,913,171.72
2019,1,15,1,0,0,0,0,13.700000000000001,1.8,912,163.21
2019,1,15,2,0,0,0,0,12.8,1.3,912,149.94
2019,1,15,3,0,0,0,0,12,1,912,136.07
2019,1,15,4,0,0,0,0,11.5,1,912,122.09
2019,1,15,5,0,0,0,0,11,1,913,108.17
2019,1,15,6,0,0,0,0,11.700000000000001,1.1,914,94.39
2019,1,15,7,0,105,347,50,16.2,2.5,915,80.8
2019,1,15,8,0,309,505,118,21.200000000000003,3.4000000000000004,916,67.81
2019,1,15,9,0,510,597,173,25.400000000000002,4.5,915,55.61
2019,1,15,10,0,730,806,159,27.8,4.4,915,44.910000000000004
2019,1,15,11,0,726,493,332,29.5,4.2,914,37.07
2019,1,15,12,0,858,735,250,30.6,4.1000000000000005,912,34.13
2019,1,15,13,0,854,856,172,31.1,4,911,37.27
2019,1,15,14,0,704,726,193,30.8,3.9000000000000004,911,45.25
2019,1,15,15,0,566,842,95,29.900000000000002,3.7,911,56.01
2019,1,15,16,0,336,712,73,28,3.1,911,68.26
2019,1,15,17,0,111,411,49,22.400000000000002,1.6,912,81.27
2019,1,15,18,0,0,0,0,20.400000000000002,2,913,94.88
2019,1,15,19,0,0,0,0,19.6,2.5,913,108.67
2019,1,15,20,0,0,0,0,18.8,3.2,914,122.60000000000001
2019,1,15,21,0,0,0,0,17.7,3.4000000000000004,914,136.59
2019,1,15,22,0,0,0,0,16.5,3.3000000000000003,914,150.47
2019,1,15,23,0,0,0,0,15.600000000000001,3.1,914,163.74
2019,1,16,0,0,0,0,0,14.8,2.8000000000000003,914,171.91
2019,1,16,1,0,0,0,0,14,2.4000000000000004,913,163.36
2019,1,16,2,0,0,0,0,13.200000000000001,1.9000000000000001,913,150.05
2019,1,16,3,0,0,0,0,12.5,1.6,913,136.16
2019,1,16,4,0,0,0,0,12,1.5,913,122.17
2019,1,16,5,0,0,0,0,11.600000000000001,1.4000000000000001,914,108.23
2019,1,16,6,0,0,0,0,12.4,1.6,914,94.43
2019,1,16,7,0,109,296,61,16.400000000000002,2.8000000000000003,915,80.82000000000001
2019,1,16,8,0,341,587,120,21.400000000000002,3.8000000000000003,916,67.81
2019,1,16,9,0,568,738,151,24.8,3.8000000000000003,915,55.58
2019,1,16,10,0,748,821,165,27.3,3.5,915,44.83
2019,1,16,11,0,873,896,157,29.200000000000003,3.3000000000000003,914,36.94
2019,1,16,12,0,913,914,155,30.5,3.3000000000000003,912,33.95
2019,1,16,13,0,874,907,150,31.1,3.4000000000000004,911,37.07
2019,1,16,14,0,755,872,139,31,3.4000000000000004,911,45.050000000000004
2019,1,16,15,0,573,799,124,30.200000000000003,3.4000000000000004,911,55.84
2019,1,16,16,0,344,654,100,28.400000000000002,2.9000000000000004,911,68.11
2019,1,16,17,0,108,357,53,23.1,1.5,912,81.13
2019,1,16,18,0,0,0,0,21.1,1.8,912,94.76
2019,1,16,19,0,0,0,0,20.1,2.2,913,108.56
2019,1,16,20,0,0,0,0,19.200000000000003,2.7,914,122.52
2019,1,16,21,0,0,0,0,18,2.7,914,136.52
2019,1,16,22,0,0,0,0,16.8,2.4000000000000004,914,150.43
2019,1,16,23,0,0,0,0,15.700000000000001,2.1,913,163.76
2019,1,17,0,0,0,0,0,14.8,1.7000000000000002,913,172.1
2019,1,17,1,0,0,0,0,14,1.4000000000000001,912,163.52
2019,1,17,2,0,0,0,0,14.200000000000001,1.6,912,150.16
2019,1,17,3,0,0,0,0,14.200000000000001,1.7000000000000002,912,136.25
2019,1,17,4,0,0,0,0,14.100000000000001,1.3,912,122.24000000000001
2019,1,17,5,0,0,0,0,13.8,1.2000000000000002,913,108.28
2019,1,17,6,0,0,0,0,14,1.8,913,94.47
2019,1,17,7,0,103,229,66,16.1,2.1,914,80.84
2019,1,17,8,0,333,527,134,20.6,2.8000000000000003,915,67.8
2019,1,17,9,0,558,686,169,24.700000000000003,3.7,914,55.54
2019,1,17,10,0,733,769,187,27.3,3.8000000000000003,914,44.75
2019,1,17,11,0,858,856,172,29.3,3.8000000000000003,913,36.800000000000004
2019,1,17,12,0,900,877,170,30.5,3.7,911,33.75
2019,1,17,13,0,858,867,164,31,3.6,910,36.86
2019,1,17,14,0,745,838,151,30.900000000000002,3.6,910,44.86
2019,1,17,15,0,564,762,134,30.1,3.7,910,55.67
2019,1,17,16,0,339,619,107,28.5,3.4000000000000004,910,67.96000000000001
2019,1,17,17,0,107,325,56,23.900000000000002,1.8,911,81
2019,1,17,18,0,0,0,0,22.1,2.3000000000000003,911,94.64
2019,1,17,19,0,0,0,0,21.400000000000002,3.3000000000000003,912,108.46000000000001
2019,1,17,20,0,0,0,0,20.1,3.6,913,122.43
2019,1,17,21,0,0,0,0,18.7,3.6,913,136.45
2019,1,17,22,0,0,0,0,17.400000000000002,3.1,913,150.39000000000001
2019,1,17,23,0,0,0,0,16.400000000000002,2.9000000000000004,913,163.78
2019,1,18,0,0,0,0,0,15.600000000000001,2.8000000000000003,912,172.3
2019,1,18,1,0,0,0,0,14.700000000000001,2.4000000000000004,912,163.68
2019,1,18,2,0,0,0,0,13.9,1.8,911,150.28
2019,1,18,3,0,0,0,0,13.3,1.5,911,136.34
2019,1,18,4,0,0,0,0,13.5,1.6,912,122.31
2019,1,18,5,0,0,0,0,13.600000000000001,1.8,912,108.33
2019,1,18,6,0,0,0,0,13.8,2.1,913,94.5
2019,1,18,7,0,104,223,69,16,2.5,914,80.85000000000001
2019,1,18,8,0,341,567,127,20.3,3.1,915,67.79
2019,1,18,9,0,568,741,148,24.400000000000002,3.8000000000000003,915,55.49
2019,1,18,10,0,750,832,158,27,3.9000000000000004,914,44.660000000000004
2019,1,18,11,0,868,881,161,28.900000000000002,3.9000000000000004,913,36.65
2019,1,18,12,0,909,896,162,30.200000000000003,3.8000000000000003,911,33.55
2019,1,18,13,0,868,887,157,30.900000000000002,3.8000000000000003,910,36.65
2019,1,18,14,0,753,852,147,30.8,3.8000000000000003,910,44.660000000000004
2019,1,18,15,0,573,779,131,29.900000000000002,3.9000000000000004,910,55.5
2019,1,18,16,0,346,633,106,28.200000000000003,3.7,910,67.8
2019,1,18,17,0,110,336,57,23.700000000000003,2,911,80.87
2019,1,18,18,0,0,0,0,21.8,2.3000000000000003,912,94.52
2019,1,18,19,0,0,0,0,21,3,913,108.36
2019,1,18,20,0,0,0,0,19.6,3.1,914,122.35000000000001
2019,1,18,21,0,0,0,0,18.3,2.7,914,136.39000000000001
2019,1,18,22,0,0,0,0,17.2,2.6,914,150.35
2019,1,18,23,0,0,0,0,16.1,2.5,913,163.8
2019,1,19,0,0,0,0,0,15.100000000000001,2.1,913,172.5
2019,1,19,1,0,0,0,0,14.100000000000001,1.7000000000000002,912,163.83
2019,1,19,2,0,0,0,0,13.200000000000001,1.3,912,150.38
2019,1,19,3,0,0,0,0,13,1.2000000000000002,912,136.42000000000002
2019,1,19,4,0,0,0,0,13.100000000000001,1.3,912,122.37
2019,1,19,5,0,0,0,0,12.9,1.5,913,108.38
2019,1,19,6,0,0,0,0,13,1.7000000000000002,914,94.53
2019,1,19,7,0,116,366,58,15.4,1.9000000000000001,915,80.86
2019,1,19,8,0,361,697,97,21,3.1,915,67.77
2019,1,19,9,0,595,843,117,25.3,4.4,915,55.44
2019,1,19,10,0,779,916,127,27.8,4.5,914,44.56
2019,1,19,11,0,904,974,121,29.5,4.4,913,36.49
2019,1,19,12,0,945,986,121,30.700000000000003,4.3,912,33.35
2019,1,19,13,0,901,972,119,31.200000000000003,4.2,911,36.43
2019,1,19,14,0,784,942,112,31,4.1000000000000005,911,44.47
2019,1,19,15,0,601,879,101,30.1,3.9000000000000004,911,55.33
2019,1,19,16,0,368,749,83,28.3,3.5,911,67.65
2019,1,19,17,0,123,465,48,23.200000000000003,1.8,912,80.74
2019,1,19,18,0,0,0,0,21,2.1,912,94.41
2019,1,19,19,0,0,0,0,20.200000000000003,2.7,913,108.26
2019,1,19,20,0,0,0,0,19,3.1,914,122.26
2019,1,19,21,0,0,0,0,17.7,3,914,136.32
2019,1,19,22,0,0,0,0,16.400000000000002,2.9000000000000004,914,150.31
2019,1,19,23,0,0,0,0,15.3,2.7,914,163.82
2019,1,20,0,0,0,0,0,14.3,2.3000000000000003,914,172.71
2019,1,20,1,0,0,0,0,13.3,1.8,913,163.98
2019,1,20,2,0,0,0,0,12.5,1.5,913,150.49
2019,1,20,3,0,0,0,0,11.8,1.3,913,136.5
2019,1,20,4,0,0,0,0,11.8,1.2000000000000002,914,122.43
2019,1,20,5,0,0,0,0,11.700000000000001,1.4000000000000001,914,108.42
2019,1,20,6,0,0,0,0,12.100000000000001,1.9000000000000001,915,94.56
2019,1,20,7,0,107,374,48,14.8,2.1,916,80.86
2019,1,20,8,0,320,562,107,20.5,3.1,916,67.75
2019,1,20,9,0,520,625,165,24.900000000000002,3.8000000000000003,916,55.38
2019,1,20,10,0,699,670,221,27.6,3.7,915,44.46
2019,1,20,11,0,748,514,334,29.6,3.6,914,36.33
2019,1,20,12,0,870,736,253,30.900000000000002,3.6,913,33.14
2019,1,20,13,0,828,722,245,31.5,3.6,912,36.21
2019,1,20,14,0,718,727,198,31.400000000000002,3.6,911,44.26
2019,1,20,15,0,570,805,110,30.400000000000002,3.7,911,55.15
2019,1,20,16,0,348,708,77,28.6,3.4000000000000004,912,67.5
2019,1,20,17,0,105,320,53,23.200000000000003,1.8,912,80.61
2019,1,20,18,0,0,0,0,21.1,2.4000000000000004,913,94.29
2019,1,20,19,0,0,0,0,20.400000000000002,3.4000000000000004,914,108.16
2019,1,20,20,0,0,0,0,19,3.4000000000000004,914,122.18
2019,1,20,21,0,0,0,0,17.5,2.9000000000000004,915,136.26
2019,1,20,22,0,0,0,0,16.3,2.5,914,150.28
2019,1,20,23,0,0,0,0,15.100000000000001,2.1,914,163.84
2019,1,21,0,0,0,0,0,14,1.7000000000000002,914,172.92000000000002
2019,1,21,1,0,0,0,0,13.200000000000001,1.3,913,164.14000000000001
2019,1,21,2,0,0,0,0,12.4,1.2000000000000002,913,150.59
2019,1,21,3,0,0,0,0,11.8,1.1,913,136.58
2019,1,21,4,0,0,0,0,11.100000000000001,1,913,122.49000000000001
2019,1,21,5,0,0,0,0,10.700000000000001,1,914,108.46000000000001
2019,1,21,6,0,0,0,0,11.600000000000001,1.2000000000000002,914,94.58
2019,1,21,7,0,112,422,45,15,2,915,80.86
2019,1,21,8,0,312,515,116,20.5,2.2,915,67.73
2019,1,21,9,0,521,625,165,26.1,3.3000000000000003,915,55.32
2019,1,21,10,0,702,676,219,28.8,3.5,915,44.35
2019,1,21,11,0,835,747,232,30.5,3.5,914,36.160000000000004
2019,1,21,12,0,890,799,220,31.5,3.4000000000000004,913,32.92
2019,1,21,13,0,854,803,204,32,3.2,912,35.980000000000004
2019,1,21,14,0,748,825,155,31.700000000000003,3.1,911,44.06
2019,1,21,15,0,538,667,155,30.8,3.1,911,54.97
2019,1,21,16,0,305,454,130,28.8,2.7,911,67.35
2019,1,21,17,0,110,351,52,23,1.7000000000000002,911,80.48
2019,1,21,18,0,0,0,0,21.1,2.4000000000000004,912,94.18
2019,1,21,19,0,0,0,0,20.400000000000002,3.3000000000000003,913,108.07000000000001
2019,1,21,20,0,0,0,0,19.200000000000003,3.8000000000000003,913,122.10000000000001
2019,1,21,21,0,0,0,0,18.1,3.9000000000000004,913,136.2
2019,1,21,22,0,0,0,0,17,3.6,913,150.25
2019,1,21,23,0,0,0,0,15.8,2.8000000000000003,913,163.87
2019,1,22,0,0,0,0,0,14.600000000000001,2,912,173.14000000000001
2019,1,22,1,0,0,0,0,13.600000000000001,1.3,912,164.29
2019,1,22,2,0,0,0,0,13.200000000000001,1,912,150.69
2019,1,22,3,0,0,0,0,13.4,0.9,912,136.65
2019,1,22,4,0,0,0,0,13.5,1.3,912,122.55
2019,1,22,5,0,0,0,0,13.200000000000001,1.2000000000000002,913,108.5
2019,1,22,6,0,0,0,0,13.4,1.2000000000000002,914,94.60000000000001
2019,1,22,7,0,112,310,63,15.4,1.1,915,80.86
2019,1,22,8,0,246,226,160,19.3,0.8,916,67.7
2019,1,22,9,0,586,811,124,24.700000000000003,0.4,915,55.26
2019,1,22,10,0,771,890,133,27.900000000000002,0.8,915,44.24
2019,1,22,11,0,890,927,140,29.8,0.8,913,35.99
2019,1,22,12,0,932,940,141,31,0.8,912,32.7
2019,1,22,13,0,892,930,137,31.6,0.8,911,35.75
2019,1,22,14,0,780,907,126,31.6,0.7000000000000001,910,43.85
2019,1,22,15,0,598,840,114,31,0.7000000000000001,910,54.800000000000004
2019,1,22,16,0,366,707,92,29.5,0.7000000000000001,910,67.2
2019,1,22,17,0,124,424,53,25.3,0.9,911,80.35000000000001
2019,1,22,18,0,0,0,0,22.200000000000003,1.2000000000000002,912,94.07000000000001
2019,1,22,19,0,0,0,0,20.700000000000003,1.7000000000000002,913,107.97
2019,1,22,20,0,0,0,0,19.400000000000002,2.4000000000000004,913,122.03
2019,1,22,21,0,0,0,0,18.3,3.4000000000000004,914,136.14000000000001
2019,1,22,22,0,0,0,0,17,3.6,914,150.22
2019,1,22,23,0,0,0,0,16.1,3.3000000000000003,913,163.9
2019,1,23,0,0,0,0,0,15.4,2.6,913,173.37
2019,1,23,1,0,0,0,0,15.5,2.2,912,164.43
2019,1,23,2,0,0,0,0,15.5,1.6,912,150.79
2019,1,23,3,0,0,0,0,15.4,1.2000000000000002,912,136.72
2019,1,23,4,0,0,0,0,15.200000000000001,1.1,912,122.60000000000001
2019,1,23,5,0,0,0,0,15,0.9,913,108.53
2019,1,23,6,0,0,0,0,15.4,1.4000000000000001,914,94.61
2019,1,23,7,0,102,207,69,17.5,2.1,914,80.85000000000001
2019,1,23,8,0,336,545,129,21,2.1,915,67.66
2019,1,23,9,0,563,718,153,24.400000000000002,1.4000000000000001,915,55.19
2019,1,23,10,0,747,807,167,27.200000000000003,0.7000000000000001,914,44.12
2019,1,23,11,0,875,895,149,29.3,0.5,913,35.81
2019,1,23,12,0,918,911,149,30.700000000000003,0.4,912,32.47
2019,1,23,13,0,880,901,147,31.5,0.4,910,35.52
2019,1,23,14,0,760,847,147,31.5,0.6000000000000001,910,43.64
2019,1,23,15,0,578,767,134,31,0.8,909,54.620000000000005
2019,1,23,16,0,354,623,111,29.700000000000003,1,910,67.05
2019,1,23,17,0,118,332,62,26.3,0.8,910,80.22
2019,1,23,18,0,0,0,0,23.6,1.2000000000000002,911,93.96000000000001
2019,1,23,19,0,0,0,0,22.200000000000003,1.7000000000000002,912,107.88
2019,1,23,20,0,0,0,0,21.5,2.7,913,121.95
2019,1,23,21,0,0,0,0,20.5,3.8000000000000003,913,136.09
2019,1,23,22,0,0,0,0,19.1,3.7,913,150.19
2019,1,23,23,0,0,0,0,17.900000000000002,3.3000000000000003,913,163.92000000000002
2019,1,24,0,0,0,0,0,17.2,2.7,913,173.6
2019,1,24,1,0,0,0,0,16.8,2.6,912,164.58
2019,1,24,2,0,0,0,0,16.5,2.5,912,150.89000000000001
2019,1,24,3,0,0,0,0,16.400000000000002,2.4000000000000004,912,136.79
2019,1,24,4,0,0,0,0,16.2,2.3000000000000003,913,122.64
2019,1,24,5,0,0,0,0,16,2.1,914,108.56
2019,1,24,6,0,0,0,0,16.2,2.2,914,94.62
2019,1,24,7,0,106,257,65,18.2,2.5,915,80.84
2019,1,24,8,0,338,565,123,22.1,2.6,916,67.62
2019,1,24,9,0,563,716,154,25.400000000000002,2.3000000000000003,916,55.11
2019,1,24,10,0,746,801,169,27.8,1.9000000000000001,915,44
2019,1,24,11,0,867,862,166,29.6,1.6,914,35.63
2019,1,24,12,0,913,886,164,30.900000000000002,1.4000000000000001,912,32.230000000000004
2019,1,24,13,0,877,880,159,31.5,1.3,911,35.28
2019,1,24,14,0,757,829,155,31.5,1,910,43.43
2019,1,24,15,0,577,748,142,30.900000000000002,0.8,910,54.44
2019,1,24,16,0,352,597,118,29.700000000000003,0.8,910,66.9
2019,1,24,17,0,72,46,64,26.5,0.8,911,80.10000000000001
2019,1,24,18,0,0,0,0,23.900000000000002,1.1,911,93.85000000000001
2019,1,24,19,0,0,0,0,22.700000000000003,1.6,912,107.79
2019,1,24,20,0,0,0,0,22.200000000000003,2.9000000000000004,913,121.88
2019,1,24,21,0,0,0,0,21.3,4.1000000000000005,913,136.04
2019,1,24,22,0,0,0,0,19.900000000000002,4.3,913,150.16
2019,1,24,23,0,0,0,0,18.6,3.9000000000000004,913,163.96
2019,1,25,0,0,0,0,0,17.7,3.6,912,173.83
2019,1,25,1,0,0,0,0,17.5,3.2,912,164.72
2019,1,25,2,0,0,0,0,17.3,2.8000000000000003,912,150.98
2019,1,25,3,0,0,0,0,17.2,2.4000000000000004,912,136.85
2019,1,25,4,0,0,0,0,17.1,2.2,912,122.69
2019,1,25,5,0,0,0,0,16.900000000000002,1.9000000000000001,913,108.58
2019,1,25,6,0,0,0,0,17.1,2.1,914,94.62
2019,1,25,7,0,101,201,69,19.200000000000003,2.6,915,80.82000000000001
2019,1,25,8,0,326,483,142,22.8,3.2,915,67.58
2019,1,25,9,0,550,646,180,25.6,3.4000000000000004,915,55.03
2019,1,25,10,0,702,653,232,27.8,3.3000000000000003,914,43.87
2019,1,25,11,0,859,833,181,29.6,3.1,913,35.43
2019,1,25,12,0,901,846,184,30.8,3.1,911,31.990000000000002
2019,1,25,13,0,861,828,183,31.400000000000002,3.1,910,35.04
2019,1,25,14,0,748,790,172,31.3,3.1,910,43.22
2019,1,25,15,0,565,676,171,30.5,3,910,54.26
2019,1,25,16,0,306,416,141,29.1,2.7,910,66.75
2019,1,25,17,0,114,217,77,26.900000000000002,1.5,911,79.97
2019,1,25,18,0,0,0,0,25.5,1.7000000000000002,912,93.75
2019,1,25,19,0,0,0,0,24.900000000000002,2.6,913,107.7
2019,1,25,20,0,0,0,0,23.900000000000002,3.1,913,121.81
2019,1,25,21,0,0,0,0,23,3.7,913,135.98
2019,1,25,22,0,0,0,0,22,4.1000000000000005,913,150.14000000000001
2019,1,25,23,0,0,0,0,20.900000000000002,4.4,913,163.99
2019,1,26,0,0,0,0,0,20,4.3,912,174.07
2019,1,26,1,0,0,0,0,19.400000000000002,3.8000000000000003,912,164.86
2019,1,26,2,0,0,0,0,19.1,3.1,911,151.06
2019,1,26,3,0,0,0,0,18.900000000000002,2.7,911,136.91
2019,1,26,4,0,0,0,0,18.8,2.2,912,122.73
2019,1,26,5,0,0,0,0,18.5,1.7000000000000002,913,108.60000000000001
2019,1,26,6,0,0,0,0,18.8,2.1,913,94.62
2019,1,26,7,0,95,138,73,20.8,3.1,914,80.8
2019,1,26,8,0,321,418,161,23.5,3.2,915,67.53
2019,1,26,9,0,540,589,202,26,2.9000000000000004,915,54.95
2019,1,26,10,0,715,663,236,27.900000000000002,2.5,914,43.730000000000004
2019,1,26,11,0,824,674,273,29.3,2.3000000000000003,913,35.24
2019,1,26,12,0,867,698,273,30.200000000000003,2.1,912,31.740000000000002
2019,1,26,13,0,775,525,344,31.1,2.1,911,34.79
2019,1,26,14,0,723,655,244,31.1,2,910,43.01
2019,1,26,15,0,552,578,213,30.5,1.8,910,54.09
2019,1,26,16,0,337,434,164,29.400000000000002,1.5,910,66.6
2019,1,26,17,0,112,185,80,27.5,0.6000000000000001,911,79.85000000000001
2019,1,26,18,0,0,0,0,26.400000000000002,0.7000000000000001,911,93.64
2019,1,26,19,0,0,0,0,25.3,1.1,912,107.62
2019,1,26,20,0,0,0,0,24.700000000000003,2.2,913,121.74000000000001
2019,1,26,21,0,0,0,0,23.700000000000003,3.7,913,135.94
2019,1,26,22,0,0,0,0,22.1,4.4,913,150.12
2019,1,26,23,0,0,0,0,20.6,4.5,914,164.02
2019,1,27,0,0,0,0,0,19.8,4,914,174.32
2019,1,27,1,0,0,0,0,19.400000000000002,3.4000000000000004,913,165
2019,1,27,2,0,0,0,0,19.200000000000003,3,913,151.14000000000001
2019,1,27,3,0,0,0,0,19.1,2.7,913,136.97
2019,1,27,4,0,0,0,0,18.900000000000002,2.6,913,122.76
2019,1,27,5,0,0,0,0,18.8,2.4000000000000004,913,108.62
2019,1,27,6,0,0,0,0,19,2.5,914,94.62
2019,1,27,7,0,8,0,8,20.6,3.1,915,80.78
2019,1,27,8,0,26,0,26,22.5,3.2,915,67.47
2019,1,27,9,0,535,561,212,24.8,3.1,915,54.86
2019,1,27,10,0,720,701,213,27.3,2.8000000000000003,915,43.59
2019,1,27,11,0,412,47,374,28.700000000000003,2.7,913,35.03
2019,1,27,12,0,890,816,194,29.6,2.6,912,31.490000000000002
2019,1,27,13,0,858,826,178,30,2.4000000000000004,911,34.54
2019,1,27,14,0,725,684,223,29.900000000000002,2,910,42.79
2019,1,27,15,0,555,605,199,29,1.6,910,53.910000000000004
2019,1,27,16,0,338,467,151,27.900000000000002,1.3,911,66.45
2019,1,27,17,0,114,213,76,25.900000000000002,0.8,911,79.72
2019,1,27,18,0,0,0,0,24.5,1.3,912,93.54
2019,1,27,19,0,0,0,0,23.400000000000002,2.1,913,107.53
2019,1,27,20,0,0,0,0,22.3,2.8000000000000003,913,121.67
2019,1,27,21,0,0,0,0,21.200000000000003,2.9000000000000004,914,135.89000000000001
2019,1,27,22,0,0,0,0,20.400000000000002,3,914,150.09
2019,1,27,23,0,0,0,0,19.8,3.2,913,164.05
2019,1,28,0,0,0,0,0,19.3,3.1,913,174.57
2019,1,28,1,0,0,0,0,18.900000000000002,2.8000000000000003,913,165.13
2019,1,28,2,0,0,0,0,18.6,2.4000000000000004,912,151.22
2019,1,28,3,0,0,0,0,18.5,2.1,912,137.02
2019,1,28,4,0,0,0,0,18.5,1.9000000000000001,913,122.79
2019,1,28,5,0,0,0,0,18.400000000000002,2,913,108.63
2019,1,28,6,0,0,0,0,18.5,2.1,914,94.61
2019,1,28,7,0,100,183,71,19.6,2.6,915,80.75
2019,1,28,8,0,324,463,146,21.3,2.6,916,67.42
2019,1,28,9,0,547,642,177,23.700000000000003,2.3000000000000003,916,54.76
2019,1,28,10,0,735,766,179,26.400000000000002,1.9000000000000001,915,43.44
2019,1,28,11,0,853,803,193,28.3,1.7000000000000002,914,34.82
2019,1,28,12,0,433,46,393,29.400000000000002,1.5,912,31.23
2019,1,28,13,0,691,344,407,30.1,1.3,911,34.28
2019,1,28,14,0,580,297,361,30,1,911,42.57
2019,1,28,15,0,469,357,258,28.700000000000003,0.9,911,53.730000000000004
2019,1,28,16,0,329,493,130,27.1,1.6,911,66.3
2019,1,28,17,0,120,250,75,24.8,2.3000000000000003,912,79.60000000000001
2019,1,28,18,0,0,0,0,22.900000000000002,3.5,913,93.44
2019,1,28,19,0,0,0,0,21.400000000000002,3.8000000000000003,914,107.45
2019,1,28,20,0,0,0,0,20.5,3.6,914,121.61
2019,1,28,21,0,0,0,0,19.8,3.2,915,135.84
2019,1,28,22,0,0,0,0,19.200000000000003,3,915,150.07
2019,1,28,23,0,0,0,0,18.6,2.9000000000000004,914,164.09
2019,1,29,0,0,0,0,0,18,2.9000000000000004,914,174.82
2019,1,29,1,0,0,0,0,17.400000000000002,3,913,165.26
2019,1,29,2,0,0,0,0,17.1,2.9000000000000004,913,151.3
2019,1,29,3,0,0,0,0,16.900000000000002,2.4000000000000004,913,137.06
2019,1,29,4,0,0,0,0,16.8,2,913,122.82000000000001
2019,1,29,5,0,0,0,0,16.7,1.7000000000000002,914,108.64
2019,1,29,6,0,0,0,0,16.900000000000002,2,915,94.60000000000001
2019,1,29,7,0,107,259,65,18.1,3,916,80.71000000000001
2019,1,29,8,0,333,528,130,19.5,3.6,917,67.35
2019,1,29,9,0,554,669,167,21,3.7,917,54.660000000000004
2019,1,29,10,0,338,37,311,22.8,3.5,916,43.29
2019,1,29,11,0,547,141,431,25.200000000000003,3.2,915,34.61
2019,1,29,12,0,917,893,151,26.6,2.8000000000000003,914,30.970000000000002
2019,1,29,13,0,882,886,147,27.1,2.4000000000000004,913,34.02
2019,1,29,14,0,760,805,166,27.5,2.2,912,42.36
2019,1,29,15,0,525,544,202,27.1,2.4000000000000004,912,53.550000000000004
2019,1,29,16,0,359,566,130,25.8,2.5,912,66.16
2019,1,29,17,0,125,271,75,23.3,1.5,913,79.48
2019,1,29,18,0,0,0,0,22.3,2.2,914,93.34
2019,1,29,19,0,0,0,0,21.6,3.1,915,107.36
2019,1,29,20,0,0,0,0,20.6,3.5,915,121.54
2019,1,29,21,0,0,0,0,19.6,3.4000000000000004,915,135.8
2019,1,29,22,0,0,0,0,18.6,3.2,915,150.06
2019,1,29,23,0,0,0,0,17.7,2.8000000000000003,915,164.12
2019,1,30,0,0,0,0,0,16.900000000000002,2.5,914,175.08
2019,1,30,1,0,0,0,0,16.2,2.2,914,165.38
2019,1,30,2,0,0,0,0,15.8,2.1,914,151.37
2019,1,30,3,0,0,0,0,15.8,2.3000000000000003,914,137.11
2019,1,30,4,0,0,0,0,15.600000000000001,2.3000000000000003,914,122.84
2019,1,30,5,0,0,0,0,15.4,2.6,914,108.65
2019,1,30,6,0,0,0,0,15.600000000000001,2.9000000000000004,915,94.59
2019,1,30,7,0,104,203,71,17.6,3.5,916,80.67
2019,1,30,8,0,336,503,142,20.8,3.8000000000000003,916,67.29
2019,1,30,9,0,565,672,175,23.700000000000003,3.4000000000000004,916,54.56
2019,1,30,10,0,754,774,189,26,3,916,43.14
2019,1,30,11,0,894,906,146,27.6,2.7,914,34.39
2019,1,30,12,0,939,926,143,28.700000000000003,2.6,913,30.7
2019,1,30,13,0,904,922,138,29.3,2.6,912,33.76
2019,1,30,14,0,787,872,140,29.200000000000003,2.6,912,42.14
2019,1,30,15,0,608,809,125,28.6,2.7,911,53.370000000000005
2019,1,30,16,0,381,684,102,27.200000000000003,2.5,912,66.01
2019,1,30,17,0,138,413,62,23,1.3,912,79.36
2019,1,30,18,0,0,0,0,21,1.7000000000000002,913,93.24
2019,1,30,19,0,0,0,0,20,2.3000000000000003,914,107.29
2019,1,30,20,0,0,0,0,19.1,2.8000000000000003,915,121.48
2019,1,30,21,0,0,0,0,18.1,3,915,135.76
2019,1,30,22,0,0,0,0,17,2.8000000000000003,915,150.04
2019,1,30,23,0,0,0,0,16.2,2.6,915,164.15
2019,1,31,0,0,0,0,0,15.3,2.2,914,175.35
2019,1,31,1,0,0,0,0,14.5,1.9000000000000001,914,165.5
2019,1,31,2,0,0,0,0,13.8,1.7000000000000002,913,151.43
2019,1,31,3,0,0,0,0,13.200000000000001,1.4000000000000001,913,137.15
2019,1,31,4,0,0,0,0,12.8,1.3,914,122.86
2019,1,31,5,0,0,0,0,12.9,1.3,914,108.65
2019,1,31,6,0,0,0,0,13.700000000000001,2.3000000000000003,915,94.57000000000001
2019,1,31,7,0,116,338,61,16.400000000000002,3.1,916,80.63
2019,1,31,8,0,362,673,102,20.8,3.9000000000000004,916,67.22
2019,1,31,9,0,598,817,123,24.200000000000003,3.5,916,54.45
2019,1,31,10,0,787,898,130,26.5,3,915,42.980000000000004
2019,1,31,11,0,904,914,148,28.200000000000003,2.8000000000000003,914,34.17
2019,1,31,12,0,947,926,148,29.3,2.9000000000000004,913,30.42
2019,1,31,13,0,911,919,145,29.8,3,912,33.5
2019,1,31,14,0,796,881,140,29.700000000000003,3,911,41.910000000000004
2019,1,31,15,0,615,814,127,29,3.2,911,53.19
2019,1,31,16,0,385,686,104,27.400000000000002,3.1,911,65.87
2019,1,31,17,0,140,415,63,22.700000000000003,1.7000000000000002,912,79.24
2019,1,31,18,0,0,0,0,20.700000000000003,2.2,913,93.14
2019,1,31,19,0,0,0,0,19.900000000000002,3,914,107.21000000000001
2019,1,31,20,0,0,0,0,19,3.7,914,121.42
2019,1,31,21,0,0,0,0,17.900000000000002,3.8000000000000003,914,135.71
2019,1,31,22,0,0,0,0,17,3.8000000000000003,914,150.02
2019,1,31,23,0,0,0,0,16.2,3.8000000000000003,913,164.18
2019,2,1,0,0,0,0,0,15.4,3.3000000000000003,913,175.62
2019,2,1,1,0,0,0,0,14.700000000000001,2.7,913,165.61
2019,2,1,2,0,0,0,0,14.600000000000001,2.6,912,151.49
2019,2,1,3,0,0,0,0,14.8,2.7,912,137.18
2019,2,1,4,0,0,0,0,14.9,2.4000000000000004,913,122.87
2019,2,1,5,0,0,0,0,14.8,2.1,914,108.64
2019,2,1,6,0,0,0,0,15.200000000000001,2.5,915,94.54
2019,2,1,7,0,112,246,71,17.2,3.1,916,80.58
2019,2,1,8,0,351,589,122,20.400000000000002,2.9000000000000004,916,67.14
2019,2,1,9,0,585,754,146,23.8,2.2,916,54.33
2019,2,1,10,0,774,843,156,26.200000000000003,1.6,916,42.81
2019,2,1,11,0,903,916,143,27.8,1.6,915,33.93
2019,2,1,12,0,948,933,141,29,1.7000000000000002,913,30.14
2019,2,1,13,0,701,346,412,29.6,1.7000000000000002,912,33.230000000000004
2019,2,1,14,0,790,862,146,29.6,1.8,911,41.69
2019,2,1,15,0,610,793,133,29,2,911,53.01
2019,2,1,16,0,382,664,109,27.6,2.1,911,65.72
2019,2,1,17,0,139,393,65,23.5,1.1,911,79.13
2019,2,1,18,0,0,0,0,21.3,1.4000000000000001,912,93.05
2019,2,1,19,0,0,0,0,20.5,1.8,913,107.13
2019,2,1,20,0,0,0,0,19.700000000000003,2.2,913,121.36
2019,2,1,21,0,0,0,0,19.1,2.8000000000000003,913,135.67000000000002
2019,2,1,22,0,0,0,0,18.400000000000002,3.2,913,150.01
2019,2,1,23,0,0,0,0,17.7,3.4000000000000004,913,164.22
2019,2,2,0,0,0,0,0,16.900000000000002,3.3000000000000003,912,175.89000000000001
2019,2,2,1,0,0,0,0,16.1,2.9000000000000004,912,165.72
2019,2,2,2,0,0,0,0,15.8,2.7,912,151.54
2019,2,2,3,0,0,0,0,15.700000000000001,2.4000000000000004,912,137.21
2019,2,2,4,0,0,0,0,15.5,2,912,122.88
2019,2,2,5,0,0,0,0,15.3,1.6,913,108.63
2019,2,2,6,0,0,0,0,15.5,1.8,914,94.51
2019,2,2,7,0,110,264,67,17.6,1.9000000000000001,915,80.53
2019,2,2,8,0,348,575,124,21.400000000000002,2,915,67.06
2019,2,2,9,0,579,726,155,25.200000000000003,2,915,54.22
2019,2,2,10,0,767,821,163,27.3,1.8,914,42.64
2019,2,2,11,0,898,902,148,28.900000000000002,1.7000000000000002,913,33.7
2019,2,2,12,0,698,287,448,29.900000000000002,1.7000000000000002,912,29.86
2019,2,2,13,0,823,584,333,30.5,1.8,911,32.96
2019,2,2,14,0,724,617,262,30.5,2,910,41.47
2019,2,2,15,0,603,758,145,29.8,2.3000000000000003,910,52.84
2019,2,2,16,0,375,606,124,28.5,2.5,910,65.58
2019,2,2,17,0,135,320,74,25.200000000000003,1.5,911,79.01
2019,2,2,18,0,0,0,0,23.700000000000003,2.4000000000000004,912,92.95
2019,2,2,19,0,0,0,0,22.700000000000003,3.5,912,107.06
2019,2,2,20,0,0,0,0,21.200000000000003,3.6,913,121.31
2019,2,2,21,0,0,0,0,19.8,3.3000000000000003,913,135.64000000000001
2019,2,2,22,0,0,0,0,18.8,3,913,149.99
2019,2,2,23,0,0,0,0,18,2.8000000000000003,913,164.25
2019,2,3,0,0,0,0,0,17.3,2.5,913,176.17000000000002
2019,2,3,1,0,0,0,0,16.6,2.1,912,165.81
2019,2,3,2,0,0,0,0,16.2,1.9000000000000001,912,151.59
2019,2,3,3,0,0,0,0,16.1,1.8,912,137.23
2019,2,3,4,0,0,0,0,15.9,1.4000000000000001,913,122.89
2019,2,3,5,0,0,0,0,15.5,1,913,108.62
2019,2,3,6,0,0,0,0,16.1,1.6,914,94.48
2019,2,3,7,0,114,295,65,18.6,2.1,915,80.48
2019,2,3,8,0,354,610,116,23,2.6,916,66.98
2019,2,3,9,0,586,755,144,26.200000000000003,2.5,916,54.09
2019,2,3,10,0,772,834,157,28.200000000000003,2,915,42.47
2019,2,3,11,0,897,891,154,29.900000000000002,1.7000000000000002,914,33.46
2019,2,3,12,0,825,506,385,30.900000000000002,1.7000000000000002,913,29.57
2019,2,3,13,0,901,886,155,31.400000000000002,1.9000000000000001,912,32.68
2019,2,3,14,0,786,844,152,31.200000000000003,2,911,41.25
2019,2,3,15,0,552,595,191,30.6,2.2,911,52.660000000000004
2019,2,3,16,0,321,404,153,29.3,2.2,911,65.44
2019,2,3,17,0,117,253,68,25.900000000000002,1.2000000000000002,912,78.9
2019,2,3,18,0,0,0,0,24.200000000000003,1.9000000000000001,913,92.86
2019,2,3,19,0,0,0,0,23.5,3.3000000000000003,913,106.98
2019,2,3,20,0,0,0,0,22,3.9000000000000004,914,121.25
2019,2,3,21,0,0,0,0,20.8,4.2,915,135.6
2019,2,3,22,0,0,0,0,19.6,4.3,915,149.98
2019,2,3,23,0,0,0,0,18.400000000000002,4.1000000000000005,914,164.28
2019,2,4,0,0,0,0,0,17.7,3.9000000000000004,914,176.45000000000002
2019,2,4,1,0,0,0,0,17.400000000000002,3.5,914,165.9
2019,2,4,2,0,0,0,0,17.3,3.1,913,151.64000000000001
2019,2,4,3,0,0,0,0,17.1,2.8000000000000003,914,137.25
2019,2,4,4,0,0,0,0,16.900000000000002,2.7,914,122.89
2019,2,4,5,0,0,0,0,16.5,2.4000000000000004,915,108.60000000000001
2019,2,4,6,0,0,0,0,16.6,2.7,916,94.44
2019,2,4,7,0,115,323,61,18.900000000000002,3.4000000000000004,917,80.42
2019,2,4,8,0,356,641,104,22.8,4.1000000000000005,918,66.89
2019,2,4,9,0,586,782,126,26.400000000000002,4.1000000000000005,917,53.97
2019,2,4,10,0,771,854,139,28.8,3.5,917,42.29
2019,2,4,11,0,901,936,118,30.6,3,916,33.21
2019,2,4,12,0,944,944,120,31.900000000000002,2.8000000000000003,914,29.27
2019,2,4,13,0,904,929,120,32.5,2.7,913,32.410000000000004
2019,2,4,14,0,789,890,118,32.4,2.7,913,41.02
2019,2,4,15,0,611,820,111,31.5,2.7,912,52.49
2019,2,4,16,0,383,686,96,30.200000000000003,2.8000000000000003,913,65.3
2019,2,4,17,0,143,423,61,27.400000000000002,1.8,913,78.79
2019,2,4,18,0,0,0,0,25.900000000000002,2.6,914,92.77
2019,2,4,19,0,0,0,0,24.900000000000002,3.6,914,106.91
2019,2,4,20,0,0,0,0,23.3,3.6,915,121.2
2019,2,4,21,0,0,0,0,22,3.6,916,135.57
2019,2,4,22,0,0,0,0,20.8,3.2,916,149.97
2019,2,4,23,0,0,0,0,19.700000000000003,2.8000000000000003,915,164.31
2019,2,5,0,0,0,0,0,18.8,2.5,915,176.73
2019,2,5,1,0,0,0,0,18,2.3000000000000003,915,165.99
2019,2,5,2,0,0,0,0,17.400000000000002,2,914,151.67000000000002
2019,2,5,3,0,0,0,0,16.8,1.8,914,137.27
2019,2,5,4,0,0,0,0,16.3,1.7000000000000002,914,122.89
2019,2,5,5,0,0,0,0,16.1,1.7000000000000002,915,108.58
2019,2,5,6,0,0,0,0,16.8,2.5,916,94.4
2019,2,5,7,0,113,303,62,19.200000000000003,3.2,916,80.36
2019,2,5,8,0,350,615,107,22.3,3.4000000000000004,917,66.8
2019,2,5,9,0,579,761,130,25.5,3.4000000000000004,917,53.84
2019,2,5,10,0,471,129,375,27.8,3.3000000000000003,917,42.11
2019,2,5,11,0,473,72,412,29.5,3.2,916,32.96
2019,2,5,12,0,703,285,453,30.5,3.2,914,28.97
2019,2,5,13,0,885,856,160,31,3.2,913,32.13
2019,2,5,14,0,639,376,354,31,3.3000000000000003,912,40.800000000000004
2019,2,5,15,0,548,565,203,30.400000000000002,3.3000000000000003,912,52.31
2019,2,5,16,0,351,523,132,29.200000000000003,3.2,912,65.17
2019,2,5,17,0,65,0,65,26,1.8,913,78.68
2019,2,5,18,0,0,0,0,23.900000000000002,2,913,92.68
2019,2,5,19,0,0,0,0,23.200000000000003,2.8000000000000003,914,106.85000000000001
2019,2,5,20,0,0,0,0,22.200000000000003,3.3000000000000003,915,121.15
2019,2,5,21,0,0,0,0,21.1,3.2,915,135.53
2019,2,5,22,0,0,0,0,20.1,3.3000000000000003,914,149.96
2019,2,5,23,0,0,0,0,19,3.2,914,164.33
2019,2,6,0,0,0,0,0,18,2.9000000000000004,913,177.01
2019,2,6,1,0,0,0,0,17.2,2.5,912,166.06
2019,2,6,2,0,0,0,0,16.5,2.1,912,151.71
2019,2,6,3,0,0,0,0,16,1.6,912,137.28
2019,2,6,4,0,0,0,0,15.5,1.2000000000000002,912,122.88
2019,2,6,5,0,0,0,0,15.100000000000001,1,913,108.55
2019,2,6,6,0,0,0,0,16,1.6,914,94.36
2019,2,6,7,0,115,340,58,19.700000000000003,2.4000000000000004,915,80.29
2019,2,6,8,0,352,629,103,24.5,3,915,66.7
2019,2,6,9,0,581,766,127,27.5,2.6,915,53.7
2019,2,6,10,0,766,841,140,29.6,2.4000000000000004,915,41.92
2019,2,6,11,0,894,910,128,31.1,2.4000000000000004,913,32.7
2019,2,6,12,0,942,927,128,32.2,2.3000000000000003,912,28.67
2019,2,6,13,0,906,920,125,32.800000000000004,2.2,911,31.85
2019,2,6,14,0,786,851,139,32.800000000000004,2,910,40.58
2019,2,6,15,0,607,780,129,32.1,2,909,52.14
2019,2,6,16,0,383,649,109,30.8,2,910,65.03
2019,2,6,17,0,143,383,67,27.200000000000003,1.1,910,78.57000000000001
2019,2,6,18,0,0,0,0,25.3,1.4000000000000001,911,92.60000000000001
2019,2,6,19,0,0,0,0,24.8,2.5,912,106.78
2019,2,6,20,0,0,0,0,23.700000000000003,3.5,913,121.10000000000001
2019,2,6,21,0,0,0,0,22.3,4,913,135.5
2019,2,6,22,0,0,0,0,21.1,4,913,149.95000000000002
2019,2,6,23,0,0,0,0,20.1,3.5,913,164.36
2019,2,7,0,0,0,0,0,19.1,3,912,177.3
2019,2,7,1,0,0,0,0,18.3,2.6,911,166.13
2019,2,7,2,0,0,0,0,17.6,2.3000000000000003,911,151.73
2019,2,7,3,0,0,0,0,17.1,1.8,911,137.28
2019,2,7,4,0,0,0,0,16.5,1.2000000000000002,912,122.86
2019,2,7,5,0,0,0,0,16.2,1,912,108.52
2019,2,7,6,0,0,0,0,17,1.6,913,94.31
2019,2,7,7,0,110,269,64,20.1,2.6,914,80.22
2019,2,7,8,0,343,561,120,24,3.1,914,66.6
2019,2,7,9,0,569,707,149,27.3,3.1,914,53.56
2019,2,7,10,0,752,784,167,29.700000000000003,2.9000000000000004,914,41.730000000000004
2019,2,7,11,0,870,819,179,31.6,2.9000000000000004,913,32.44
2019,2,7,12,0,722,308,451,32.7,3,911,28.36
2019,2,7,13,0,873,800,192,33.2,3.1,910,31.560000000000002
2019,2,7,14,0,443,88,376,33,3.1,910,40.36
2019,2,7,15,0,518,429,253,32,3.1,910,51.97
2019,2,7,16,0,362,489,155,30.700000000000003,2.9000000000000004,910,64.9
2019,2,7,17,0,131,223,86,28.3,1.6,910,78.47
2019,2,7,18,0,0,0,0,27,1.9000000000000001,911,92.52
2019,2,7,19,0,0,0,0,26.3,3,912,106.72
2019,2,7,20,0,0,0,0,25.200000000000003,3.7,913,121.05
2019,2,7,21,0,0,0,0,23.700000000000003,3.7,913,135.47
2019,2,7,22,0,0,0,0,22.200000000000003,3.6,914,149.93
2019,2,7,23,0,0,0,0,20.900000000000002,3.3000000000000003,913,164.38
2019,2,8,0,0,0,0,0,20,3.1,913,177.59
2019,2,8,1,0,0,0,0,19.200000000000003,2.9000000000000004,912,166.19
2019,2,8,2,0,0,0,0,18.7,2.7,912,151.75
2019,2,8,3,0,0,0,0,18.3,2.2,912,137.28
2019,2,8,4,0,0,0,0,17.900000000000002,1.6,912,122.85000000000001
2019,2,8,5,0,0,0,0,17.400000000000002,0.9,913,108.49000000000001
2019,2,8,6,0,0,0,0,17.900000000000002,1.3,914,94.26
2019,2,8,7,0,111,260,66,21,2.3000000000000003,915,80.14
2019,2,8,8,0,343,548,124,24.6,2.6,915,66.5
2019,2,8,9,0,570,702,152,27.700000000000003,2.3000000000000003,915,53.42
2019,2,8,10,0,756,795,160,30.200000000000003,2.2,914,41.53
2019,2,8,11,0,881,857,156,32.1,2.2,913,32.18
2019,2,8,12,0,928,871,159,33.2,2.2,912,28.05
2019,2,8,13,0,892,858,159,33.6,2.1,911,31.28
2019,2,8,14,0,778,811,158,33.5,1.8,910,40.13
2019,2,8,15,0,599,718,155,32.800000000000004,1.5,910,51.800000000000004
2019,2,8,16,0,374,556,137,31.6,1.4000000000000001,910,64.77
2019,2,8,17,0,66,0,66,29.1,0.7000000000000001,911,78.37
2019,2,8,18,0,0,0,0,27.700000000000003,0.7000000000000001,911,92.44
2019,2,8,19,0,0,0,0,27,0.9,912,106.65
2019,2,8,20,0,0,0,0,26.200000000000003,1.1,913,121.01
2019,2,8,21,0,0,0,0,25.5,1.4000000000000001,913,135.44
2019,2,8,22,0,0,0,0,24.5,1.6,913,149.92000000000002
2019,2,8,23,0,0,0,0,23.5,2,912,164.4
2019,2,9,0,0,0,0,0,22.3,2.3000000000000003,912,177.87
2019,2,9,1,0,0,0,0,21.400000000000002,2.6,912,166.24
2019,2,9,2,0,0,0,0,20.8,2.9000000000000004,912,151.76
2019,2,9,3,0,0,0,0,20.200000000000003,2.7,912,137.27
2019,2,9,4,0,0,0,0,19.8,2.4000000000000004,912,122.82000000000001
2019,2,9,5,0,0,0,0,19.6,2.1,913,108.45
2019,2,9,6,0,0,0,0,19.900000000000002,2.2,913,94.2
2019,2,9,7,0,106,173,76,22.1,2.4000000000000004,914,80.06
2019,2,9,8,0,339,477,148,25.200000000000003,1.7000000000000002,915,66.39
2019,2,9,9,0,564,638,183,28.200000000000003,1.3,915,53.28
2019,2,9,10,0,744,711,210,30.3,1.1,914,41.33
2019,2,9,11,0,862,748,227,31.6,1,913,31.91
2019,2,9,12,0,446,45,406,32.300000000000004,1,912,27.73
2019,2,9,13,0,766,450,380,32.5,0.9,911,30.990000000000002
2019,2,9,14,0,471,110,387,32,1,910,39.910000000000004
2019,2,9,15,0,498,363,273,31,1.2000000000000002,910,51.63
2019,2,9,16,0,355,393,187,29.700000000000003,1.4000000000000001,911,64.64
2019,2,9,17,0,65,0,65,27.900000000000002,1,912,78.27
2019,2,9,18,0,0,0,0,26.700000000000003,1.4000000000000001,913,92.36
2019,2,9,19,0,0,0,0,25.6,2,914,106.59
2019,2,9,20,0,0,0,0,24.5,2.4000000000000004,915,120.96000000000001
2019,2,9,21,0,0,0,0,23.5,2.4000000000000004,915,135.41
2019,2,9,22,0,0,0,0,22.700000000000003,2.3000000000000003,914,149.91
2019,2,9,23,0,0,0,0,22.1,2.2,914,164.42000000000002
2019,2,10,0,0,0,0,0,21.400000000000002,2.1,914,178.15
2019,2,10,1,0,0,0,0,20.8,2.1,913,166.28
2019,2,10,2,0,0,0,0,20.5,2,913,151.77
2019,2,10,3,0,0,0,0,20.3,1.9000000000000001,913,137.26
2019,2,10,4,0,0,0,0,20.200000000000003,1.7000000000000002,913,122.8
2019,2,10,5,0,0,0,0,20.1,1.6,914,108.41
2019,2,10,6,0,0,0,0,20.3,1.9000000000000001,914,94.14
2019,2,10,7,0,37,0,37,20.900000000000002,2.7,915,79.98
2019,2,10,8,0,128,0,128,22.200000000000003,3.1,916,66.28
2019,2,10,9,0,551,566,212,23.6,3.2,916,53.120000000000005
2019,2,10,10,0,734,669,230,24.900000000000002,3.1,916,41.13
2019,2,10,11,0,856,731,233,25.900000000000002,2.9000000000000004,915,31.64
2019,2,10,12,0,903,760,228,26.5,2.7,914,27.41
2019,2,10,13,0,870,757,220,26.700000000000003,2.5,913,30.7
2019,2,10,14,0,744,632,257,26.400000000000002,2.3000000000000003,912,39.69
2019,2,10,15,0,569,532,237,25.6,2.1,912,51.46
2019,2,10,16,0,350,359,195,24.5,1.7000000000000002,913,64.51
2019,2,10,17,0,122,128,95,23,1.2000000000000002,913,78.17
2019,2,10,18,0,0,0,0,22.200000000000003,1.5,914,92.28
2019,2,10,19,0,0,0,0,21.6,1.8,915,106.53
2019,2,10,20,0,0,0,0,21.200000000000003,2.3000000000000003,915,120.92
2019,2,10,21,0,0,0,0,20.900000000000002,2.6,915,135.39000000000001
2019,2,10,22,0,0,0,0,20.6,2.8000000000000003,915,149.9
2019,2,10,23,0,0,0,0,20.400000000000002,2.7,915,164.43
2019,2,11,0,0,0,0,0,20.200000000000003,2.7,914,178.42000000000002
2019,2,11,1,0,0,0,0,19.900000000000002,2.4000000000000004,914,166.3
2019,2,11,2,0,0,0,0,19.700000000000003,2.5,913,151.77
2019,2,11,3,0,0,0,0,19.6,2.7,914,137.25
2019,2,11,4,0,0,0,0,19.400000000000002,2.9000000000000004,914,122.76
2019,2,11,5,0,0,0,0,18.900000000000002,2.8000000000000003,914,108.36
2019,2,11,6,0,0,0,0,19.1,3.4000000000000004,915,94.07000000000001
2019,2,11,7,0,68,24,64,21.1,4.5,915,79.89
2019,2,11,8,0,266,236,171,23.700000000000003,4.7,916,66.16
2019,2,11,9,0,536,560,199,25.900000000000002,4.800000000000001,916,52.97
2019,2,11,10,0,617,342,359,27.8,4.7,916,40.92
2019,2,11,11,0,838,582,341,29.1,4.6000000000000005,915,31.36
2019,2,11,12,0,915,762,237,29.8,4.6000000000000005,914,27.080000000000002
2019,2,11,13,0,879,734,245,29.900000000000002,4.5,913,30.41
2019,2,11,14,0,758,640,264,29.5,4.5,912,39.47
2019,2,11,15,0,585,562,234,28.700000000000003,4.3,912,51.300000000000004
2019,2,11,16,0,366,422,184,27.3,4.1000000000000005,913,64.38
2019,2,11,17,0,134,181,96,25,2.6,913,78.07000000000001
2019,2,11,18,0,0,0,0,23.6,2.8000000000000003,914,92.2
2019,2,11,19,0,0,0,0,22.8,3.7,915,106.48
2019,2,11,20,0,0,0,0,21.6,4,915,120.88
2019,2,11,21,0,0,0,0,20.5,4,915,135.36
2019,2,11,22,0,0,0,0,19.400000000000002,3.8000000000000003,915,149.89000000000001
2019,2,11,23,0,0,0,0,18.400000000000002,3.4000000000000004,915,164.45000000000002
2019,2,12,0,0,0,0,0,17.8,3.1,915,178.67000000000002
2019,2,12,1,0,0,0,0,17.7,3.4000000000000004,914,166.32
2019,2,12,2,0,0,0,0,17.400000000000002,3.5,914,151.76
2019,2,12,3,0,0,0,0,17,3.6,914,137.22
2019,2,12,4,0,0,0,0,16.6,3.3000000000000003,914,122.73
2019,2,12,5,0,0,0,0,15.9,2.8000000000000003,915,108.31
2019,2,12,6,0,0,0,0,16.400000000000002,3.3000000000000003,916,94
2019,2,12,7,0,132,399,61,18.900000000000002,3.9000000000000004,916,79.8
2019,2,12,8,0,384,708,97,22.6,4.6000000000000005,917,66.04
2019,2,12,9,0,623,843,114,26,5.2,917,52.81
2019,2,12,10,0,812,904,127,28.200000000000003,5.2,916,40.71
2019,2,12,11,0,932,931,135,29.8,5.1000000000000005,915,31.080000000000002
2019,2,12,12,0,978,941,138,30.700000000000003,4.9,914,26.75
2019,2,12,13,0,940,928,137,31.1,4.800000000000001,913,30.12
2019,2,12,14,0,823,887,136,30.900000000000002,4.7,913,39.25
2019,2,12,15,0,639,819,125,30,4.6000000000000005,913,51.13
2019,2,12,16,0,406,690,107,28.400000000000002,4.3,913,64.26
2019,2,12,17,0,157,417,70,24.700000000000003,2.5,914,77.98
2019,2,12,18,0,0,0,0,22.8,3,915,92.13
2019,2,12,19,0,0,0,0,22,3.9000000000000004,916,106.42
2019,2,12,20,0,0,0,0,21,4.2,917,120.84
2019,2,12,21,0,0,0,0,20,4,917,135.33
2019,2,12,22,0,0,0,0,18.900000000000002,3.6,917,149.88
2019,2,12,23,0,0,0,0,17.900000000000002,3.3000000000000003,917,164.45000000000002
2019,2,13,0,0,0,0,0,17.1,2.8000000000000003,916,178.88
2019,2,13,1,0,0,0,0,16.400000000000002,2.2,915,166.33
2019,2,13,2,0,0,0,0,16.2,2.4000000000000004,915,151.75
2019,2,13,3,0,0,0,0,16,2.5,915,137.20000000000002
2019,2,13,4,0,0,0,0,15.600000000000001,2.4000000000000004,915,122.69
2019,2,13,5,0,0,0,0,15.200000000000001,2.4000000000000004,916,108.25
2019,2,13,6,0,0,0,0,15.4,2.6,917,93.93
2019,2,13,7,0,135,452,55,18,2.8000000000000003,918,79.71000000000001
2019,2,13,8,0,388,743,85,23.3,4.2,918,65.92
2019,2,13,9,0,626,860,104,26.5,4.4,918,52.65
2019,2,13,10,0,813,914,118,28.6,4.3,917,40.49
2019,2,13,11,0,938,951,121,30.1,4.1000000000000005,916,30.79
2019,2,13,12,0,983,958,125,31.1,4,915,26.42
2019,2,13,13,0,944,944,125,31.5,3.9000000000000004,914,29.830000000000002
2019,2,13,14,0,825,890,134,31.400000000000002,3.8000000000000003,913,39.03
2019,2,13,15,0,640,821,123,30.6,3.9000000000000004,913,50.97
2019,2,13,16,0,408,695,105,29,3.7,913,64.14
2019,2,13,17,0,159,434,68,24.900000000000002,2.1,914,77.88
2019,2,13,18,0,0,0,0,22.900000000000002,2.8000000000000003,915,92.06
2019,2,13,19,0,0,0,0,22.1,4,916,106.37
2019,2,13,20,0,0,0,0,20.900000000000002,4.3,916,120.8
2019,2,13,21,0,0,0,0,19.900000000000002,4.3,916,135.31
2019,2,13,22,0,0,0,0,18.8,3.7,916,149.87
2019,2,13,23,0,0,0,0,17.900000000000002,3.3000000000000003,915,164.46
2019,2,14,0,0,0,0,0,17,2.9000000000000004,915,179.02
2019,2,14,1,0,0,0,0,16.2,2.4000000000000004,914,166.33
2019,2,14,2,0,0,0,0,15.4,1.9000000000000001,913,151.73
2019,2,14,3,0,0,0,0,14.700000000000001,1.5,913,137.16
2019,2,14,4,0,0,0,0,14.200000000000001,1.4000000000000001,913,122.64
2019,2,14,5,0,0,0,0,14,1.4000000000000001,914,108.19
2019,2,14,6,0,0,0,0,15.600000000000001,2.2,915,93.85000000000001
2019,2,14,7,0,145,557,45,19.400000000000002,3.1,915,79.61
2019,2,14,8,0,399,805,70,24.400000000000002,4.2,916,65.79
2019,2,14,9,0,636,906,84,27.1,4.3,916,52.49
2019,2,14,10,0,825,959,94,29.1,4.2,915,40.27
2019,2,14,11,0,935,940,125,30.6,4,914,30.5
2019,2,14,12,0,978,947,128,31.6,3.8000000000000003,913,26.080000000000002
2019,2,14,13,0,937,928,129,32.1,3.5,912,29.54
2019,2,14,14,0,825,909,117,32,3.3000000000000003,911,38.81
2019,2,14,15,0,642,840,111,31.400000000000002,3.2,910,50.81
2019,2,14,16,0,408,703,100,29.900000000000002,3,911,64.02
2019,2,14,17,0,160,435,69,26.700000000000003,1.6,911,77.8
2019,2,14,18,0,0,0,0,25.200000000000003,2.2,912,91.99
2019,2,14,19,0,0,0,0,24.8,3.4000000000000004,913,106.32000000000001
2019,2,14,20,0,0,0,0,23.8,4.3,914,120.76
2019,2,14,21,0,0,0,0,22.5,4.5,914,135.29
2019,2,14,22,0,0,0,0,21.1,3.9000000000000004,914,149.86
2019,2,14,23,0,0,0,0,20,3.5,914,164.46
2019,2,15,0,0,0,0,0,19,3,913,179.07
2019,2,15,1,0,0,0,0,18.3,2.4000000000000004,913,166.31
2019,2,15,2,0,0,0,0,17.6,1.8,913,151.70000000000002
2019,2,15,3,0,0,0,0,17.1,1.3,913,137.12
2019,2,15,4,0,0,0,0,16.8,1.3,913,122.59
2019,2,15,5,0,0,0,0,16.7,1.3,914,108.12
2019,2,15,6,0,0,0,0,17.400000000000002,2.1,915,93.77
2019,2,15,7,0,133,388,62,20.3,2.7,915,79.51
2019,2,15,8,0,379,673,102,24.3,2.9000000000000004,916,65.66
2019,2,15,9,0,614,803,123,27.200000000000003,2.1,916,52.32
2019,2,15,10,0,804,877,133,29.200000000000003,1.2000000000000002,915,40.050000000000004
2019,2,15,11,0,933,934,126,30.8,0.6000000000000001,914,30.2
2019,2,15,12,0,976,944,126,31.900000000000002,0.5,913,25.740000000000002
2019,2,15,13,0,941,936,125,32.4,0.6000000000000001,912,29.240000000000002
2019,2,15,14,0,811,832,161,32.2,0.6000000000000001,911,38.6
2019,2,15,15,0,628,748,153,31.400000000000002,0.5,911,50.660000000000004
2019,2,15,16,0,400,616,128,30.200000000000003,0.4,911,63.9
2019,2,15,17,0,156,360,79,28.400000000000002,0.5,911,77.71000000000001
2019,2,15,18,0,0,0,0,26.8,0.7000000000000001,912,91.93
2019,2,15,19,0,0,0,0,25.5,0.9,913,106.27
2019,2,15,20,0,0,0,0,24.6,1.3,914,120.73
2019,2,15,21,0,0,0,0,23.900000000000002,2.2,914,135.26
2019,2,15,22,0,0,0,0,23.200000000000003,3.4000000000000004,914,149.84
2019,2,15,23,0,0,0,0,21.8,3.8000000000000003,914,164.45000000000002
2019,2,16,0,0,0,0,0,20.5,3.7,914,179
2019,2,16,1,0,0,0,0,19.6,3.3000000000000003,913,166.28
2019,2,16,2,0,0,0,0,19.1,2.9000000000000004,913,151.67000000000002
2019,2,16,3,0,0,0,0,18.900000000000002,2.5,912,137.08
2019,2,16,4,0,0,0,0,18.7,2.1,913,122.53
2019,2,16,5,0,0,0,0,18.5,1.3,913,108.05
2019,2,16,6,0,0,0,0,19.1,1.4000000000000001,914,93.68
2019,2,16,7,0,128,299,72,21.8,1.5,915,79.4
2019,2,16,8,0,369,582,128,25.6,1.6,916,65.53
2019,2,16,9,0,601,721,159,28.3,1.5,916,52.15
2019,2,16,10,0,788,793,179,30.200000000000003,1.5,915,39.83
2019,2,16,11,0,891,749,241,31.400000000000002,1.6,914,29.91
2019,2,16,12,0,933,750,256,32.300000000000004,1.9000000000000001,912,25.400000000000002
2019,2,16,13,0,896,729,258,32.6,2.1,911,28.95
2019,2,16,14,0,814,826,166,32.5,2.2,911,38.38
2019,2,16,15,0,631,749,155,31.8,2.1,910,50.5
2019,2,16,16,0,403,626,127,30.5,1.9000000000000001,911,63.79
2019,2,16,17,0,158,366,80,27.900000000000002,0.9,911,77.62
2019,2,16,18,0,0,0,0,26.200000000000003,1.1,912,91.86
2019,2,16,19,0,0,0,0,25.400000000000002,1.4000000000000001,913,106.22
2019,2,16,20,0,0,0,0,24.6,1.6,913,120.7
2019,2,16,21,0,0,0,0,23.900000000000002,1.7000000000000002,913,135.24
2019,2,16,22,0,0,0,0,23.1,1.6,913,149.83
2019,2,16,23,0,0,0,0,22.400000000000002,1.7000000000000002,913,164.44
2019,2,17,0,0,0,0,0,22,2.1,912,178.83
2019,2,17,1,0,0,0,0,21.5,2.6,912,166.24
2019,2,17,2,0,0,0,0,20.900000000000002,2.7,912,151.63
2019,2,17,3,0,0,0,0,20.1,2.2,912,137.03
2019,2,17,4,0,0,0,0,19.400000000000002,1.7000000000000002,912,122.47
2019,2,17,5,0,0,0,0,18.7,1.2000000000000002,913,107.98
2019,2,17,6,0,0,0,0,19.5,1.6,914,93.59
2019,2,17,7,0,122,245,77,22.400000000000002,2.2,914,79.29
2019,2,17,8,0,361,535,138,25.6,2.1,915,65.39
2019,2,17,9,0,593,688,170,28.400000000000002,1.8,915,51.980000000000004
2019,2,17,10,0,782,769,189,30.5,2.2,914,39.6
2019,2,17,11,0,918,869,163,31.900000000000002,2.7,913,29.61
2019,2,17,12,0,968,891,161,32.9,3,911,25.05
2019,2,17,13,0,934,892,152,33.4,3.1,910,28.650000000000002
2019,2,17,14,0,824,867,142,33.300000000000004,3.1,909,38.17
2019,2,17,15,0,646,818,124,32.800000000000004,2.9000000000000004,909,50.35
2019,2,17,16,0,417,717,100,31.5,2.6,909,63.68
2019,2,17,17,0,168,489,63,27.700000000000003,1,910,77.54
2019,2,17,18,0,0,0,0,25.700000000000003,1.1,910,91.8
2019,2,17,19,0,0,0,0,24.5,1.2000000000000002,911,106.18
2019,2,17,20,0,0,0,0,23,1.2000000000000002,912,120.66
2019,2,17,21,0,0,0,0,21.8,1.4000000000000001,912,135.22
2019,2,17,22,0,0,0,0,20.700000000000003,1.5,912,149.82
2019,2,17,23,0,0,0,0,19.5,1.4000000000000001,911,164.43
2019,2,18,0,0,0,0,0,18.400000000000002,1.1,911,178.59
2019,2,18,1,0,0,0,0,18.2,0.8,910,166.19
2019,2,18,2,0,0,0,0,18,0.7000000000000001,910,151.58
2019,2,18,3,0,0,0,0,17.6,0.7000000000000001,910,136.97
2019,2,18,4,0,0,0,0,17.400000000000002,0.8,911,122.41
2019,2,18,5,0,0,0,0,17.3,0.8,912,107.9
2019,2,18,6,0,0,0,0,18.400000000000002,0.7000000000000001,913,93.5
2019,2,18,7,0,142,459,56,21.900000000000002,1.2000000000000002,913,79.18
2019,2,18,8,0,396,733,89,26.6,1,914,65.25
2019,2,18,9,0,636,855,107,29.3,0.8,914,51.800000000000004
2019,2,18,10,0,828,917,118,31.3,0.4,913,39.37
2019,2,18,11,0,958,970,112,32.7,0.2,912,29.3
2019,2,18,12,0,1004,981,113,33.800000000000004,0.5,910,24.7
2019,2,18,13,0,968,976,110,34.300000000000004,0.9,909,28.36
2019,2,18,14,0,857,959,101,34.300000000000004,1.2000000000000002,908,37.96
2019,2,18,15,0,674,912,91,33.800000000000004,1.5,908,50.2
2019,2,18,16,0,439,818,75,32.5,1.8,908,63.57
2019,2,18,17,0,182,607,50,28.200000000000003,1,908,77.46000000000001
2019,2,18,18,0,0,0,0,25.3,1.3,909,91.74
2019,2,18,19,0,0,0,0,24,1.6,910,106.13
2019,2,18,20,0,0,0,0,23,1.9000000000000001,911,120.63
2019,2,18,21,0,0,0,0,22.200000000000003,2.2,911,135.2
2019,2,18,22,0,0,0,0,21.6,2.5,911,149.8
2019,2,18,23,0,0,0,0,21.6,3,911,164.41
2019,2,19,0,0,0,0,0,21.400000000000002,3.4000000000000004,910,178.31
2019,2,19,1,0,0,0,0,21.1,3.5,910,166.13
2019,2,19,2,0,0,0,0,20.5,2.9000000000000004,910,151.53
2019,2,19,3,0,0,0,0,20.1,2.7,910,136.91
2019,2,19,4,0,0,0,0,19.900000000000002,2.5,910,122.34
2019,2,19,5,0,0,0,0,19.6,2,911,107.82000000000001
2019,2,19,6,0,0,0,0,20.400000000000002,2.7,912,93.4
2019,2,19,7,0,134,313,75,23.3,3.5,913,79.07000000000001
2019,2,19,8,0,380,616,120,26.5,3.3000000000000003,913,65.11
2019,2,19,9,0,617,775,136,29.1,2.9000000000000004,913,51.620000000000005
2019,2,19,10,0,808,858,143,31.200000000000003,2.6,913,39.13
2019,2,19,11,0,916,833,187,32.800000000000004,2.6,912,28.990000000000002
2019,2,19,12,0,960,846,189,33.9,2.7,911,24.34
2019,2,19,13,0,924,835,187,34.4,2.9000000000000004,910,28.060000000000002
2019,2,19,14,0,807,777,192,34.300000000000004,3.1,909,37.75
2019,2,19,15,0,625,699,176,33.5,3.2,909,50.06
2019,2,19,16,0,397,561,146,32.1,3.2,910,63.46
2019,2,19,17,0,154,300,89,29.8,2.2,910,77.38
2019,2,19,18,0,0,0,0,28.5,2.8000000000000003,911,91.68
2019,2,19,19,0,0,0,0,27.6,3.8000000000000003,912,106.09
2019,2,19,20,0,0,0,0,26.6,4.1000000000000005,913,120.60000000000001
2019,2,19,21,0,0,0,0,25,4.2,914,135.18
2019,2,19,22,0,0,0,0,23.6,4.5,914,149.79
2019,2,19,23,0,0,0,0,22.3,3.8000000000000003,914,164.39000000000001
2019,2,20,0,0,0,0,0,21.3,3.3000000000000003,913,178.01
2019,2,20,1,0,0,0,0,20.5,2.9000000000000004,912,166.06
2019,2,20,2,0,0,0,0,19.8,2.6,912,151.46
2019,2,20,3,0,0,0,0,19.3,2.5,913,136.85
2019,2,20,4,0,0,0,0,19.1,2.8000000000000003,913,122.26
2019,2,20,5,0,0,0,0,19,3,914,107.73
2019,2,20,6,0,0,0,0,19.400000000000002,3.4000000000000004,915,93.3
2019,2,20,7,0,138,357,69,21.700000000000003,3.9000000000000004,915,78.95
2019,2,20,8,0,387,654,111,25,4.1000000000000005,916,64.97
2019,2,20,9,0,628,800,129,28.5,4.3,916,51.44
2019,2,20,10,0,821,879,136,31.1,4.4,915,38.9
2019,2,20,11,0,956,952,120,32.9,4.5,914,28.68
2019,2,20,12,0,1002,965,120,34,4.5,913,23.990000000000002
2019,2,20,13,0,966,959,117,34.4,4.5,912,27.77
2019,2,20,14,0,851,933,111,34.1,4.5,911,37.550000000000004
2019,2,20,15,0,668,877,103,33.2,4.800000000000001,911,49.910000000000004
2019,2,20,16,0,433,768,88,31.6,4.800000000000001,912,63.36
2019,2,20,17,0,176,527,60,28.5,3.4000000000000004,913,77.31
2019,2,20,18,0,0,0,0,26.3,3.4000000000000004,914,91.63
2019,2,20,19,0,0,0,0,25.3,4.1000000000000005,915,106.05
2019,2,20,20,0,0,0,0,24.1,3.9000000000000004,916,120.57000000000001
2019,2,20,21,0,0,0,0,22.8,3.7,916,135.16
2019,2,20,22,0,0,0,0,21.5,3.5,917,149.77
2019,2,20,23,0,0,0,0,20.3,3.2,916,164.36
2019,2,21,0,0,0,0,0,19.3,2.9000000000000004,916,177.69
2019,2,21,1,0,0,0,0,18.400000000000002,2.4000000000000004,915,165.97
2019,2,21,2,0,0,0,0,17.5,1.9000000000000001,915,151.39000000000001
2019,2,21,3,0,0,0,0,16.8,1.6,915,136.78
2019,2,21,4,0,0,0,0,16.900000000000002,1.8,915,122.18
2019,2,21,5,0,0,0,0,17,2,916,107.64
2019,2,21,6,0,0,0,0,17.5,2.7,917,93.19
2019,2,21,7,0,150,463,61,20.3,3,918,78.82000000000001
2019,2,21,8,0,409,744,92,25.3,4,918,64.82000000000001
2019,2,21,9,0,651,864,110,28.6,4.800000000000001,918,51.26
2019,2,21,10,0,841,922,121,30.6,5.1000000000000005,917,38.660000000000004
2019,2,21,11,0,967,960,123,32,5.2,916,28.37
2019,2,21,12,0,1011,968,124,32.800000000000004,5.2,915,23.63
2019,2,21,13,0,974,959,123,33,5.300000000000001,914,27.47
2019,2,21,14,0,856,931,117,32.7,5.4,913,37.34
2019,2,21,15,0,672,877,106,31.8,5.4,913,49.77
2019,2,21,16,0,436,771,89,30.3,5.2,913,63.26
2019,2,21,17,0,179,538,60,27.400000000000002,3.5,914,77.24
2019,2,21,18,0,0,0,0,24.8,2.9000000000000004,915,91.58
2019,2,21,19,0,0,0,0,23.900000000000002,3.6,916,106.01
2019,2,21,20,0,0,0,0,22.700000000000003,3.8000000000000003,916,120.55
2019,2,21,21,0,0,0,0,21.3,3.3000000000000003,916,135.14000000000001
2019,2,21,22,0,0,0,0,20,2.9000000000000004,916,149.75
2019,2,21,23,0,0,0,0,18.8,2.2,916,164.32
2019,2,22,0,0,0,0,0,17.6,1.7000000000000002,915,177.35
2019,2,22,1,0,0,0,0,16.6,1.3,914,165.88
2019,2,22,2,0,0,0,0,15.9,1.2000000000000002,914,151.32
2019,2,22,3,0,0,0,0,15.3,1.1,914,136.70000000000002
2019,2,22,4,0,0,0,0,14.700000000000001,1.1,914,122.10000000000001
2019,2,22,5,0,0,0,0,14.3,1.1,915,107.55
2019,2,22,6,0,0,0,0,16.1,1.6,915,93.09
2019,2,22,7,0,164,575,51,20.3,2.4000000000000004,916,78.7
2019,2,22,8,0,430,825,77,25.900000000000002,4.800000000000001,916,64.67
2019,2,22,9,0,676,930,92,28.900000000000002,5.7,916,51.07
2019,2,22,10,0,872,984,101,31.1,5.9,916,38.42
2019,2,22,11,0,1001,1021,100,32.800000000000004,6,914,28.05
2019,2,22,12,0,1047,1029,102,33.800000000000004,6,913,23.26
2019,2,22,13,0,1010,1023,100,34.1,5.9,911,27.18
2019,2,22,14,0,885,980,104,33.9,5.800000000000001,911,37.14
2019,2,22,15,0,697,930,94,33,5.800000000000001,910,49.63
2019,2,22,16,0,455,832,80,31.3,5.5,911,63.160000000000004
2019,2,22,17,0,190,612,54,27.3,3.4000000000000004,911,77.16
2019,2,22,18,0,0,0,0,24.3,3.1,912,91.52
2019,2,22,19,0,0,0,0,23.200000000000003,3.6,913,105.98
2019,2,22,20,0,0,0,0,21.6,3.2,914,120.52
2019,2,22,21,0,0,0,0,20.1,2.7,914,135.11
2019,2,22,22,0,0,0,0,18.7,2.2,914,149.73
2019,2,22,23,0,0,0,0,17.5,1.7000000000000002,914,164.28
2019,2,23,0,0,0,0,0,16.6,1.4000000000000001,913,177.01
2019,2,23,1,0,0,0,0,15.9,1.2000000000000002,912,165.77
2019,2,23,2,0,0,0,0,15.600000000000001,1.1,912,151.23
2019,2,23,3,0,0,0,0,15.5,1.1,912,136.62
2019,2,23,4,0,0,0,0,15.3,1.1,912,122.01
2019,2,23,5,0,0,0,0,15.100000000000001,1.2000000000000002,912,107.45
2019,2,23,6,0,0,0,0,16.7,1.1,913,92.98
2019,2,23,7,0,168,589,51,21.6,2.2,914,78.57000000000001
2019,2,23,8,0,435,832,77,27.1,4.5,914,64.52
2019,2,23,9,0,683,936,93,30.5,5.7,914,50.88
2019,2,23,10,0,879,988,103,32.6,6.1000000000000005,913,38.18
2019,2,23,11,0,1007,1019,105,34,6.1000000000000005,912,27.73
2019,2,23,12,0,1052,1024,109,34.9,5.9,911,22.900000000000002
2019,2,23,13,0,1009,1008,110,35.1,5.7,910,26.88
2019,2,23,14,0,891,986,103,34.7,5.4,910,36.94
2019,2,23,15,0,700,931,95,33.7,5.2,910,49.5
2019,2,23,16,0,454,823,82,32,4.800000000000001,910,63.07
2019,2,23,17,0,189,593,56,27.5,2.6,911,77.10000000000001
2019,2,23,18,0,0,0,0,24.5,2.6,911,91.47
2019,2,23,19,0,0,0,0,23.700000000000003,3.4000000000000004,912,105.94
2019,2,23,20,0,0,0,0,22.6,3.9000000000000004,913,120.49000000000001
2019,2,23,21,0,0,0,0,21.200000000000003,3.5,913,135.09
2019,2,23,22,0,0,0,0,19.6,2.5,913,149.70000000000002
2019,2,23,23,0,0,0,0,18.3,1.9000000000000001,912,164.23
2019,2,24,0,0,0,0,0,17.3,1.5,912,176.66
2019,2,24,1,0,0,0,0,16.6,1.4000000000000001,911,165.65
2019,2,24,2,0,0,0,0,15.9,1.2000000000000002,910,151.14000000000001
2019,2,24,3,0,0,0,0,15.700000000000001,1.2000000000000002,910,136.53
2019,2,24,4,0,0,0,0,15.600000000000001,1.2000000000000002,911,121.92
2019,2,24,5,0,0,0,0,15.100000000000001,1.2000000000000002,911,107.35000000000001
2019,2,24,6,0,0,0,0,16.8,1.3,912,92.86
2019,2,24,7,0,172,617,48,21.700000000000003,2.4000000000000004,912,78.44
2019,2,24,8,0,441,852,72,27.200000000000003,4,913,64.36
2019,2,24,9,0,688,949,87,30.6,4.800000000000001,913,50.69
2019,2,24,10,0,884,997,97,32.7,4.800000000000001,912,37.93
2019,2,24,11,0,1006,1018,102,34.1,4.800000000000001,911,27.41
2019,2,24,12,0,1051,1023,106,35,4.800000000000001,910,22.53
2019,2,24,13,0,1012,1013,106,35.2,4.6000000000000005,909,26.59
2019,2,24,14,0,886,971,108,34.800000000000004,4.4,908,36.75
2019,2,24,15,0,693,910,101,33.9,4.2,908,49.36
2019,2,24,16,0,449,798,86,32.1,4.1000000000000005,908,62.97
2019,2,24,17,0,185,559,60,27.8,2.5,909,77.03
2019,2,24,18,0,0,0,0,25.3,3,910,91.43
2019,2,24,19,0,0,0,0,24.700000000000003,4.3,911,105.9
2019,2,24,20,0,0,0,0,23.5,4.7,912,120.47
2019,2,24,21,0,0,0,0,22.200000000000003,4.5,912,135.07
2019,2,24,22,0,0,0,0,20.900000000000002,4.1000000000000005,912,149.68
2019,2,24,23,0,0,0,0,19.700000000000003,3.6,912,164.18
2019,2,25,0,0,0,0,0,18.6,3,911,176.31
2019,2,25,1,0,0,0,0,17.5,2.3000000000000003,910,165.52
2019,2,25,2,0,0,0,0,16.5,1.9000000000000001,910,151.04
2019,2,25,3,0,0,0,0,15.600000000000001,1.6,910,136.44
2019,2,25,4,0,0,0,0,14.9,1.4000000000000001,910,121.82000000000001
2019,2,25,5,0,0,0,0,14.5,1.2000000000000002,911,107.25
2019,2,25,6,0,0,0,0,16.3,1.5,912,92.75
2019,2,25,7,0,165,537,56,20.400000000000002,2,913,78.31
2019,2,25,8,0,431,792,86,26.700000000000003,2.8000000000000003,913,64.2
2019,2,25,9,0,677,904,102,30.6,3.3000000000000003,913,50.5
2019,2,25,10,0,874,963,112,33,3.1,912,37.69
2019,2,25,11,0,1005,1010,106,34.5,2.7,910,27.09
2019,2,25,12,0,1051,1018,108,35.4,2.3000000000000003,909,22.16
2019,2,25,13,0,1012,1009,108,35.800000000000004,1.9000000000000001,908,26.3
2019,2,25,14,0,895,992,98,35.6,1.7000000000000002,908,36.550000000000004
2019,2,25,15,0,705,940,91,34.9,1.6,907,49.230000000000004
2019,2,25,16,0,461,840,78,33.6,1.6,907,62.88
2019,2,25,17,0,193,620,53,28.6,0.9,908,76.97
2019,2,25,18,0,0,0,0,25.200000000000003,1.3,908,91.38
2019,2,25,19,0,0,0,0,23.700000000000003,1.6,909,105.87
2019,2,25,20,0,0,0,0,22.6,2.1,910,120.44
2019,2,25,21,0,0,0,0,21.5,2.6,910,135.05
2019,2,25,22,0,0,0,0,20.5,2.9000000000000004,910,149.65
2019,2,25,23,0,0,0,0,19.400000000000002,2.7,910,164.12
2019,2,26,0,0,0,0,0,18.400000000000002,2.4000000000000004,910,175.95000000000002
2019,2,26,1,0,0,0,0,17.5,2,909,165.37
2019,2,26,2,0,0,0,0,16.7,1.7000000000000002,909,150.94
2019,2,26,3,0,0,0,0,16.1,1.4000000000000001,909,136.34
2019,2,26,4,0,0,0,0,15.700000000000001,1.3,910,121.72
2019,2,26,5,0,0,0,0,15.4,1.2000000000000002,910,107.14
2019,2,26,6,0,0,0,0,17.3,1.8,911,92.63
2019,2,26,7,0,159,479,61,21.5,2.7,912,78.17
2019,2,26,8,0,416,729,97,26.6,3.3000000000000003,912,64.04
2019,2,26,9,0,655,839,119,29.8,2.7,912,50.31
2019,2,26,10,0,846,897,133,32.1,2.1,911,37.44
2019,2,26,11,0,968,932,136,33.7,1.6,910,26.76
2019,2,26,12,0,1013,939,141,34.6,1.4000000000000001,909,21.78
2019,2,26,13,0,974,927,141,35.1,1.3,908,26.01
2019,2,26,14,0,856,892,137,35,1.3,907,36.36
2019,2,26,15,0,670,834,124,34.300000000000004,1.1,906,49.11
2019,2,26,16,0,431,717,104,33.1,1.1,906,62.800000000000004
2019,2,26,17,0,175,473,68,30.200000000000003,0.8,907,76.9
2019,2,26,18,0,0,0,0,28,1.1,907,91.34
2019,2,26,19,0,0,0,0,26.3,1.2000000000000002,908,105.84
2019,2,26,20,0,0,0,0,24.700000000000003,1.2000000000000002,909,120.42
2019,2,26,21,0,0,0,0,23.6,1.3,909,135.03
2019,2,26,22,0,0,0,0,23.200000000000003,1.7000000000000002,909,149.62
2019,2,26,23,0,0,0,0,22.8,2.6,910,164.05
2019,2,27,0,0,0,0,0,22.200000000000003,3.8000000000000003,910,175.59
2019,2,27,1,0,0,0,0,21.400000000000002,4.1000000000000005,909,165.22
2019,2,27,2,0,0,0,0,20.8,3.5,909,150.83
2019,2,27,3,0,0,0,0,19.900000000000002,2.1,909,136.24
2019,2,27,4,0,0,0,0,19.200000000000003,1.5,909,121.62
2019,2,27,5,0,0,0,0,18.6,1.3,909,107.03
2019,2,27,6,0,0,0,0,19.8,2.2,910,92.5
2019,2,27,7,0,149,359,74,23.1,2.7,911,78.04
2019,2,27,8,0,398,633,119,27.200000000000003,2.8000000000000003,911,63.88
2019,2,27,9,0,632,761,144,30.200000000000003,2.3000000000000003,911,50.11
2019,2,27,10,0,819,826,161,32.300000000000004,1.9000000000000001,910,37.19
2019,2,27,11,0,846,489,408,33.9,1.6,909,26.44
2019,2,27,12,0,989,884,166,34.9,1.6,908,21.41
2019,2,27,13,0,955,878,163,35.300000000000004,1.8,907,25.72
2019,2,27,14,0,830,799,185,35.2,1.8,906,36.18
2019,2,27,15,0,648,740,162,34.6,1.7000000000000002,906,48.980000000000004
2019,2,27,16,0,416,617,133,33.300000000000004,1.4000000000000001,906,62.71
2019,2,27,17,0,166,358,84,30.700000000000003,0.7000000000000001,906,76.85000000000001
2019,2,27,18,0,0,0,0,29.200000000000003,0.6000000000000001,907,91.29
2019,2,27,19,0,0,0,0,27.700000000000003,0.9,908,105.81
2019,2,27,20,0,0,0,0,26.1,1,909,120.39
2019,2,27,21,0,0,0,0,25.700000000000003,1.4000000000000001,909,135.01
2019,2,27,22,0,0,0,0,25.5,2,909,149.59
2019,2,27,23,0,0,0,0,25,2.3000000000000003,909,163.97
2019,2,28,0,0,0,0,0,24.200000000000003,2.2,908,175.22
2019,2,28,1,0,0,0,0,23.6,1.9000000000000001,908,165.06
2019,2,28,2,0,0,0,0,23,0.9,908,150.71
2019,2,28,3,0,0,0,0,22.400000000000002,0.1,908,136.13
2019,2,28,4,0,0,0,0,21.900000000000002,0.8,909,121.51
2019,2,28,5,0,0,0,0,21.200000000000003,1.8,910,106.91
2019,2,28,6,0,0,0,0,21,2.7,911,92.38
2019,2,28,7,0,124,102,103,22.5,3.5,912,77.9
2019,2,28,8,0,370,373,205,25.5,3.9000000000000004,912,63.72
2019,2,28,9,0,607,578,235,28.700000000000003,3.6,912,49.910000000000004
2019,2,28,10,0,789,649,270,31.1,2.9000000000000004,911,36.94
2019,2,28,11,0,950,851,186,32.800000000000004,2.2,910,26.11
2019,2,28,12,0,968,684,329,33.800000000000004,1.7000000000000002,909,21.03
2019,2,28,13,0,873,520,404,34.300000000000004,1.4000000000000001,908,25.44
2019,2,28,14,0,857,879,146,34.4,1.5,907,35.99
2019,2,28,15,0,670,815,133,33.800000000000004,1.7000000000000002,907,48.86
2019,2,28,16,0,432,696,112,32.6,1.9000000000000001,907,62.63
2019,2,28,17,0,176,446,74,29.400000000000002,1.1,907,76.79
2019,2,28,18,0,0,0,0,26.6,1.2000000000000002,908,91.25
2019,2,28,19,0,0,0,0,25.3,1.5,909,105.78
2019,2,28,20,0,0,0,0,24.3,1.7000000000000002,910,120.37
2019,2,28,21,0,0,0,0,23.700000000000003,1.8,910,134.98
2019,2,28,22,0,0,0,0,23.1,1.7000000000000002,910,149.56
2019,2,28,23,0,0,0,0,22.6,1.7000000000000002,910,163.89000000000001
2019,3,1,0,0,0,0,0,22.1,2,910,174.85
2019,3,1,1,0,0,0,0,21.900000000000002,2.7,909,164.88
2019,3,1,2,0,0,0,0,21.5,2.9000000000000004,909,150.59
2019,3,1,3,0,0,0,0,21,2.4000000000000004,909,136.01
2019,3,1,4,0,0,0,0,20.3,1.6,910,121.4
2019,3,1,5,0,0,0,0,19.6,0.9,910,106.79
2019,3,1,6,0,0,0,0,20.700000000000003,1.2000000000000002,911,92.25
2019,3,1,7,0,144,239,93,23.900000000000002,1.4000000000000001,912,77.75
2019,3,1,8,0,388,522,156,27.5,1.2000000000000002,912,63.56
2019,3,1,9,0,627,686,183,30.200000000000003,1.2000000000000002,912,49.71
2019,3,1,10,0,817,771,199,32.300000000000004,1.2000000000000002,911,36.69
2019,3,1,11,0,959,892,156,33.9,1.1,910,25.78
2019,3,1,12,0,1002,900,160,35,0.9,909,20.650000000000002
2019,3,1,13,0,961,886,160,35.6,0.7000000000000001,907,25.150000000000002
2019,3,1,14,0,838,828,166,35.7,0.8,907,35.81
2019,3,1,15,0,652,755,155,35,1.2000000000000002,906,48.75
2019,3,1,16,0,416,615,133,33.9,1.7000000000000002,907,62.550000000000004
2019,3,1,17,0,92,30,86,31.700000000000003,1.4000000000000001,907,76.73
2019,3,1,18,0,0,0,0,30.3,1.8,908,91.21000000000001
2019,3,1,19,0,0,0,0,29.6,2.9000000000000004,909,105.75
2019,3,1,20,0,0,0,0,28.400000000000002,3.9000000000000004,910,120.35000000000001
2019,3,1,21,0,0,0,0,26.700000000000003,5,911,134.96
2019,3,1,22,0,0,0,0,24.900000000000002,5.300000000000001,911,149.52
2019,3,1,23,0,0,0,0,23.400000000000002,5,911,163.8
2019,3,2,0,0,0,0,0,22.5,4.2,910,174.48
2019,3,2,1,0,0,0,0,22,3.4000000000000004,910,164.70000000000002
2019,3,2,2,0,0,0,0,21.700000000000003,3,909,150.46
2019,3,2,3,0,0,0,0,21.5,3,910,135.9
2019,3,2,4,0,0,0,0,21.400000000000002,3,910,121.28
2019,3,2,5,0,0,0,0,21.200000000000003,3.1,911,106.67
2019,3,2,6,0,0,0,0,21.5,3.7,912,92.12
2019,3,2,7,0,147,258,92,23.3,4.4,912,77.61
2019,3,2,8,0,357,443,159,26.5,4.4,913,63.39
2019,3,2,9,0,630,702,174,29.700000000000003,4.2,913,49.51
2019,3,2,10,0,819,784,188,32,3.8000000000000003,912,36.44
2019,3,2,11,0,831,460,415,33.7,3.2,911,25.44
2019,3,2,12,0,952,715,281,34.5,2.7,910,20.27
2019,3,2,13,0,912,698,279,34.800000000000004,2.3000000000000003,909,24.87
2019,3,2,14,0,819,760,201,34.7,2.3000000000000003,908,35.64
2019,3,2,15,0,636,682,185,33.5,2.6,908,48.63
2019,3,2,16,0,405,547,152,32.1,3,908,62.47
2019,3,2,17,0,161,290,94,30.6,2.8000000000000003,909,76.68
2019,3,2,18,0,0,0,0,29.400000000000002,2.7,910,91.17
2019,3,2,19,0,0,0,0,28.3,2.9000000000000004,911,105.72
2019,3,2,20,0,0,0,0,27.200000000000003,3.6,912,120.32000000000001
2019,3,2,21,0,0,0,0,26,4.4,913,134.93
2019,3,2,22,0,0,0,0,24.6,4.6000000000000005,913,149.48
2019,3,2,23,0,0,0,0,23.1,4.3,912,163.71
2019,3,3,0,0,0,0,0,21.8,3.8000000000000003,912,174.1
2019,3,3,1,0,0,0,0,20.900000000000002,3.4000000000000004,911,164.5
2019,3,3,2,0,0,0,0,20.400000000000002,3,910,150.32
2019,3,3,3,0,0,0,0,20,2.7,910,135.77
2019,3,3,4,0,0,0,0,19.900000000000002,2.6,910,121.16
2019,3,3,5,0,0,0,0,19.700000000000003,2.5,911,106.55
2019,3,3,6,0,0,0,0,20.200000000000003,2.7,912,91.99
2019,3,3,7,0,150,265,92,22.400000000000002,2.8000000000000003,912,77.46000000000001
2019,3,3,8,0,392,515,160,25.8,2.3000000000000003,913,63.22
2019,3,3,9,0,563,490,243,28.900000000000002,1.2000000000000002,913,49.31
2019,3,3,10,0,755,534,324,31,0.5,912,36.19
2019,3,3,11,0,945,845,180,32.2,1,911,25.11
2019,3,3,12,0,987,853,186,33.300000000000004,1.2000000000000002,910,19.89
2019,3,3,13,0,950,846,181,33.7,1.3,908,24.59
2019,3,3,14,0,825,776,193,34,1.4000000000000001,907,35.46
2019,3,3,15,0,642,704,176,33.6,1.5,907,48.52
2019,3,3,16,0,411,566,149,32.300000000000004,1.7000000000000002,907,62.4
2019,3,3,17,0,165,303,94,30.700000000000003,1.2000000000000002,908,76.63
2019,3,3,18,0,0,0,0,29.200000000000003,0.9,909,91.14
2019,3,3,19,0,0,0,0,28.900000000000002,1.4000000000000001,910,105.69
2019,3,3,20,0,0,0,0,28.3,1.9000000000000001,911,120.3
2019,3,3,21,0,0,0,0,27.5,2.3000000000000003,911,134.91
2019,3,3,22,0,0,0,0,26.400000000000002,2.7,911,149.44
2019,3,3,23,0,0,0,0,25,3.4000000000000004,911,163.61
2019,3,4,0,0,0,0,0,23.400000000000002,3.7,910,173.72
2019,3,4,1,0,0,0,0,22,3.7,910,164.3
2019,3,4,2,0,0,0,0,21,3.5,909,150.18
2019,3,4,3,0,0,0,0,20.3,3,909,135.65
2019,3,4,4,0,0,0,0,19.8,2.5,910,121.03
2019,3,4,5,0,0,0,0,19.400000000000002,2.1,910,106.42
2019,3,4,6,0,0,0,0,20.1,2.8000000000000003,911,91.85000000000001
2019,3,4,7,0,160,374,78,23.1,3.3000000000000003,912,77.31
2019,3,4,8,0,411,636,122,27.3,3.1,912,63.050000000000004
2019,3,4,9,0,599,593,211,30.400000000000002,2.3000000000000003,912,49.11
2019,3,4,10,0,830,826,162,32.6,1.6,911,35.93
2019,3,4,11,0,863,492,416,34.2,1,910,24.77
2019,3,4,12,0,982,827,202,35.300000000000004,0.5,909,19.5
2019,3,4,13,0,936,794,212,35.7,0.30000000000000004,908,24.310000000000002
2019,3,4,14,0,824,767,198,35.5,0.5,907,35.29
2019,3,4,15,0,637,673,190,34.6,0.7000000000000001,906,48.410000000000004
2019,3,4,16,0,404,522,161,33.4,0.9,907,62.33
2019,3,4,17,0,160,265,99,32,0.6000000000000001,907,76.58
2019,3,4,18,0,0,0,0,30.700000000000003,0.5,908,91.10000000000001
2019,3,4,19,0,0,0,0,30,0.7000000000000001,909,105.67
2019,3,4,20,0,0,0,0,29.3,1,910,120.28
2019,3,4,21,0,0,0,0,28.700000000000003,1.9000000000000001,910,134.88
2019,3,4,22,0,0,0,0,27.900000000000002,2.9000000000000004,910,149.4
2019,3,4,23,0,0,0,0,26.8,3.5,910,163.5
2019,3,5,0,0,0,0,0,25.700000000000003,4.1000000000000005,909,173.34
2019,3,5,1,0,0,0,0,24.8,4.2,909,164.09
2019,3,5,2,0,0,0,0,24,3.6,908,150.03
2019,3,5,3,0,0,0,0,23.1,2.7,908,135.51
2019,3,5,4,0,0,0,0,22.400000000000002,2,909,120.91
2019,3,5,5,0,0,0,0,21.700000000000003,1.3,909,106.29
2019,3,5,6,0,0,0,0,23,1.8,910,91.71000000000001
2019,3,5,7,0,151,271,91,26.400000000000002,1.7000000000000002,911,77.16
2019,3,5,8,0,356,413,168,29.700000000000003,1.5,911,62.88
2019,3,5,9,0,571,500,242,32.2,0.9,911,48.910000000000004
2019,3,5,10,0,746,508,334,34.1,0.6000000000000001,911,35.68
2019,3,5,11,0,857,478,422,35.4,0.6000000000000001,909,24.44
2019,3,5,12,0,976,792,228,35.9,0.8,908,19.11
2019,3,5,13,0,876,500,419,36.5,0.9,907,24.03
2019,3,5,14,0,735,478,344,36.6,1.1,906,35.13
2019,3,5,15,0,549,395,287,36,1.2000000000000002,906,48.31
2019,3,5,16,0,380,472,161,34.800000000000004,1.1,906,62.26
2019,3,5,17,0,159,254,100,33.1,0.7000000000000001,907,76.53
2019,3,5,18,0,0,0,0,31.6,0.7000000000000001,908,91.07000000000001
2019,3,5,19,0,0,0,0,30.700000000000003,0.8,909,105.64
2019,3,5,20,0,0,0,0,29.900000000000002,0.8,910,120.25
2019,3,5,21,0,0,0,0,29.1,0.8,910,134.85
2019,3,5,22,0,0,0,0,28.3,0.7000000000000001,910,149.35
2019,3,5,23,0,0,0,0,27.8,0.6000000000000001,910,163.38
2019,3,6,0,0,0,0,0,27.400000000000002,0.30000000000000004,909,172.96
2019,3,6,1,0,0,0,0,26.6,0.2,909,163.87
2019,3,6,2,0,0,0,0,25.6,0.4,908,149.87
2019,3,6,3,0,0,0,0,24.6,0.6000000000000001,908,135.38
2019,3,6,4,0,0,0,0,23,0.8,909,120.78
2019,3,6,5,0,0,0,0,21.700000000000003,0.9,910,106.16
2019,3,6,6,0,0,0,0,22.400000000000002,2.4000000000000004,911,91.57000000000001
2019,3,6,7,0,163,381,77,25.3,3.2,912,77.01
2019,3,6,8,0,417,651,119,29.200000000000003,3.2,912,62.71
2019,3,6,9,0,656,784,139,32,2.7,912,48.71
2019,3,6,10,0,849,858,150,34,2.2,911,35.43
2019,3,6,11,0,977,910,146,35.4,1.9000000000000001,910,24.1
2019,3,6,12,0,1021,924,146,36.300000000000004,1.8,909,18.73
2019,3,6,13,0,982,917,143,36.800000000000004,1.9000000000000001,908,23.76
2019,3,6,14,0,860,874,144,36.7,2,907,34.97
2019,3,6,15,0,673,812,131,36.1,2,907,48.21
2019,3,6,16,0,435,694,111,34.800000000000004,2,907,62.190000000000005
2019,3,6,17,0,178,442,75,31.700000000000003,1.1,908,76.49
2019,3,6,18,0,0,0,0,29,1.1,908,91.04
2019,3,6,19,0,0,0,0,28.3,1.4000000000000001,909,105.62
2019,3,6,20,0,0,0,0,27.700000000000003,1.7000000000000002,910,120.23
2019,3,6,21,0,0,0,0,27,1.9000000000000001,911,134.82
2019,3,6,22,0,0,0,0,26.200000000000003,1.7000000000000002,911,149.3
2019,3,6,23,0,0,0,0,25.200000000000003,1.4000000000000001,911,163.26
2019,3,7,0,0,0,0,0,24.5,1.1,910,172.57
2019,3,7,1,0,0,0,0,23.900000000000002,0.8,909,163.64000000000001
2019,3,7,2,0,0,0,0,23.1,0.7000000000000001,909,149.71
2019,3,7,3,0,0,0,0,22.6,0.7000000000000001,909,135.24
2019,3,7,4,0,0,0,0,22.1,0.8,909,120.64
2019,3,7,5,0,0,0,0,21.5,0.8,909,106.02
2019,3,7,6,0,0,0,0,22.900000000000002,1.2000000000000002,910,91.43
2019,3,7,7,0,170,403,79,27,1.9000000000000001,911,76.86
2019,3,7,8,0,430,680,116,31.3,1.3,911,62.54
2019,3,7,9,0,675,812,137,34.1,0.8,911,48.51
2019,3,7,10,0,867,877,150,36,1.4000000000000001,910,35.17
2019,3,7,11,0,995,924,149,37.4,1.7000000000000002,909,23.76
2019,3,7,12,0,1037,933,152,38.2,1.8,908,18.34
2019,3,7,13,0,995,923,149,38.5,1.7000000000000002,907,23.490000000000002
2019,3,7,14,0,878,899,140,38.400000000000006,1.8,906,34.81
2019,3,7,15,0,688,841,127,37.7,1.9000000000000001,905,48.11
2019,3,7,16,0,446,726,107,36.4,2,906,62.13
2019,3,7,17,0,184,476,72,32.4,1.2000000000000002,906,76.45
2019,3,7,18,0,0,0,0,29.1,1.5,907,91.01
2019,3,7,19,0,0,0,0,27.8,2,908,105.59
2019,3,7,20,0,0,0,0,26.5,2.2,909,120.21000000000001
2019,3,7,21,0,0,0,0,25,1.9000000000000001,910,134.79
2019,3,7,22,0,0,0,0,23.900000000000002,1.6,911,149.24
2019,3,7,23,0,0,0,0,23.3,1.6,910,163.13
2019,3,8,0,0,0,0,0,23,1.6,909,172.19
2019,3,8,1,0,0,0,0,22.8,1.6,909,163.4
2019,3,8,2,0,0,0,0,22.6,1.6,908,149.54
2019,3,8,3,0,0,0,0,22.200000000000003,1.5,909,135.09
2019,3,8,4,0,0,0,0,21.700000000000003,1.3,909,120.5
2019,3,8,5,0,0,0,0,21.3,1.2000000000000002,910,105.88
2019,3,8,6,0,0,0,0,22.900000000000002,2,911,91.29
2019,3,8,7,0,165,330,89,26.400000000000002,2.9000000000000004,912,76.7
2019,3,8,8,0,416,594,141,29.6,2.6,912,62.36
2019,3,8,9,0,650,721,171,32.2,2.2,912,48.300000000000004
2019,3,8,10,0,834,782,193,34.2,1.7000000000000002,912,34.92
2019,3,8,11,0,982,927,132,35.7,1.1,911,23.43
2019,3,8,12,0,1022,927,140,36.7,0.5,909,17.95
2019,3,8,13,0,977,907,144,37,0.4,908,23.23
2019,3,8,14,0,857,865,145,37,0.8,907,34.65
2019,3,8,15,0,667,791,139,36.300000000000004,1.3,907,48.02
2019,3,8,16,0,433,677,116,35.300000000000004,1.7000000000000002,908,62.07
2019,3,8,17,0,178,421,79,32.9,1.3,908,76.4
2019,3,8,18,0,0,0,0,30.5,1.5,909,90.98
2019,3,8,19,0,0,0,0,29.1,2.1,910,105.57000000000001
2019,3,8,20,0,0,0,0,27.900000000000002,2.6,911,120.18
2019,3,8,21,0,0,0,0,26.6,2.6,912,134.76
2019,3,8,22,0,0,0,0,25.3,2.4000000000000004,912,149.19
2019,3,8,23,0,0,0,0,24.5,2.8000000000000003,911,162.99
2019,3,9,0,0,0,0,0,24.200000000000003,3.4000000000000004,911,171.8
2019,3,9,1,0,0,0,0,23.8,3.8000000000000003,910,163.15
2019,3,9,2,0,0,0,0,23.400000000000002,3.8000000000000003,910,149.37
2019,3,9,3,0,0,0,0,22.900000000000002,3.4000000000000004,910,134.94
2019,3,9,4,0,0,0,0,22.3,2.7,911,120.36
2019,3,9,5,0,0,0,0,21.700000000000003,2.1,912,105.74000000000001
2019,3,9,6,0,0,0,0,22.700000000000003,3,913,91.14
2019,3,9,7,0,170,360,86,25.3,3.4000000000000004,914,76.55
2019,3,9,8,0,423,624,132,28.200000000000003,2.5,914,62.190000000000005
2019,3,9,9,0,658,751,156,30.900000000000002,2.2,914,48.1
2019,3,9,10,0,842,812,174,32.7,2.4000000000000004,913,34.660000000000004
2019,3,9,11,0,936,742,253,34,2.4000000000000004,912,23.09
2019,3,9,12,0,686,179,516,34.7,2.3000000000000003,911,17.56
2019,3,9,13,0,599,122,486,35.1,2.3000000000000003,910,22.97
2019,3,9,14,0,834,765,203,34.6,2.4000000000000004,909,34.5
2019,3,9,15,0,579,486,253,34.5,2.6,909,47.92
2019,3,9,16,0,414,552,155,33.5,2.7,909,62.01
2019,3,9,17,0,167,296,97,31.900000000000002,2.2,910,76.37
2019,3,9,18,0,0,0,0,30.700000000000003,1.8,911,90.95
2019,3,9,19,0,0,0,0,30.1,2.1,912,105.55
2019,3,9,20,0,0,0,0,29.400000000000002,2.4000000000000004,913,120.16
2019,3,9,21,0,0,0,0,28.6,2.6,913,134.73
2019,3,9,22,0,0,0,0,27.5,3,913,149.13
2019,3,9,23,0,0,0,0,26.5,4,913,162.85
2019,3,10,0,0,0,0,0,25.3,4.5,912,171.41
2019,3,10,1,0,0,0,0,24.3,4.2,912,162.9
2019,3,10,2,0,0,0,0,23.400000000000002,3.4000000000000004,911,149.19
2019,3,10,3,0,0,0,0,22.900000000000002,2.9000000000000004,911,134.79
2019,3,10,4,0,0,0,0,22.5,2.4000000000000004,912,120.22
2019,3,10,5,0,0,0,0,22.1,2.2,912,105.60000000000001
2019,3,10,6,0,0,0,0,22.5,3,913,90.99
2019,3,10,7,0,166,292,97,24.700000000000003,3.5,914,76.39
2019,3,10,8,0,416,563,152,27.700000000000003,3.1,914,62.01
2019,3,10,9,0,652,704,180,30.6,2.2,914,47.89
2019,3,10,10,0,837,771,201,32.800000000000004,1.9000000000000001,913,34.410000000000004
2019,3,10,11,0,982,904,148,34.5,1.9000000000000001,912,22.75
2019,3,10,12,0,1021,905,156,35.5,1.9000000000000001,911,17.17
2019,3,10,13,0,977,887,159,36,1.8,910,22.71
2019,3,10,14,0,840,791,188,36.1,1.7000000000000002,909,34.36
2019,3,10,15,0,628,627,208,35.7,1.9000000000000001,909,47.84
2019,3,10,16,0,415,550,156,34.4,2.1,909,61.95
2019,3,10,17,0,168,284,101,32.800000000000004,1.6,909,76.33
2019,3,10,18,0,0,0,0,31.400000000000002,1.3,910,90.92
2019,3,10,19,0,0,0,0,30.900000000000002,1.7000000000000002,911,105.53
2019,3,10,20,0,0,0,0,30.400000000000002,2.5,912,120.14
2019,3,10,21,0,0,0,0,29.6,3.5,913,134.69
2019,3,10,22,0,0,0,0,28.1,4.4,913,149.06
2019,3,10,23,0,0,0,0,26,5,913,162.69
2019,3,11,0,0,0,0,0,24.400000000000002,4.7,913,171.01
2019,3,11,1,0,0,0,0,23.700000000000003,4.4,912,162.64000000000001
2019,3,11,2,0,0,0,0,23.3,4,912,149
2019,3,11,3,0,0,0,0,22.900000000000002,3.5,912,134.63
2019,3,11,4,0,0,0,0,22.6,3.2,912,120.07000000000001
2019,3,11,5,0,0,0,0,22.400000000000002,2.8000000000000003,913,105.45
2019,3,11,6,0,0,0,0,22.700000000000003,3.1,914,90.84
2019,3,11,7,0,172,324,95,24.900000000000002,3.7,915,76.23
2019,3,11,8,0,425,599,143,28.1,3.8000000000000003,915,61.84
2019,3,11,9,0,663,741,164,30.8,3.5,915,47.69
2019,3,11,10,0,853,817,177,32.9,3.2,914,34.160000000000004
2019,3,11,11,0,986,890,163,34.5,3.1,913,22.41
2019,3,11,12,0,1027,900,165,35.5,3.1,912,16.77
2019,3,11,13,0,984,889,162,35.9,3,911,22.46
2019,3,11,14,0,867,871,147,35.9,3,910,34.22
2019,3,11,15,0,677,805,136,35.2,3.2,910,47.75
2019,3,11,16,0,438,681,117,33.9,3.4000000000000004,910,61.9
2019,3,11,17,0,180,418,81,31.5,2.6,911,76.29
2019,3,11,18,0,0,0,0,29.700000000000003,3,912,90.9
2019,3,11,19,0,0,0,0,29,4.1000000000000005,912,105.51
2019,3,11,20,0,0,0,0,27.700000000000003,4.2,913,120.11
2019,3,11,21,0,0,0,0,26.200000000000003,4.1000000000000005,914,134.66
2019,3,11,22,0,0,0,0,24.8,4,914,149
2019,3,11,23,0,0,0,0,23.5,3.3000000000000003,914,162.54
2019,3,12,0,0,0,0,0,22.400000000000002,2.3000000000000003,913,170.62
2019,3,12,1,0,0,0,0,21.400000000000002,1.6,912,162.38
2019,3,12,2,0,0,0,0,20.5,1.2000000000000002,912,148.81
2019,3,12,3,0,0,0,0,19.900000000000002,1.2000000000000002,912,134.47
2019,3,12,4,0,0,0,0,19.400000000000002,1.2000000000000002,913,119.92
2019,3,12,5,0,0,0,0,19,1.2000000000000002,913,105.3
2019,3,12,6,0,0,0,0,20.400000000000002,2,914,90.17
2019,3,12,7,0,183,401,86,23.8,2.8000000000000003,915,76.07000000000001
2019,3,12,8,0,439,651,130,27.400000000000002,3.3000000000000003,916,61.660000000000004
2019,3,12,9,0,678,774,155,30.200000000000003,3.6,916,47.49
2019,3,12,10,0,867,838,171,32.5,3.6,915,33.910000000000004
2019,3,12,11,0,992,896,162,34.2,3.6,914,22.07
2019,3,12,12,0,1031,903,165,35.2,3.6,913,16.38
2019,3,12,13,0,989,890,164,35.6,3.6,911,22.21
2019,3,12,14,0,868,859,156,35.4,3.6,911,34.08
2019,3,12,15,0,678,794,143,34.7,3.8000000000000003,910,47.67
2019,3,12,16,0,438,674,120,33.300000000000004,4,910,61.85
2019,3,12,17,0,182,427,80,30.700000000000003,3.2,911,76.26
2019,3,12,18,0,0,0,0,28.200000000000003,3.2,912,90.88
2019,3,12,19,0,0,0,0,27.3,4.4,913,105.48
2019,3,12,20,0,0,0,0,26,4.5,913,120.09
2019,3,12,21,0,0,0,0,24.8,4.6000000000000005,914,134.62
2019,3,12,22,0,0,0,0,23.5,4.3,914,148.92000000000002
2019,3,12,23,0,0,0,0,22.400000000000002,3.8000000000000003,913,162.37
2019,3,13,0,0,0,0,0,21.5,3,913,170.23
2019,3,13,1,0,0,0,0,20.5,2.2,912,162.1
2019,3,13,2,0,0,0,0,19.6,1.6,912,148.62
2019,3,13,3,0,0,0,0,18.900000000000002,1.2000000000000002,912,134.3
2019,3,13,4,0,0,0,0,18.400000000000002,1,912,119.77
2019,3,13,5,0,0,0,0,18.1,1,913,105.15
2019,3,13,6,0,0,0,0,19.900000000000002,1.4000000000000001,914,90.04
2019,3,13,7,0,188,437,82,24.1,2.6,914,75.91
2019,3,13,8,0,446,676,123,28.3,4.4,915,61.480000000000004
2019,3,13,9,0,685,792,147,30.900000000000002,4.800000000000001,915,47.28
2019,3,13,10,0,873,855,162,32.800000000000004,4.800000000000001,915,33.660000000000004
2019,3,13,11,0,996,906,154,34.2,4.7,914,21.740000000000002
2019,3,13,12,0,1037,917,156,35,4.6000000000000005,913,15.99
2019,3,13,13,0,995,907,153,35.300000000000004,4.6000000000000005,912,21.96
2019,3,13,14,0,871,869,150,35,4.6000000000000005,911,33.95
2019,3,13,15,0,680,804,138,34.2,4.7,911,47.6
2019,3,13,16,0,440,682,118,32.7,4.800000000000001,911,61.800000000000004
2019,3,13,17,0,181,431,79,30.1,4,912,76.23
2019,3,13,18,0,0,0,0,27.6,4.2,913,90.85000000000001
2019,3,13,19,0,0,0,0,26.3,4.7,914,105.46000000000001
2019,3,13,20,0,0,0,0,24.900000000000002,4.5,915,120.06
2019,3,13,21,0,0,0,0,23.8,4.5,915,134.58
2019,3,13,22,0,0,0,0,22.700000000000003,4.3,915,148.85
2019,3,13,23,0,0,0,0,21.6,3.8000000000000003,915,162.20000000000002
2019,3,14,0,0,0,0,0,20.6,3.2,914,169.83
2019,3,14,1,0,0,0,0,19.6,2.6,913,161.83
2019,3,14,2,0,0,0,0,18.900000000000002,2.3000000000000003,912,148.42000000000002
2019,3,14,3,0,0,0,0,18.400000000000002,2.1,912,134.14000000000001
2019,3,14,4,0,0,0,0,18,2,913,119.61
2019,3,14,5,0,0,0,0,17.6,1.8,913,105
2019,3,14,6,0,0,0,0,19.8,2.8000000000000003,914,89.91
2019,3,14,7,0,195,489,75,23.900000000000002,4,915,75.75
2019,3,14,8,0,455,717,110,27.8,6,915,61.31
2019,3,14,9,0,694,825,132,30.400000000000002,5.7,915,47.08
2019,3,14,10,0,882,881,146,32.6,5.2,915,33.410000000000004
2019,3,14,11,0,999,911,150,34.2,4.6000000000000005,914,21.400000000000002
2019,3,14,12,0,1037,914,157,35.300000000000004,4.1000000000000005,912,15.6
2019,3,14,13,0,993,898,158,35.800000000000004,3.8000000000000003,911,21.72
2019,3,14,14,0,870,864,152,35.6,3.6,910,33.82
2019,3,14,15,0,676,792,141,34.9,3.7,910,47.52
2019,3,14,16,0,435,667,120,33.4,3.8000000000000003,910,61.76
2019,3,14,17,0,178,419,78,30.400000000000002,2.6,911,76.2
2019,3,14,18,0,0,0,0,27.6,2.8000000000000003,912,90.31
2019,3,14,19,0,0,0,0,27,4.2,913,105.44
2019,3,14,20,0,0,0,0,25.8,4.6000000000000005,914,120.04
2019,3,14,21,0,0,0,0,24.5,4.5,914,134.54
2019,3,14,22,0,0,0,0,23.400000000000002,4.1000000000000005,914,148.77
2019,3,14,23,0,0,0,0,22.5,3.7,914,162.02
2019,3,15,0,0,0,0,0,21.6,3.2,913,169.44
2019,3,15,1,0,0,0,0,20.6,2.5,912,161.54
2019,3,15,2,0,0,0,0,19.700000000000003,1.8,912,148.21
2019,3,15,3,0,0,0,0,19,1.4000000000000001,912,133.96
2019,3,15,4,0,0,0,0,18.5,1.2000000000000002,912,119.45
2019,3,15,5,0,0,0,0,18.1,1.1,913,104.85000000000001
2019,3,15,6,0,0,0,0,20.200000000000003,1.5,914,89.77
2019,3,15,7,0,190,436,82,24.400000000000002,3.5,915,75.59
2019,3,15,8,0,447,671,123,27.8,4.9,915,61.13
2019,3,15,9,0,686,791,145,30.3,4.7,915,46.88
2019,3,15,10,0,876,856,159,32.4,4.3,915,33.160000000000004
2019,3,15,11,0,1003,908,155,34,3.9000000000000004,913,21.07
2019,3,15,12,0,1041,916,157,35.1,3.7,912,15.200000000000001
2019,3,15,13,0,998,907,155,35.6,3.6,911,21.490000000000002
2019,3,15,14,0,880,884,144,35.5,3.7,910,33.7
2019,3,15,15,0,688,823,132,34.800000000000004,3.9000000000000004,910,47.45
2019,3,15,16,0,447,709,111,33.4,4.1000000000000005,910,61.71
2019,3,15,17,0,186,471,74,30.3,3.1,911,76.17
2019,3,15,18,0,0,0,0,27.5,3.6,912,90.29
2019,3,15,19,0,0,0,0,26.5,4.800000000000001,913,105.42
2019,3,15,20,0,0,0,0,25,4.7,914,120.01
2019,3,15,21,0,0,0,0,23.700000000000003,4.4,914,134.5
2019,3,15,22,0,0,0,0,22.5,3.9000000000000004,914,148.69
2019,3,15,23,0,0,0,0,21.400000000000002,3.3000000000000003,914,161.84
2019,3,16,0,0,0,0,0,20.3,2.6,913,169.04
2019,3,16,1,0,0,0,0,19.3,2,912,161.25
2019,3,16,2,0,0,0,0,18.400000000000002,1.6,912,148.01
2019,3,16,3,0,0,0,0,17.6,1.3,912,133.79
2019,3,16,4,0,0,0,0,17,1.2000000000000002,912,119.29
2019,3,16,5,0,0,0,0,16.5,1.1,913,104.69
2019,3,16,6,0,0,0,0,18.6,1.9000000000000001,914,89.64
2019,3,16,7,0,203,509,75,23.1,3.4000000000000004,915,75.42
2019,3,16,8,0,466,737,108,27.200000000000003,4.4,915,60.95
2019,3,16,9,0,707,847,127,30,4.3,915,46.68
2019,3,16,10,0,897,903,139,32.300000000000004,4.2,914,32.910000000000004
2019,3,16,11,0,1019,940,140,34.1,4.1000000000000005,913,20.73
2019,3,16,12,0,1058,946,143,35.2,4.1000000000000005,912,14.81
2019,3,16,13,0,1011,932,142,35.6,4.1000000000000005,911,21.26
2019,3,16,14,0,888,903,135,35.4,4.1000000000000005,910,33.58
2019,3,16,15,0,694,841,125,34.5,4.2,910,47.39
2019,3,16,16,0,449,720,107,32.9,4.3,910,61.67
2019,3,16,17,0,186,473,73,30.1,3.4000000000000004,911,76.15
2019,3,16,18,0,0,0,0,27.400000000000002,3.6,912,90.27
2019,3,16,19,0,0,0,0,26.5,4.800000000000001,913,105.4
2019,3,16,20,0,0,0,0,25.200000000000003,4.7,914,119.99000000000001
2019,3,16,21,0,0,0,0,24,4.1000000000000005,914,134.46
2019,3,16,22,0,0,0,0,22.8,3.7,914,148.61
2019,3,16,23,0,0,0,0,21.5,3,913,161.65
2019,3,17,0,0,0,0,0,20.1,2.2,913,168.64000000000001
2019,3,17,1,0,0,0,0,18.8,1.5,912,160.96
2019,3,17,2,0,0,0,0,17.7,1.2000000000000002,912,147.79
2019,3,17,3,0,0,0,0,16.900000000000002,1,912,133.61
2019,3,17,4,0,0,0,0,16.2,1,912,119.12
2019,3,17,5,0,0,0,0,15.600000000000001,1,913,104.53
2019,3,17,6,0,0,0,0,17.6,1.6,914,89.5
2019,3,17,7,0,217,589,67,22,2.5,915,75.26
2019,3,17,8,0,488,805,95,26.400000000000002,2.7,915,60.78
2019,3,17,9,0,730,900,109,29.6,2.8000000000000003,915,46.480000000000004
2019,3,17,10,0,921,952,120,32.1,3,914,32.67
2019,3,17,11,0,1047,997,112,33.9,3.2,913,20.400000000000002
2019,3,17,12,0,1083,1001,113,35.1,3.4000000000000004,912,14.42
2019,3,17,13,0,1038,992,113,35.6,3.5,910,21.04
2019,3,17,14,0,901,931,125,35.5,3.5,910,33.47
2019,3,17,15,0,705,869,116,34.800000000000004,3.5,909,47.32
2019,3,17,16,0,460,760,99,33.4,3.5,910,61.64
2019,3,17,17,0,194,528,67,29.900000000000002,2.1,910,76.12
2019,3,17,18,0,0,0,0,26.6,1.9000000000000001,911,90.25
2019,3,17,19,0,0,0,0,25.8,2.5,912,105.38
2019,3,17,20,0,0,0,0,25,3.3000000000000003,912,119.96000000000001
2019,3,17,21,0,0,0,0,24,3.9000000000000004,913,134.41
2019,3,17,22,0,0,0,0,22.900000000000002,4,913,148.52
2019,3,17,23,0,0,0,0,21.8,3.8000000000000003,912,161.46
2019,3,18,0,0,0,0,0,20.700000000000003,3.4000000000000004,912,168.24
2019,3,18,1,0,0,0,0,19.6,3,911,160.66
2019,3,18,2,0,0,0,0,18.8,2.6,911,147.58
2019,3,18,3,0,0,0,0,18.2,2.2,911,133.43
2019,3,18,4,0,0,0,0,17.8,1.8,912,118.96000000000001
2019,3,18,5,0,0,0,0,17.7,1.8,913,104.37
2019,3,18,6,0,0,0,0,19,2.8000000000000003,914,89.36
2019,3,18,7,0,201,451,85,22.6,3.6,915,75.10000000000001
2019,3,18,8,0,458,682,123,26.400000000000002,3.4000000000000004,915,60.6
2019,3,18,9,0,696,798,144,29.400000000000002,2.7,915,46.28
2019,3,18,10,0,883,861,156,31.700000000000003,1.8,914,32.42
2019,3,18,11,0,1000,890,165,33.5,1.3,913,20.07
2019,3,18,12,0,1038,899,165,34.800000000000004,1.2000000000000002,912,14.02
2019,3,18,13,0,993,888,163,35.6,1.4000000000000001,911,20.82
2019,3,18,14,0,875,879,141,35.800000000000004,1.6,910,33.36
2019,3,18,15,0,684,815,130,35.300000000000004,1.9000000000000001,909,47.26
2019,3,18,16,0,441,678,118,34.2,2.1,909,61.6
2019,3,18,17,0,182,419,81,31.700000000000003,1.4000000000000001,910,76.10000000000001
2019,3,18,18,0,0,0,0,29.1,1.4000000000000001,910,90.24
2019,3,18,19,0,0,0,0,28,1.9000000000000001,911,105.37
2019,3,18,20,0,0,0,0,27.1,2.9000000000000004,912,119.93
2019,3,18,21,0,0,0,0,25.900000000000002,3.9000000000000004,913,134.36
2019,3,18,22,0,0,0,0,24.3,4.9,913,148.43
2019,3,18,23,0,0,0,0,22.6,4.800000000000001,913,161.26
2019,3,19,0,0,0,0,0,21.400000000000002,4.1000000000000005,912,167.85
2019,3,19,1,0,0,0,0,20.5,3.4000000000000004,911,160.36
2019,3,19,2,0,0,0,0,20,3.1,911,147.35
2019,3,19,3,0,0,0,0,19.5,2.8000000000000003,911,133.24
2019,3,19,4,0,0,0,0,19.1,2.6,911,118.79
2019,3,19,5,0,0,0,0,18.8,2.3000000000000003,911,104.21000000000001
2019,3,19,6,0,0,0,0,19.8,3.1,912,89.22
2019,3,19,7,0,204,475,81,23.400000000000002,3.9000000000000004,913,74.93
2019,3,19,8,0,462,700,116,27.200000000000003,3.8000000000000003,913,60.43
2019,3,19,9,0,697,808,136,30.3,3.1,913,46.08
2019,3,19,10,0,882,862,153,32.7,2.3000000000000003,912,32.18
2019,3,19,11,0,1001,906,148,34.4,1.6,911,19.740000000000002
2019,3,19,12,0,1037,910,153,35.5,1.2000000000000002,909,13.63
2019,3,19,13,0,989,893,153,36.1,1,908,20.61
2019,3,19,14,0,853,810,176,36.2,1,907,33.25
2019,3,19,15,0,660,716,174,35.7,1.2000000000000002,907,47.21
2019,3,19,16,0,420,551,157,34.4,1.4000000000000001,907,61.57
2019,3,19,17,0,170,289,100,32.7,1.1,908,76.08
2019,3,19,18,0,0,0,0,31.1,1,908,90.23
2019,3,19,19,0,0,0,0,30.6,1.5,909,105.35000000000001
2019,3,19,20,0,0,0,0,30.1,2.4000000000000004,910,119.9
2019,3,19,21,0,0,0,0,29.1,3.6,911,134.31
2019,3,19,22,0,0,0,0,27.5,4.5,911,148.34
2019,3,19,23,0,0,0,0,25.5,4.9,911,161.05
2019,3,20,0,0,0,0,0,23.8,4.5,910,167.45000000000002
2019,3,20,1,0,0,0,0,22.8,3.9000000000000004,910,160.05
2019,3,20,2,0,0,0,0,22.1,3.3000000000000003,909,147.13
2019,3,20,3,0,0,0,0,21.6,3.1,909,133.05
2019,3,20,4,0,0,0,0,21.200000000000003,2.8000000000000003,910,118.62
2019,3,20,5,0,0,0,0,20.700000000000003,2.5,910,104.05
2019,3,20,6,0,0,0,0,21.6,3.5,911,89.08
2019,3,20,7,0,196,381,96,24.5,4.5,912,74.77
2019,3,20,8,0,447,608,145,27.700000000000003,4.4,913,60.25
2019,3,20,9,0,680,730,172,30.400000000000002,4.1000000000000005,913,45.89
2019,3,20,10,0,866,801,186,32.6,3.7,912,31.94
2019,3,20,11,0,985,840,193,34.2,3.4000000000000004,911,19.41
2019,3,20,12,0,1022,848,196,35.1,3.2,910,13.24
2019,3,20,13,0,979,842,189,35.5,2.9000000000000004,909,20.400000000000002
2019,3,20,14,0,857,810,178,35.6,2.8000000000000003,908,33.15
2019,3,20,15,0,666,738,164,35.1,2.8000000000000003,908,47.15
2019,3,20,16,0,429,607,140,33.800000000000004,2.9000000000000004,908,61.54
2019,3,20,17,0,176,358,90,31.700000000000003,2.2,908,76.06
2019,3,20,18,0,0,0,0,29.8,2.1,909,90.22
2019,3,20,19,0,0,0,0,29.1,3.2,910,105.33
2019,3,20,20,0,0,0,0,28,3.8000000000000003,911,119.87
2019,3,20,21,0,0,0,0,26.700000000000003,4,911,134.26
2019,3,20,22,0,0,0,0,25.1,4,912,148.24
2019,3,20,23,0,0,0,0,23.700000000000003,4.6000000000000005,911,160.84
2019,3,21,0,0,0,0,0,22.6,4.1000000000000005,911,167.05
2019,3,21,1,0,0,0,0,21.900000000000002,3.9000000000000004,910,159.74
2019,3,21,2,0,0,0,0,21.3,3.2,910,146.9
2019,3,21,3,0,0,0,0,20.700000000000003,2.5,910,132.86
2019,3,21,4,0,0,0,0,20,1.8,910,118.45
2019,3,21,5,0,0,0,0,19.400000000000002,1.3,911,103.89
2019,3,21,6,0,7,16,7,20.8,2.4000000000000004,912,88.93
2019,3,21,7,0,202,415,92,24.1,3.4000000000000004,913,74.61
2019,3,21,8,0,457,639,139,27.6,3.3000000000000003,914,60.08
2019,3,21,9,0,694,756,166,30.400000000000002,2.6,914,45.69
2019,3,21,10,0,878,818,182,32.5,1.9000000000000001,913,31.71
2019,3,21,11,0,1007,896,161,34.2,1.5,912,19.09
2019,3,21,12,0,1047,908,162,35.300000000000004,1.3,911,12.85
2019,3,21,13,0,1002,902,155,35.9,1.2000000000000002,910,20.2
2019,3,21,14,0,869,833,171,35.9,1.2000000000000002,909,33.06
2019,3,21,15,0,677,765,157,35.4,1.4000000000000001,908,47.1
2019,3,21,16,0,435,634,133,34.300000000000004,1.7000000000000002,909,61.51
2019,3,21,17,0,179,371,90,31.8,1.2000000000000002,909,76.04
2019,3,21,18,0,0,0,0,29.6,1.4000000000000001,910,90.2
2019,3,21,19,0,0,0,0,29,2.3000000000000003,911,105.31
2019,3,21,20,0,0,0,0,28.1,3.4000000000000004,912,119.84
2019,3,21,21,0,0,0,0,26.700000000000003,4,913,134.21
2019,3,21,22,0,0,0,0,25,3.6,913,148.13
2019,3,21,23,0,0,0,0,23.400000000000002,3.5,913,160.62
2019,3,22,0,0,0,0,0,22.1,3.3000000000000003,912,166.65
2019,3,22,1,0,0,0,0,21.1,2.9000000000000004,912,159.42000000000002
2019,3,22,2,0,0,0,0,20.400000000000002,2.6,911,146.67000000000002
2019,3,22,3,0,0,0,0,19.8,2.3000000000000003,911,132.67000000000002
2019,3,22,4,0,0,0,0,19.200000000000003,1.9000000000000001,912,118.27
2019,3,22,5,0,0,0,0,18.7,1.5,913,103.72
2019,3,22,6,0,9,28,9,20,2.4000000000000004,914,88.78
2019,3,22,7,0,212,472,85,23.700000000000003,3.1,914,74.44
2019,3,22,8,0,469,689,124,27.700000000000003,2.9000000000000004,915,59.9
2019,3,22,9,0,705,796,147,30.900000000000002,2.2,915,45.5
2019,3,22,10,0,889,854,161,33.300000000000004,1.6,914,31.470000000000002
2019,3,22,11,0,1007,889,165,35,1.3,913,18.77
2019,3,22,12,0,1043,900,164,36.1,1.2000000000000002,911,12.46
2019,3,22,13,0,995,886,162,36.6,1.2000000000000002,910,20.01
2019,3,22,14,0,863,819,176,36.6,1.3,909,32.97
2019,3,22,15,0,671,746,163,36.2,1.5,909,47.050000000000004
2019,3,22,16,0,430,597,145,35.1,1.7000000000000002,909,61.480000000000004
2019,3,22,17,0,175,335,94,32.9,1.2000000000000002,909,76.02
2019,3,22,18,0,0,0,0,30.6,1.1,910,90.19
2019,3,22,19,0,0,0,0,29.8,1.7000000000000002,911,105.29
2019,3,22,20,0,0,0,0,28.900000000000002,2.5,911,119.81
2019,3,22,21,0,0,0,0,27.400000000000002,2.8000000000000003,912,134.15
2019,3,22,22,0,0,0,0,26.1,3.1,912,148.03
2019,3,22,23,0,0,0,0,24.700000000000003,3.1,912,160.4
2019,3,23,0,0,0,0,0,23.400000000000002,2.6,912,166.25
2019,3,23,1,0,0,0,0,22.3,2.1,911,159.11
2019,3,23,2,0,0,0,0,21.6,2.1,911,146.43
2019,3,23,3,0,0,0,0,20.900000000000002,2.3000000000000003,911,132.47
2019,3,23,4,0,0,0,0,20.400000000000002,2.5,912,118.10000000000001
2019,3,23,5,0,0,0,0,20.1,2.6,912,103.56
2019,3,23,6,0,8,13,8,21,3.1,913,88.64
2019,3,23,7,0,203,373,102,24,3.3000000000000003,914,74.28
2019,3,23,8,0,455,594,155,28.400000000000002,2.7,914,59.730000000000004
2019,3,23,9,0,686,707,188,31.700000000000003,1.9000000000000001,914,45.31
2019,3,23,10,0,866,765,212,34,1.3,913,31.240000000000002
2019,3,23,11,0,995,854,185,35.6,0.8,912,18.45
2019,3,23,12,0,1031,860,189,36.6,0.6000000000000001,910,12.07
2019,3,23,13,0,984,853,182,37.2,0.6000000000000001,909,19.82
2019,3,23,14,0,856,799,185,37.300000000000004,0.6000000000000001,908,32.88
2019,3,23,15,0,663,708,180,36.800000000000004,0.9,908,47.01
2019,3,23,16,0,423,553,159,35.6,1.3,908,61.46
2019,3,23,17,0,171,286,102,33.6,1,908,76
2019,3,23,18,0,0,0,0,31.700000000000003,1,909,90.18
2019,3,23,19,0,0,0,0,31.200000000000003,1.5,910,105.27
2019,3,23,20,0,0,0,0,30.6,2.3000000000000003,911,119.78
2019,3,23,21,0,0,0,0,29.700000000000003,3.3000000000000003,912,134.09
2019,3,23,22,0,0,0,0,28.1,4.5,912,147.92000000000002
2019,3,23,23,0,0,0,0,26.3,4.6000000000000005,912,160.17000000000002
2019,3,24,0,0,0,0,0,25,4.1000000000000005,911,165.85
2019,3,24,1,0,0,0,0,24.1,3.6,911,158.79
2019,3,24,2,0,0,0,0,23.400000000000002,3.2,911,146.20000000000002
2019,3,24,3,0,0,0,0,22.900000000000002,2.8000000000000003,911,132.28
2019,3,24,4,0,0,0,0,22.200000000000003,1.9000000000000001,911,117.92
2019,3,24,5,0,0,0,0,21.900000000000002,1.6,912,103.39
2019,3,24,6,0,10,19,9,23,2.4000000000000004,912,88.49
2019,3,24,7,0,210,415,97,26.6,3,913,74.12
2019,3,24,8,0,465,634,144,30.200000000000003,2.7,913,59.56
2019,3,24,9,0,699,749,170,32.9,2.2,913,45.12
2019,3,24,10,0,883,812,186,35,2.2,912,31.02
2019,3,24,11,0,1006,875,175,36.5,2.4000000000000004,911,18.13
2019,3,24,12,0,1043,888,174,37.5,2.7,910,11.69
2019,3,24,13,0,997,878,171,38.1,3,908,19.64
2019,3,24,14,0,731,439,362,37.9,3.3000000000000003,907,32.8
2019,3,24,15,0,628,597,221,37.300000000000004,3.6,907,46.97
2019,3,24,16,0,424,555,158,36,3.9000000000000004,907,61.43
2019,3,24,17,0,171,299,99,33.6,3.1,908,75.99
2019,3,24,18,0,0,0,0,31,2.5,908,90.16
2019,3,24,19,0,0,0,0,29.900000000000002,3.4000000000000004,910,105.25
2019,3,24,20,0,0,0,0,28.6,3.8000000000000003,911,119.74000000000001
2019,3,24,21,0,0,0,0,27.3,3.8000000000000003,911,134.03
2019,3,24,22,0,0,0,0,26,3.6,911,147.81
2019,3,24,23,0,0,0,0,24.700000000000003,3.2,911,159.94
2019,3,25,0,0,0,0,0,23.5,2.6,910,165.46
2019,3,25,1,0,0,0,0,22.6,2.2,910,158.47
2019,3,25,2,0,0,0,0,21.8,2,909,145.96
2019,3,25,3,0,0,0,0,21.1,1.9000000000000001,910,132.08
2019,3,25,4,0,0,0,0,20.5,1.6,910,117.74000000000001
2019,3,25,5,0,0,0,0,20.200000000000003,1.6,911,103.22
2019,3,25,6,0,10,18,10,21.8,2.6,912,88.34
2019,3,25,7,0,210,384,104,25.400000000000002,3.4000000000000004,913,73.95
2019,3,25,8,0,465,613,153,29.200000000000003,3.7,913,59.39
2019,3,25,9,0,701,736,179,32.2,3.7,913,44.93
2019,3,25,10,0,887,805,195,34.4,3.6,912,30.79
2019,3,25,11,0,1009,867,184,36.1,3.5,911,17.82
2019,3,25,12,0,1046,876,186,37.1,3.5,910,11.3
2019,3,25,13,0,998,864,184,37.6,3.6,909,19.47
2019,3,25,14,0,876,844,166,37.6,3.7,908,32.730000000000004
2019,3,25,15,0,680,771,154,36.9,3.9000000000000004,908,46.93
2019,3,25,16,0,439,643,131,35.5,4.1000000000000005,908,61.410000000000004
2019,3,25,17,0,181,390,86,32.9,3.2,909,75.97
2019,3,25,18,0,0,0,0,29.900000000000002,3,910,90.15
2019,3,25,19,0,0,0,0,29,4.2,911,105.22
2019,3,25,20,0,0,0,0,27.6,4.3,912,119.71000000000001
2019,3,25,21,0,0,0,0,26.400000000000002,4.1000000000000005,912,133.97
2019,3,25,22,0,0,0,0,25.3,3.9000000000000004,912,147.69
2019,3,25,23,0,0,0,0,24,3.1,912,159.70000000000002
2019,3,26,0,0,0,0,0,22.900000000000002,2.2,911,165.06
2019,3,26,1,0,0,0,0,22.1,1.8,911,158.14000000000001
2019,3,26,2,0,0,0,0,21.5,1.7000000000000002,911,145.71
2019,3,26,3,0,0,0,0,20.900000000000002,1.5,911,131.88
2019,3,26,4,0,0,0,0,20.400000000000002,1.4000000000000001,911,117.57000000000001
2019,3,26,5,0,0,0,0,19.8,1.4000000000000001,912,103.06
2019,3,26,6,0,11,19,11,21.700000000000003,2.5,913,88.19
2019,3,26,7,0,212,373,108,25.3,3.5,913,73.79
2019,3,26,8,0,466,593,162,28.8,3.7,914,59.22
2019,3,26,9,0,699,715,192,31.6,3.7,914,44.75
2019,3,26,10,0,883,784,208,33.800000000000004,3.7,913,30.57
2019,3,26,11,0,1023,915,151,35.4,3.8000000000000003,912,17.51
2019,3,26,12,0,1055,911,160,36.4,3.8000000000000003,911,10.92
2019,3,26,13,0,1006,896,160,36.9,3.8000000000000003,910,19.3
2019,3,26,14,0,871,826,175,36.800000000000004,3.9000000000000004,910,32.65
2019,3,26,15,0,675,748,164,36.1,4.1000000000000005,909,46.9
2019,3,26,16,0,433,612,140,34.6,4.3,910,61.39
2019,3,26,17,0,178,362,90,32.2,3.4000000000000004,910,75.96000000000001
2019,3,26,18,0,0,0,0,29.3,2.9000000000000004,911,90.14
2019,3,26,19,0,0,0,0,28.400000000000002,3.8000000000000003,912,105.2
2019,3,26,20,0,0,0,0,27.400000000000002,3.9000000000000004,913,119.67
2019,3,26,21,0,0,0,0,26.400000000000002,3.7,914,133.91
2019,3,26,22,0,0,0,0,25.3,3.6,914,147.57
2019,3,26,23,0,0,0,0,24.1,3.1,913,159.46
2019,3,27,0,0,0,0,0,22.8,2.2,913,164.66
2019,3,27,1,0,0,0,0,21.8,1.6,912,157.82
2019,3,27,2,0,0,0,0,21.1,1.4000000000000001,912,145.47
2019,3,27,3,0,0,0,0,20.6,1.3,912,131.67000000000002
2019,3,27,4,0,0,0,0,20.200000000000003,1.2000000000000002,913,117.39
2019,3,27,5,0,0,0,0,19.900000000000002,1.1,914,102.89
2019,3,27,6,0,12,16,12,21.700000000000003,1.9000000000000001,915,88.04
2019,3,27,7,0,216,398,104,25.1,2.5,915,73.63
2019,3,27,8,0,473,629,149,28.8,2.3000000000000003,916,59.06
2019,3,27,9,0,711,756,173,31.900000000000002,2.6,915,44.56
2019,3,27,10,0,896,823,186,34.300000000000004,3.1,915,30.35
2019,3,27,11,0,1018,875,182,36,3.5,913,17.21
2019,3,27,12,0,1054,879,190,37.1,3.9000000000000004,912,10.540000000000001
2019,3,27,13,0,1003,863,188,37.6,4.1000000000000005,911,19.14
2019,3,27,14,0,875,823,182,37.6,4.3,910,32.59
2019,3,27,15,0,679,749,167,36.9,4.4,910,46.86
2019,3,27,16,0,438,620,141,35.5,4.4,910,61.370000000000005
2019,3,27,17,0,180,365,91,32.6,3.2,911,75.95
2019,3,27,18,0,0,0,0,29.200000000000003,2.8000000000000003,912,90.12
2019,3,27,19,0,0,0,0,28.3,3.7,913,105.18
2019,3,27,20,0,0,0,0,27.1,4.1000000000000005,914,119.63
2019,3,27,21,0,0,0,0,25.900000000000002,4.2,914,133.84
2019,3,27,22,0,0,0,0,24.8,4,914,147.44
2019,3,27,23,0,0,0,0,23.700000000000003,3.7,914,159.22
2019,3,28,0,0,0,0,0,22.5,3.2,913,164.27
2019,3,28,1,0,0,0,0,21.5,2.7,912,157.49
2019,3,28,2,0,0,0,0,20.700000000000003,2.2,912,145.22
2019,3,28,3,0,0,0,0,20,1.9000000000000001,912,131.47
2019,3,28,4,0,0,0,0,19.400000000000002,1.7000000000000002,913,117.2
2019,3,28,5,0,0,0,0,18.900000000000002,1.5,914,102.72
2019,3,28,6,0,12,12,12,20.6,2.4000000000000004,914,87.89
2019,3,28,7,0,215,372,109,24.1,2.3000000000000003,915,73.47
2019,3,28,8,0,471,599,161,28.900000000000002,1.2000000000000002,915,58.89
2019,3,28,9,0,706,721,191,32.800000000000004,2,915,44.38
2019,3,28,10,0,892,789,209,35.2,2.9000000000000004,914,30.14
2019,3,28,11,0,1024,892,171,37,3.5,912,16.91
2019,3,28,12,0,1058,897,175,38.1,3.9000000000000004,911,10.16
2019,3,28,13,0,1009,884,173,38.7,4.3,910,18.990000000000002
2019,3,28,14,0,877,833,175,38.6,4.6000000000000005,909,32.52
2019,3,28,15,0,683,765,159,37.800000000000004,4.6000000000000005,908,46.83
2019,3,28,16,0,439,638,133,36.4,4.5,908,61.36
2019,3,28,17,0,181,387,87,33.4,3,909,75.93
2019,3,28,18,0,0,0,0,29.900000000000002,2.3000000000000003,910,90.11
2019,3,28,19,0,0,0,0,28.8,2.9000000000000004,911,105.16
2019,3,28,20,0,0,0,0,27.6,3.5,912,119.59
2019,3,28,21,0,0,0,0,26.5,3.9000000000000004,913,133.77
2019,3,28,22,0,0,0,0,25.400000000000002,3.8000000000000003,913,147.32
2019,3,28,23,0,0,0,0,24.200000000000003,3,912,158.97
2019,3,29,0,0,0,0,0,23.200000000000003,2.3000000000000003,911,163.87
2019,3,29,1,0,0,0,0,22.5,2,911,157.16
2019,3,29,2,0,0,0,0,21.8,1.9000000000000001,910,144.97
2019,3,29,3,0,0,0,0,21,1.7000000000000002,910,131.26
2019,3,29,4,0,0,0,0,20.400000000000002,1.6,911,117.02
2019,3,29,5,0,0,0,0,19.900000000000002,1.5,911,102.56
2019,3,29,6,0,15,25,14,22.3,2.3000000000000003,912,87.74
2019,3,29,7,0,224,421,103,26.400000000000002,2.8000000000000003,912,73.31
2019,3,29,8,0,479,626,154,30.400000000000002,2.2,913,58.730000000000004
2019,3,29,9,0,709,729,186,33.300000000000004,0.9,912,44.21
2019,3,29,10,0,890,790,206,35.6,0.9,912,29.93
2019,3,29,11,0,1017,874,179,37.1,1.4000000000000001,911,16.61
2019,3,29,12,0,1047,879,182,38.1,1.7000000000000002,909,9.78
2019,3,29,13,0,999,865,180,38.5,1.8,908,18.84
2019,3,29,14,0,858,778,202,38.5,2.1,907,32.46
2019,3,29,15,0,662,690,190,37.9,2.6,907,46.81
2019,3,29,16,0,423,544,162,36.6,3,907,61.34
2019,3,29,17,0,171,285,102,33.800000000000004,2,907,75.92
2019,3,29,18,0,0,0,0,31,1.6,908,90.10000000000001
2019,3,29,19,0,0,0,0,30.1,2,909,105.13
2019,3,29,20,0,0,0,0,29.200000000000003,2.7,910,119.55
2019,3,29,21,0,0,0,0,28.3,3.1,911,133.7
2019,3,29,22,0,0,0,0,27,3.5,912,147.18
2019,3,29,23,0,0,0,0,25.6,3.6,911,158.71
2019,3,30,0,0,0,0,0,24.400000000000002,3.3000000000000003,911,163.48
2019,3,30,1,0,0,0,0,23.5,3,910,156.83
2019,3,30,2,0,0,0,0,22.8,2.8000000000000003,910,144.72
2019,3,30,3,0,0,0,0,22.1,2.6,910,131.06
2019,3,30,4,0,0,0,0,21.5,2.3000000000000003,910,116.84
2019,3,30,5,0,0,0,0,21,1.9000000000000001,911,102.39
2019,3,30,6,0,13,18,13,22.700000000000003,2.9000000000000004,911,87.59
2019,3,30,7,0,216,348,115,26.6,3.9000000000000004,912,73.16
2019,3,30,8,0,468,568,172,30,3.8000000000000003,913,58.57
2019,3,30,9,0,700,693,202,32.5,3,912,44.03
2019,3,30,10,0,884,768,218,34.6,2.5,912,29.73
2019,3,30,11,0,1005,836,202,36.2,2.3000000000000003,911,16.32
2019,3,30,12,0,1036,838,210,37.300000000000004,2.3000000000000003,909,9.4
2019,3,30,13,0,985,819,210,37.7,2.4000000000000004,908,18.71
2019,3,30,14,0,857,780,199,37.7,2.5,908,32.410000000000004
2019,3,30,15,0,664,704,182,37.2,2.7,907,46.78
2019,3,30,16,0,426,564,155,36,2.9000000000000004,908,61.33
2019,3,30,17,0,172,302,99,33.1,1.7000000000000002,908,75.91
2019,3,30,18,0,0,0,0,30.200000000000003,1.5,909,90.09
2019,3,30,19,0,0,0,0,29.400000000000002,2,910,105.11
2019,3,30,20,0,0,0,0,28.400000000000002,2.5,911,119.51
2019,3,30,21,0,0,0,0,27.1,2.9000000000000004,911,133.62
2019,3,30,22,0,0,0,0,26.1,3.2,912,147.05
2019,3,30,23,0,0,0,0,25.3,3.6,911,158.46
2019,3,31,0,0,0,0,0,24.6,3.7,911,163.08
2019,3,31,1,0,0,0,0,23.6,2.9000000000000004,911,156.5
2019,3,31,2,0,0,0,0,22.700000000000003,2.2,911,144.47
2019,3,31,3,0,0,0,0,22,1.9000000000000001,911,130.85
2019,3,31,4,0,0,0,0,21.400000000000002,1.5,911,116.66
2019,3,31,5,0,0,0,0,21,1.3,912,102.22
2019,3,31,6,0,18,37,16,23,2.1,912,87.43
2019,3,31,7,0,229,441,101,26.8,2.8000000000000003,913,73
2019,3,31,8,0,486,657,141,29.900000000000002,2.7,913,58.410000000000004
2019,3,31,9,0,720,775,162,32.6,2,913,43.86
2019,3,31,10,0,903,839,173,34.7,1.4000000000000001,912,29.52
2019,3,31,11,0,1026,903,158,36.4,1.4000000000000001,911,16.04
2019,3,31,12,0,1055,903,163,37.5,1.7000000000000002,910,9.03
2019,3,31,13,0,1004,887,163,38,1.9000000000000001,909,18.580000000000002
2019,3,31,14,0,707,379,387,37.9,2.1,908,32.36
2019,3,31,15,0,629,595,221,37.300000000000004,2.4000000000000004,908,46.76
2019,3,31,16,0,434,616,138,36.1,2.5,908,61.32
2019,3,31,17,0,178,361,90,33.7,1.7000000000000002,908,75.9
2019,3,31,18,0,0,0,0,30.6,1.3,909,90.07000000000001
2019,3,31,19,0,0,0,0,29.700000000000003,1.7000000000000002,910,105.08
2019,3,31,20,0,0,0,0,28.8,2.1,911,119.46000000000001
2019,3,31,21,0,0,0,0,28,2.6,911,133.54
2019,3,31,22,0,0,0,0,27,2.9000000000000004,911,146.91
2019,3,31,23,0,0,0,0,25.8,2.7,911,158.20000000000002
2019,4,1,0,0,0,0,0,24.900000000000002,2.6,911,162.69
2019,4,1,1,0,0,0,0,24.3,2.5,910,156.17000000000002
2019,4,1,2,0,0,0,0,23.900000000000002,2.6,910,144.22
2019,4,1,3,0,0,0,0,23.3,2.2,910,130.64000000000001
2019,4,1,4,0,0,0,0,22.3,1.6,910,116.48
2019,4,1,5,0,0,0,0,21.3,1.3,911,102.05
2019,4,1,6,0,16,26,14,23.200000000000003,2.1,912,87.28
2019,4,1,7,0,221,363,114,26.900000000000002,2.5,913,72.85000000000001
2019,4,1,8,0,470,568,172,30.5,2.4000000000000004,913,58.25
2019,4,1,9,0,697,675,209,33.4,2.3000000000000003,913,43.69
2019,4,1,10,0,874,734,234,35.5,2.5,912,29.330000000000002
2019,4,1,11,0,980,754,254,37,2.7,911,15.76
2019,4,1,12,0,1010,746,273,37.800000000000004,2.8000000000000003,910,8.66
2019,4,1,13,0,961,735,263,37.7,2.9000000000000004,909,18.45
2019,4,1,14,0,694,338,408,38,2.9000000000000004,908,32.31
2019,4,1,15,0,664,708,179,37.4,3,908,46.74
2019,4,1,16,0,311,212,210,36.1,3.1,908,61.31
2019,4,1,17,0,173,312,97,33.800000000000004,2.3000000000000003,909,75.89
2019,4,1,18,0,0,0,0,31.1,1.8,910,90.06
2019,4,1,19,0,0,0,0,30.3,2.9000000000000004,911,105.06
2019,4,1,20,0,0,0,0,29.3,3.9000000000000004,911,119.42
2019,4,1,21,0,0,0,0,28.1,4.3,912,133.46
2019,4,1,22,0,0,0,0,26.900000000000002,4.2,912,146.77
2019,4,1,23,0,0,0,0,25.8,3.9000000000000004,911,157.94
2019,4,2,0,0,0,0,0,24.8,3.5,911,162.3
2019,4,2,1,0,0,0,0,24,3.2,910,155.83
2019,4,2,2,0,0,0,0,23.200000000000003,2.9000000000000004,910,143.96
2019,4,2,3,0,0,0,0,22,1.8,910,130.43
2019,4,2,4,0,0,0,0,21.200000000000003,1.5,910,116.29
2019,4,2,5,0,0,0,0,20.6,1.3,911,101.89
2019,4,2,6,0,20,38,18,22.400000000000002,2.3000000000000003,911,87.13
2019,4,2,7,0,231,426,104,26.200000000000003,3,912,72.69
2019,4,2,8,0,485,632,151,29.900000000000002,2.9000000000000004,913,58.1
2019,4,2,9,0,712,731,182,32.800000000000004,2.6,913,43.53
2019,4,2,10,0,888,780,207,35,2.2,912,29.14
2019,4,2,11,0,1015,867,179,36.6,2.1,911,15.49
2019,4,2,12,0,1043,869,184,37.5,2.2,910,8.3
2019,4,2,13,0,988,845,186,37.800000000000004,2.3000000000000003,909,18.34
2019,4,2,14,0,428,51,385,37.7,2.5,908,32.27
2019,4,2,15,0,625,584,225,36.800000000000004,2.8000000000000003,907,46.72
2019,4,2,16,0,423,565,152,35.6,3,908,61.300000000000004
2019,4,2,17,0,175,315,98,33.7,2.4000000000000004,908,75.88
2019,4,2,18,0,0,0,0,31.200000000000003,1.7000000000000002,909,90.05
2019,4,2,19,0,0,0,0,30.5,2.6,910,105.03
2019,4,2,20,0,0,0,0,29.700000000000003,3.2,911,119.37
2019,4,2,21,0,0,0,0,28.700000000000003,3.5,911,133.38
2019,4,2,22,0,0,0,0,27.6,3.7,911,146.62
2019,4,2,23,0,0,0,0,26.3,3.1,910,157.67000000000002
2019,4,3,0,0,0,0,0,25.1,2.3000000000000003,910,161.91
2019,4,3,1,0,0,0,0,24,1.8,909,155.5
2019,4,3,2,0,0,0,0,23.200000000000003,1.6,909,143.71
2019,4,3,3,0,0,0,0,22.5,1.6,909,130.22
2019,4,3,4,0,0,0,0,21.8,1.5,910,116.11
2019,4,3,5,0,0,0,0,21.3,1.5,910,101.72
2019,4,3,6,0,20,38,18,23,2.9000000000000004,911,86.98
2019,4,3,7,0,229,395,111,26.3,3.7,912,72.54
2019,4,3,8,0,479,593,164,29.700000000000003,3.8000000000000003,913,57.94
2019,4,3,9,0,707,702,196,32.5,4,913,43.37
2019,4,3,10,0,886,762,219,34.5,4,912,28.95
2019,4,3,11,0,1004,832,201,36,3.9000000000000004,911,15.22
2019,4,3,12,0,1035,839,205,37.1,3.8000000000000003,909,7.94
2019,4,3,13,0,984,820,204,37.5,3.8000000000000003,908,18.23
2019,4,3,14,0,791,524,347,37.300000000000004,3.9000000000000004,908,32.230000000000004
2019,4,3,15,0,598,513,246,36.6,4,907,46.7
2019,4,3,16,0,423,568,150,35.300000000000004,4.1000000000000005,908,61.29
2019,4,3,17,0,174,313,97,33.4,3.9000000000000004,908,75.87
2019,4,3,18,0,0,0,0,31.700000000000003,3.9000000000000004,909,90.04
2019,4,3,19,0,0,0,0,30.700000000000003,4.4,911,105
2019,4,3,20,0,0,0,0,29.400000000000002,4.800000000000001,912,119.32000000000001
2019,4,3,21,0,0,0,0,27.700000000000003,5.2,912,133.3
2019,4,3,22,0,0,0,0,26.1,4.4,912,146.47
2019,4,3,23,0,0,0,0,24.700000000000003,3.4000000000000004,912,157.4
2019,4,4,0,0,0,0,0,23.5,2.6,911,161.52
2019,4,4,1,0,0,0,0,22.3,2,910,155.17000000000002
2019,4,4,2,0,0,0,0,21.3,1.8,910,143.45000000000002
2019,4,4,3,0,0,0,0,20.5,1.7000000000000002,911,130.01
2019,4,4,4,0,0,0,0,19.8,1.5,911,115.93
2019,4,4,5,0,0,0,0,19.200000000000003,1.4000000000000001,912,101.55
2019,4,4,6,0,26,70,22,21.1,2.6,913,86.83
2019,4,4,7,0,251,518,94,24.8,3.6,914,72.39
2019,4,4,8,0,512,725,126,28.8,4.1000000000000005,914,57.79
2019,4,4,9,0,747,826,145,32,4.3,914,43.21
2019,4,4,10,0,926,876,158,34.2,4.3,914,28.77
2019,4,4,11,0,1045,928,149,35.800000000000004,4.2,913,14.96
2019,4,4,12,0,1073,932,150,36.7,4.1000000000000005,911,7.58
2019,4,4,13,0,1020,918,147,37,4,910,18.13
2019,4,4,14,0,884,870,148,36.800000000000004,3.9000000000000004,909,32.2
2019,4,4,15,0,691,809,136,36.1,3.9000000000000004,909,46.69
2019,4,4,16,0,447,695,114,34.7,4,909,61.28
2019,4,4,17,0,190,467,75,32.4,3.2,910,75.86
2019,4,4,18,0,0,0,0,29.200000000000003,2.3000000000000003,911,90.02
2019,4,4,19,0,0,0,0,28.5,3.2,912,104.97
2019,4,4,20,0,0,0,0,27.700000000000003,4,912,119.27
2019,4,4,21,0,0,0,0,26.900000000000002,4.3,913,133.21
2019,4,4,22,0,0,0,0,25.700000000000003,3.9000000000000004,913,146.32
2019,4,4,23,0,0,0,0,24.6,3.5,912,157.13
2019,4,5,0,0,0,0,0,23.5,2.9000000000000004,912,161.13
2019,4,5,1,0,0,0,0,22.5,2.3000000000000003,911,154.84
2019,4,5,2,0,0,0,0,21.6,1.8,911,143.19
2019,4,5,3,0,0,0,0,20.900000000000002,1.4000000000000001,911,129.8
2019,4,5,4,0,0,0,0,20.3,1.1,911,115.75
2019,4,5,5,0,0,0,0,20,0.9,912,101.39
2019,4,5,6,0,27,89,22,22.200000000000003,1.8,913,86.69
2019,4,5,7,0,248,517,90,25.6,2.1,914,72.24
2019,4,5,8,0,504,706,126,29.5,1.3,914,57.64
2019,4,5,9,0,734,798,151,32.5,1.9000000000000001,914,43.050000000000004
2019,4,5,10,0,911,849,166,34.6,2.5,913,28.59
2019,4,5,11,0,1016,861,184,36.2,2.8000000000000003,912,14.71
2019,4,5,12,0,1047,867,187,37.2,3,911,7.23
2019,4,5,13,0,995,852,185,37.7,3.1,910,18.03
2019,4,5,14,0,857,775,201,37.7,3.3000000000000003,909,32.17
2019,4,5,15,0,647,656,197,37,3.4000000000000004,909,46.68
2019,4,5,16,0,420,538,162,35.7,3.6,909,61.27
2019,4,5,17,0,171,285,101,33.6,3.2,910,75.85000000000001
2019,4,5,18,0,0,0,0,31,3.3000000000000003,911,90.01
2019,4,5,19,0,0,0,0,29.900000000000002,4.2,912,104.94
2019,4,5,20,0,0,0,0,28.900000000000002,4.4,913,119.22
2019,4,5,21,0,0,0,0,27.700000000000003,4.4,913,133.12
2019,4,5,22,0,0,0,0,26.3,3.9000000000000004,913,146.17000000000002
2019,4,5,23,0,0,0,0,25,3.1,912,156.86
2019,4,6,0,0,0,0,0,23.900000000000002,2.4000000000000004,912,160.75
2019,4,6,1,0,0,0,0,23.1,1.7000000000000002,911,154.5
2019,4,6,2,0,0,0,0,22.200000000000003,1.2000000000000002,911,142.94
2019,4,6,3,0,0,0,0,21.5,1.2000000000000002,911,129.59
2019,4,6,4,0,0,0,0,20.900000000000002,1.1,912,115.56
2019,4,6,5,0,0,0,0,20.400000000000002,1,912,101.22
2019,4,6,6,0,26,61,22,22.5,2.1,913,86.54
2019,4,6,7,0,242,449,104,25.900000000000002,2.7,914,72.10000000000001
2019,4,6,8,0,496,650,147,29.200000000000003,2.3000000000000003,914,57.5
2019,4,6,9,0,725,752,174,32,1.8,914,42.9
2019,4,6,10,0,904,805,195,34.4,2.4000000000000004,913,28.42
2019,4,6,11,0,1022,874,176,36.2,3.1,912,14.46
2019,4,6,12,0,1052,872,185,37.2,3.6,911,6.88
2019,4,6,13,0,967,659,340,37.7,4.1000000000000005,910,17.95
2019,4,6,14,0,860,780,200,37.6,4.4,909,32.14
2019,4,6,15,0,665,697,186,36.800000000000004,4.5,908,46.67
2019,4,6,16,0,428,565,156,35.5,4.4,908,61.27
2019,4,6,17,0,176,320,97,33.4,3.4000000000000004,909,75.85000000000001
2019,4,6,18,0,0,0,0,30.5,2.7,910,89.99
2019,4,6,19,0,0,0,0,29.400000000000002,3.6,911,104.91
2019,4,6,20,0,0,0,0,28,3.8000000000000003,911,119.16
2019,4,6,21,0,0,0,0,27,4.1000000000000005,912,133.03
2019,4,6,22,0,0,0,0,26,3.8000000000000003,912,146.01
2019,4,6,23,0,0,0,0,25.1,3.3000000000000003,911,156.58
2019,4,7,0,0,0,0,0,24.200000000000003,3,911,160.36
2019,4,7,1,0,0,0,0,23.400000000000002,2.8000000000000003,910,154.17000000000002
2019,4,7,2,0,0,0,0,22.6,2.8000000000000003,910,142.68
2019,4,7,3,0,0,0,0,22,2.7,910,129.38
2019,4,7,4,0,0,0,0,21.3,2.4000000000000004,911,115.38
2019,4,7,5,0,0,0,0,20.700000000000003,2.1,912,101.06
2019,4,7,6,0,27,58,23,22.200000000000003,3.1,912,86.39
2019,4,7,7,0,241,414,113,25.6,3.4000000000000004,913,71.95
2019,4,7,8,0,487,597,165,29.400000000000002,3.2,913,57.36
2019,4,7,9,0,711,693,202,32.5,2.7,913,42.76
2019,4,7,10,0,884,745,228,34.800000000000004,2.6,912,28.25
2019,4,7,11,0,1002,820,207,36.4,2.7,911,14.23
2019,4,7,12,0,1030,819,216,36.800000000000004,2.6,909,6.54
2019,4,7,13,0,978,800,216,36.7,2.6,908,17.87
2019,4,7,14,0,845,732,225,36.4,2.6,908,32.12
2019,4,7,15,0,657,663,201,36.1,2.7,907,46.660000000000004
2019,4,7,16,0,422,531,166,35.300000000000004,2.6,908,61.26
2019,4,7,17,0,173,300,99,33.1,1.6,908,75.84
2019,4,7,18,0,0,0,0,30,1.2000000000000002,909,89.98
2019,4,7,19,0,0,0,0,29.1,1.5,909,104.88
2019,4,7,20,0,0,0,0,28.6,2.6,910,119.11
2019,4,7,21,0,0,0,0,27.900000000000002,4.1000000000000005,910,132.93
2019,4,7,22,0,0,0,0,26.200000000000003,4.4,911,145.85
2019,4,7,23,0,0,0,0,24.700000000000003,3.7,910,156.31
2019,4,8,0,0,0,0,0,23.5,3.1,909,159.98
2019,4,8,1,0,0,0,0,22.700000000000003,2.8000000000000003,909,153.84
2019,4,8,2,0,0,0,0,22,2.7,909,142.42000000000002
2019,4,8,3,0,0,0,0,21.3,2.4000000000000004,909,129.17000000000002
2019,4,8,4,0,0,0,0,20.8,2,909,115.2
2019,4,8,5,0,0,0,0,20.3,1.8,910,100.9
2019,4,8,6,0,28,57,24,21.700000000000003,3.2,911,86.25
2019,4,8,7,0,242,414,113,24.900000000000002,4,912,71.81
2019,4,8,8,0,491,610,161,28.700000000000003,3.9000000000000004,912,57.22
2019,4,8,9,0,717,719,188,31.900000000000002,3.1,912,42.61
2019,4,8,10,0,893,781,204,34.4,2.3000000000000003,911,28.09
2019,4,8,11,0,1012,861,177,36.2,2,910,14
2019,4,8,12,0,1039,858,185,37.4,1.9000000000000001,908,6.21
2019,4,8,13,0,984,833,190,37.9,2,907,17.8
2019,4,8,14,0,716,403,374,37.6,2,906,32.1
2019,4,8,15,0,635,613,214,37.1,2.2,906,46.660000000000004
2019,4,8,16,0,307,202,210,35.5,2.5,907,61.26
2019,4,8,17,0,10,0,10,33.800000000000004,2,907,75.83
2019,4,8,18,0,0,0,0,31.8,1.3,908,89.96000000000001
2019,4,8,19,0,0,0,0,31,1.6,909,104.84
2019,4,8,20,0,0,0,0,30.200000000000003,2.1,910,119.05
2019,4,8,21,0,0,0,0,29.5,3.3000000000000003,910,132.83
2019,4,8,22,0,0,0,0,28.400000000000002,4.4,910,145.68
2019,4,8,23,0,0,0,0,27,4.6000000000000005,910,156.03
2019,4,9,0,0,0,0,0,25.6,4.3,910,159.6
2019,4,9,1,0,0,0,0,24.700000000000003,3.7,909,153.51
2019,4,9,2,0,0,0,0,24.1,2.9000000000000004,909,142.16
2019,4,9,3,0,0,0,0,23.5,2,909,128.96
2019,4,9,4,0,0,0,0,23.1,1.4000000000000001,909,115.02
2019,4,9,5,0,0,0,0,22.8,1.1,910,100.74000000000001
2019,4,9,6,0,26,42,23,23.900000000000002,2,911,86.10000000000001
2019,4,9,7,0,236,366,121,26.3,2.1,911,71.67
2019,4,9,8,0,481,575,168,29.3,1.5,912,57.08
2019,4,9,9,0,704,687,197,32.1,1.3,912,42.47
2019,4,9,10,0,874,738,222,34.5,2.1,911,27.93
2019,4,9,11,0,1002,847,179,36.1,2.6,910,13.780000000000001
2019,4,9,12,0,1026,832,199,36.4,2.9000000000000004,909,5.88
2019,4,9,13,0,714,222,502,36.1,3,908,17.740000000000002
2019,4,9,14,0,845,771,191,35.2,2.9000000000000004,908,32.08
2019,4,9,15,0,466,196,332,34.4,2.9000000000000004,908,46.65
2019,4,9,16,0,317,228,207,33.4,2.8000000000000003,908,61.26
2019,4,9,17,0,10,0,10,32.1,2.2,909,75.82000000000001
2019,4,9,18,0,0,0,0,30.8,1.4000000000000001,910,89.94
2019,4,9,19,0,0,0,0,30,1.4000000000000001,910,104.81
2019,4,9,20,0,0,0,0,29.400000000000002,1.6,911,118.99000000000001
2019,4,9,21,0,0,0,0,28.900000000000002,2.1,911,132.74
2019,4,9,22,0,0,0,0,28.400000000000002,2.8000000000000003,912,145.52
2019,4,9,23,0,0,0,0,27.900000000000002,3.4000000000000004,911,155.75
2019,4,10,0,0,0,0,0,27.1,3.3000000000000003,911,159.22
2019,4,10,1,0,0,0,0,26.3,3,910,153.18
2019,4,10,2,0,0,0,0,25.700000000000003,2.7,910,141.91
2019,4,10,3,0,0,0,0,24.900000000000002,2.1,910,128.75
2019,4,10,4,0,0,0,0,23.900000000000002,1.5,910,114.84
2019,4,10,5,0,0,0,0,23.3,1.3,911,100.58
2019,4,10,6,0,33,82,27,24.700000000000003,2.8000000000000003,911,85.96000000000001
2019,4,10,7,0,249,466,102,27.200000000000003,2.8000000000000003,912,71.53
2019,4,10,8,0,499,661,139,30.1,2.5,912,56.95
2019,4,10,9,0,725,765,159,32.800000000000004,2.8000000000000003,912,42.34
2019,4,10,10,0,900,823,172,35,3.3000000000000003,911,27.78
2019,4,10,11,0,1002,836,189,36.5,3.8000000000000003,911,13.57
2019,4,10,12,0,1027,830,201,37.4,4.1000000000000005,909,5.5600000000000005
2019,4,10,13,0,974,809,204,37.5,4.2,908,17.68
2019,4,10,14,0,685,326,408,37.5,4.1000000000000005,908,32.07
2019,4,10,15,0,562,394,291,36.800000000000004,4.1000000000000005,907,46.65
2019,4,10,16,0,426,595,139,35.6,4.1000000000000005,908,61.25
2019,4,10,17,0,176,347,91,33.7,3.5,908,75.81
2019,4,10,18,0,0,0,0,31.400000000000002,3.3000000000000003,909,89.93
2019,4,10,19,0,0,0,0,30.400000000000002,4.3,910,104.77
2019,4,10,20,0,0,0,0,28.900000000000002,4.4,911,118.93
2019,4,10,21,0,0,0,0,27.700000000000003,4.3,912,132.63
2019,4,10,22,0,0,0,0,26.700000000000003,3.8000000000000003,912,145.35
2019,4,10,23,0,0,0,0,25.6,2.9000000000000004,911,155.47
2019,4,11,0,0,0,0,0,24.3,2,911,158.85
2019,4,11,1,0,0,0,0,23.200000000000003,1.6,910,152.85
2019,4,11,2,0,0,0,0,22.5,1.6,910,141.65
2019,4,11,3,0,0,0,0,21.900000000000002,1.6,910,128.54
2019,4,11,4,0,0,0,0,21.3,1.6,910,114.66
2019,4,11,5,0,0,0,0,21.1,1.7000000000000002,911,100.42
2019,4,11,6,0,35,88,28,22.5,2.9000000000000004,911,85.82000000000001
2019,4,11,7,0,252,458,105,24.900000000000002,3.2,912,71.4
2019,4,11,8,0,497,630,152,27.6,2.7,912,56.81
2019,4,11,9,0,715,707,192,30.3,2.2,912,42.2
2019,4,11,10,0,880,738,226,32.7,1.9000000000000001,912,27.63
2019,4,11,11,0,1017,892,149,34.1,1.8,911,13.36
2019,4,11,12,0,1044,891,157,34.9,1.9000000000000001,910,5.25
2019,4,11,13,0,991,876,156,35.300000000000004,2,909,17.63
2019,4,11,14,0,729,433,363,35.800000000000004,2,908,32.06
2019,4,11,15,0,671,766,146,35.6,1.9000000000000001,908,46.65
2019,4,11,16,0,435,651,122,34.800000000000004,1.9000000000000001,907,61.25
2019,4,11,17,0,184,417,81,32.9,1.1,908,75.8
2019,4,11,18,0,0,0,0,30.400000000000002,0.9,908,89.91
2019,4,11,19,0,0,0,0,29.6,1.1,909,104.73
2019,4,11,20,0,0,0,0,29.1,1.5,910,118.86
2019,4,11,21,0,0,0,0,28.8,2.1,910,132.53
2019,4,11,22,0,0,0,0,28.200000000000003,2.4000000000000004,910,145.18
2019,4,11,23,0,0,0,0,26.5,2,910,155.18
2019,4,12,0,0,0,0,0,25.3,1.9000000000000001,909,158.48
2019,4,12,1,0,0,0,0,24.400000000000002,1.6,909,152.53
2019,4,12,2,0,0,0,0,23.700000000000003,1.4000000000000001,909,141.39000000000001
2019,4,12,3,0,0,0,0,23,1.2000000000000002,909,128.33
2019,4,12,4,0,0,0,0,22.3,1.1,909,114.48
2019,4,12,5,0,0,0,0,21.8,1,910,100.26
2019,4,12,6,0,39,137,28,23.900000000000002,2.2,911,85.68
2019,4,12,7,0,263,537,90,27,2.5,911,71.26
2019,4,12,8,0,492,643,139,30.6,2,912,56.69
2019,4,12,9,0,742,805,144,33.5,2,912,42.07
2019,4,12,10,0,914,851,159,35.5,2.2,911,27.490000000000002
2019,4,12,11,0,1022,885,160,37,2.4000000000000004,910,13.17
2019,4,12,12,0,1046,878,171,38,2.5,909,4.95
2019,4,12,13,0,990,849,180,38.400000000000006,2.7,908,17.59
2019,4,12,14,0,666,294,417,38.2,2.8000000000000003,907,32.05
2019,4,12,15,0,598,518,243,37.4,3,907,46.65
2019,4,12,16,0,428,606,136,36.2,3.2,907,61.25
2019,4,12,17,0,178,347,93,34.1,2.5,907,75.8
2019,4,12,18,0,0,0,0,31.200000000000003,1.9000000000000001,908,89.89
2019,4,12,19,0,0,0,0,30.400000000000002,3.2,909,104.7
2019,4,12,20,0,0,0,0,29.3,3.8000000000000003,910,118.8
2019,4,12,21,0,0,0,0,27.900000000000002,3.9000000000000004,910,132.43
2019,4,12,22,0,0,0,0,26.5,3.5,910,145
2019,4,12,23,0,0,0,0,25.200000000000003,2.7,910,154.9
2019,4,13,0,0,0,0,0,24,2,909,158.11
2019,4,13,1,0,0,0,0,23,1.6,909,152.20000000000002
2019,4,13,2,0,0,0,0,22.200000000000003,1.5,909,141.14000000000001
2019,4,13,3,0,0,0,0,21.6,1.5,909,128.12
2019,4,13,4,0,0,0,0,21,1.4000000000000001,909,114.3
2019,4,13,5,0,0,0,0,20.5,1.3,910,100.10000000000001
2019,4,13,6,0,37,88,30,22.400000000000002,2.5,911,85.54
2019,4,13,7,0,256,461,107,26,3,912,71.13
2019,4,13,8,0,506,649,149,30,2.9000000000000004,912,56.56
2019,4,13,9,0,730,745,176,33.2,3.1,912,41.95
2019,4,13,10,0,903,793,198,35.2,3.2,912,27.36
2019,4,13,11,0,1034,920,138,36.7,3.3000000000000003,911,12.99
2019,4,13,12,0,1059,915,148,37.5,3.4000000000000004,909,4.66
2019,4,13,13,0,1003,893,152,37.4,3.5,908,17.56
2019,4,13,14,0,871,842,157,37.1,3.4000000000000004,908,32.05
2019,4,13,15,0,679,787,138,37,3.5,907,46.65
2019,4,13,16,0,440,674,116,35.9,3.6,907,61.25
2019,4,13,17,0,186,437,78,33.6,2.6,908,75.79
2019,4,13,18,0,0,0,0,30.200000000000003,2,908,89.87
2019,4,13,19,0,0,0,0,29.6,3.3000000000000003,910,104.66
2019,4,13,20,0,0,0,0,28.5,4.1000000000000005,910,118.73
2019,4,13,21,0,0,0,0,27.200000000000003,4.3,911,132.32
2019,4,13,22,0,0,0,0,26.1,3.9000000000000004,911,144.83
2019,4,13,23,0,0,0,0,25,3.3000000000000003,911,154.62
2019,4,14,0,0,0,0,0,24.1,2.7,910,157.74
2019,4,14,1,0,0,0,0,23.1,2.1,909,151.88
2019,4,14,2,0,0,0,0,22.200000000000003,1.7000000000000002,909,140.89000000000001
2019,4,14,3,0,0,0,0,21.5,1.3,909,127.92
2019,4,14,4,0,0,0,0,21,1.2000000000000002,910,114.13
2019,4,14,5,0,0,0,0,20.700000000000003,1.1,911,99.95
2019,4,14,6,0,41,129,31,23.200000000000003,1.6,911,85.41
2019,4,14,7,0,268,525,97,27.5,3.1,912,71
2019,4,14,8,0,523,708,131,30.900000000000002,3.7,912,56.44
2019,4,14,9,0,750,804,151,33.5,3.9000000000000004,912,41.83
2019,4,14,10,0,928,861,163,35.6,4,912,27.23
2019,4,14,11,0,1039,910,152,37.1,4.1000000000000005,911,12.81
2019,4,14,12,0,1067,917,153,38,4.2,909,4.39
2019,4,14,13,0,1013,906,150,38.300000000000004,4.3,908,17.53
2019,4,14,14,0,877,846,160,38.1,4.4,907,32.05
2019,4,14,15,0,681,779,147,37.1,4.5,907,46.660000000000004
2019,4,14,16,0,439,656,124,35.6,4.5,907,61.25
2019,4,14,17,0,185,416,82,33.1,4,908,75.78
2019,4,14,18,0,0,0,0,30.1,3.8000000000000003,909,89.85000000000001
2019,4,14,19,0,0,0,0,29.1,4.800000000000001,910,104.61
2019,4,14,20,0,0,0,0,28,4.7,911,118.67
2019,4,14,21,0,0,0,0,26.8,4.4,911,132.21
2019,4,14,22,0,0,0,0,25.700000000000003,3.9000000000000004,911,144.65
2019,4,14,23,0,0,0,0,24.400000000000002,3.1,911,154.33
2019,4,15,0,0,0,0,0,23.200000000000003,2,910,157.37
2019,4,15,1,0,0,0,0,22.200000000000003,1.4000000000000001,910,151.56
2019,4,15,2,0,0,0,0,21.400000000000002,1.1,910,140.63
2019,4,15,3,0,0,0,0,20.900000000000002,1,910,127.71000000000001
2019,4,15,4,0,0,0,0,20.400000000000002,1,910,113.95
2019,4,15,5,0,0,0,0,20,1.1,911,99.8
2019,4,15,6,0,44,146,32,22.6,1.8,912,85.27
2019,4,15,7,0,276,561,92,26.5,2.6,913,70.88
2019,4,15,8,0,533,742,122,30,2.5,913,56.32
2019,4,15,9,0,765,839,139,32.7,2.5,913,41.71
2019,4,15,10,0,941,891,149,34.7,2.4000000000000004,912,27.11
2019,4,15,11,0,1048,918,153,36.2,2.3000000000000003,911,12.65
2019,4,15,12,0,1074,922,155,37.2,2.2,910,4.13
2019,4,15,13,0,1019,909,152,37.7,2.1,908,17.51
2019,4,15,14,0,889,882,142,37.7,2.2,908,32.05
2019,4,15,15,0,693,821,130,37.1,2.3000000000000003,907,46.660000000000004
2019,4,15,16,0,450,707,110,35.9,2.4000000000000004,907,61.25
2019,4,15,17,0,191,472,75,33.1,1.6,908,75.77
2019,4,15,18,0,0,0,0,29.200000000000003,1.6,908,89.83
2019,4,15,19,0,0,0,0,28.3,2.4000000000000004,909,104.57000000000001
2019,4,15,20,0,0,0,0,27.5,3.4000000000000004,910,118.60000000000001
2019,4,15,21,0,0,0,0,26.5,4.1000000000000005,911,132.1
2019,4,15,22,0,0,0,0,25.5,4.3,911,144.47
2019,4,15,23,0,0,0,0,24.5,4.5,911,154.05
2019,4,16,0,0,0,0,0,23.700000000000003,4.6000000000000005,910,157.01
2019,4,16,1,0,0,0,0,22.900000000000002,4.1000000000000005,910,151.24
2019,4,16,2,0,0,0,0,22.200000000000003,3.2,910,140.38
2019,4,16,3,0,0,0,0,21.700000000000003,2.3000000000000003,910,127.5
2019,4,16,4,0,0,0,0,21.200000000000003,1.7000000000000002,910,113.78
2019,4,16,5,0,0,0,0,20.900000000000002,1.3,911,99.65
2019,4,16,6,0,45,167,31,23.1,2.2,911,85.14
2019,4,16,7,0,273,562,88,26.6,2.9000000000000004,912,70.75
2019,4,16,8,0,525,732,118,29.400000000000002,2.7,912,56.2
2019,4,16,9,0,752,823,136,31.900000000000002,1.9000000000000001,912,41.6
2019,4,16,10,0,924,871,149,34,0.9,911,26.990000000000002
2019,4,16,11,0,1038,937,123,35.800000000000004,0.4,910,12.49
2019,4,16,12,0,1064,941,125,37.1,0.6000000000000001,909,3.89
2019,4,16,13,0,1010,929,123,37.7,0.8,908,17.490000000000002
2019,4,16,14,0,877,892,121,37.9,0.9,907,32.06
2019,4,16,15,0,643,650,197,37.5,1.1,907,46.67
2019,4,16,16,0,440,701,103,36.5,1.4000000000000001,907,61.25
2019,4,16,17,0,184,440,76,34.6,1.2000000000000002,907,75.76
2019,4,16,18,0,0,0,0,32.2,0.9,908,89.82000000000001
2019,4,16,19,0,0,0,0,31.6,1.4000000000000001,909,104.53
2019,4,16,20,0,0,0,0,31.1,2.3000000000000003,910,118.52
2019,4,16,21,0,0,0,0,30.400000000000002,3.9000000000000004,911,131.98
2019,4,16,22,0,0,0,0,28.5,5.5,911,144.29
2019,4,16,23,0,0,0,0,26.3,6.300000000000001,911,153.76
2019,4,17,0,0,0,0,0,25,6,911,156.65
2019,4,17,1,0,0,0,0,24.3,5.300000000000001,910,150.92000000000002
2019,4,17,2,0,0,0,0,23.8,4.4,910,140.13
2019,4,17,3,0,0,0,0,23.3,3.4000000000000004,910,127.3
2019,4,17,4,0,0,0,0,22.8,2.3000000000000003,910,113.61
2019,4,17,5,0,0,0,0,22.5,1.6,911,99.5
2019,4,17,6,0,44,134,33,23.8,2.5,911,85.01
2019,4,17,7,0,265,503,98,26.900000000000002,2.7,912,70.63
2019,4,17,8,0,510,674,134,30.200000000000003,2.1,913,56.09
2019,4,17,9,0,727,754,162,32.7,1.4000000000000001,912,41.49
2019,4,17,10,0,761,410,395,34.300000000000004,0.9,912,26.88
2019,4,17,11,0,663,148,519,35,0.9,911,12.35
2019,4,17,12,0,897,404,494,35.300000000000004,1,910,3.67
2019,4,17,13,0,942,722,253,34.7,0.9,909,17.48
2019,4,17,14,0,792,533,340,33.800000000000004,0.6000000000000001,908,32.06
2019,4,17,15,0,574,450,265,32.800000000000004,0.30000000000000004,908,46.67
2019,4,17,16,0,40,0,40,31.8,0.6000000000000001,908,61.25
2019,4,17,17,0,150,256,87,30.700000000000003,1.1,909,75.75
2019,4,17,18,0,0,0,0,29.5,1.3,910,89.79
2019,4,17,19,0,0,0,0,28.5,1.6,911,104.48
2019,4,17,20,0,0,0,0,27.5,1.7000000000000002,912,118.45
2019,4,17,21,0,0,0,0,26.700000000000003,1.7000000000000002,912,131.87
2019,4,17,22,0,0,0,0,26,1.8,912,144.11
2019,4,17,23,0,0,0,0,25.5,1.9000000000000001,911,153.48
2019,4,18,0,0,0,0,0,25.200000000000003,2,910,156.29
2019,4,18,1,0,0,0,0,25,2.1,910,150.61
2019,4,18,2,0,0,0,0,24.8,2.1,909,139.88
2019,4,18,3,0,0,0,0,24.5,1.9000000000000001,909,127.10000000000001
2019,4,18,4,0,0,0,0,24.3,1.6,909,113.44
2019,4,18,5,0,0,0,0,24.200000000000003,1.3,910,99.35000000000001
2019,4,18,6,0,38,65,33,25,1.7000000000000002,911,84.88
2019,4,18,7,0,250,367,128,27.400000000000002,1.3,912,70.52
2019,4,18,8,0,488,546,182,29.900000000000002,1.6,912,55.980000000000004
2019,4,18,9,0,702,645,218,32.2,2.3000000000000003,912,41.39
2019,4,18,10,0,865,691,248,34.2,2.7,911,26.78
2019,4,18,11,0,1002,858,163,35.2,2.8000000000000003,910,12.22
2019,4,18,12,0,1023,850,175,35.300000000000004,2.7,909,3.47
2019,4,18,13,0,967,830,176,35.1,2.6,908,17.48
2019,4,18,14,0,839,785,174,34.800000000000004,2.4000000000000004,908,32.07
2019,4,18,15,0,647,702,165,34,2.3000000000000003,907,46.68
2019,4,18,16,0,416,575,139,32.800000000000004,2.2,908,61.25
2019,4,18,17,0,159,314,82,31.400000000000002,1.8,909,75.74
2019,4,18,18,0,0,0,0,29.8,1.8,910,89.77
2019,4,18,19,0,0,0,0,28.6,2.5,911,104.44
2019,4,18,20,0,0,0,0,27.3,2.8000000000000003,911,118.38
2019,4,18,21,0,0,0,0,26,3.1,912,131.75
2019,4,18,22,0,0,0,0,24.900000000000002,3.1,912,143.92000000000002
2019,4,18,23,0,0,0,0,24,2.9000000000000004,911,153.19
2019,4,19,0,0,0,0,0,23.3,2.5,911,155.94
2019,4,19,1,0,0,0,0,22.900000000000002,2,910,150.29
2019,4,19,2,0,0,0,0,22.700000000000003,1.4000000000000001,909,139.63
2019,4,19,3,0,0,0,0,22.6,1.1,909,126.9
2019,4,19,4,0,0,0,0,22.6,0.7000000000000001,909,113.27
2019,4,19,5,0,0,0,0,22.400000000000002,0.6000000000000001,910,99.2
2019,4,19,6,0,51,206,32,23.200000000000003,1.4000000000000001,910,84.76
2019,4,19,7,0,279,599,78,25.5,1.8,911,70.4
2019,4,19,8,0,531,774,97,29.1,0.9,911,55.88
2019,4,19,9,0,756,864,107,32.1,0.6000000000000001,911,41.29
2019,4,19,10,0,927,912,112,34.1,1.3,910,26.68
2019,4,19,11,0,1019,891,148,35.300000000000004,1.6,909,12.1
2019,4,19,12,0,1041,891,151,36.1,1.9000000000000001,908,3.3000000000000003
2019,4,19,13,0,986,875,152,36.4,2,907,17.48
2019,4,19,14,0,854,826,154,36.300000000000004,2.1,906,32.09
2019,4,19,15,0,660,751,145,35.7,2.1,906,46.69
2019,4,19,16,0,423,608,130,34.5,2.1,906,61.25
2019,4,19,17,0,176,360,87,31.8,1.2000000000000002,907,75.73
2019,4,19,18,0,0,0,0,29.700000000000003,1,908,89.75
2019,4,19,19,0,0,0,0,28.900000000000002,1.3,909,104.39
2019,4,19,20,0,0,0,0,28,1.6,910,118.3
2019,4,19,21,0,0,0,0,27.200000000000003,1.8,910,131.63
2019,4,19,22,0,0,0,0,26.400000000000002,2,910,143.74
2019,4,19,23,0,0,0,0,25.8,2.1,910,152.91
2019,4,20,0,0,0,0,0,25.1,2.3000000000000003,909,155.59
2019,4,20,1,0,0,0,0,24.5,2.2,908,149.98
2019,4,20,2,0,0,0,0,24,2.1,908,139.39000000000001
2019,4,20,3,0,0,0,0,23.700000000000003,1.9000000000000001,907,126.7
2019,4,20,4,0,0,0,0,23.400000000000002,1.6,908,113.11
2019,4,20,5,0,0,0,0,23.3,1.3,908,99.06
2019,4,20,6,0,42,70,35,24.1,1.8,909,84.63
2019,4,20,7,0,253,369,128,25.900000000000002,2,910,70.29
2019,4,20,8,0,490,550,180,28.400000000000002,1.6,910,55.78
2019,4,20,9,0,700,635,222,30.5,0.7000000000000001,910,41.2
2019,4,20,10,0,859,659,269,32,0.4,909,26.59
2019,4,20,11,0,773,273,506,32.9,0.9,908,11.99
2019,4,20,12,0,1016,834,183,33.2,1.2000000000000002,907,3.17
2019,4,20,13,0,961,820,180,32.2,1.5,907,17.490000000000002
2019,4,20,14,0,805,647,257,31.200000000000003,2,906,32.1
2019,4,20,15,0,585,487,251,29.900000000000002,2.4000000000000004,906,46.7
2019,4,20,16,0,394,429,187,28.3,2.8000000000000003,907,61.25
2019,4,20,17,0,10,0,10,26.6,3,907,75.71000000000001
2019,4,20,18,0,0,0,0,25.1,3.1,908,89.72
2019,4,20,19,0,0,0,0,24.200000000000003,3.1,909,104.34
2019,4,20,20,0,0,0,0,23.6,3,909,118.22
2019,4,20,21,0,0,0,0,23.200000000000003,2.9000000000000004,910,131.51
2019,4,20,22,0,0,0,0,22.8,2.7,910,143.55
2019,4,20,23,0,0,0,0,22.5,2.7,909,152.63
2019,4,21,0,0,0,0,0,22.200000000000003,2.7,909,155.24
2019,4,21,1,0,0,0,0,22,2.7,908,149.68
2019,4,21,2,0,0,0,0,21.700000000000003,2.6,907,139.14000000000001
2019,4,21,3,0,0,0,0,21.400000000000002,2.3000000000000003,907,126.5
2019,4,21,4,0,0,0,0,21.200000000000003,1.8,907,112.94
2019,4,21,5,0,0,0,0,20.900000000000002,1.3,908,98.92
2019,4,21,6,0,5,0,5,22.1,2,909,84.51
2019,4,21,7,0,21,0,21,24.900000000000002,2.4000000000000004,909,70.18
2019,4,21,8,0,79,0,79,28.1,2.3000000000000003,910,55.68
2019,4,21,9,0,415,80,354,30.6,1.5,910,41.11
2019,4,21,10,0,904,838,153,32.5,1.2000000000000002,909,26.5
2019,4,21,11,0,920,454,475,34,1.5,908,11.89
2019,4,21,12,0,974,515,460,34.5,1.7000000000000002,907,3.06
2019,4,21,13,0,890,459,452,34.4,1.7000000000000002,906,17.5
2019,4,21,14,0,767,487,354,33.2,1.8,906,32.11
2019,4,21,15,0,633,626,204,32.300000000000004,1.9000000000000001,905,46.71
2019,4,21,16,0,404,482,172,31.200000000000003,1.9000000000000001,906,61.25
2019,4,21,17,0,133,162,93,29.700000000000003,1.3,906,75.7
2019,4,21,18,0,0,0,0,28.3,0.9,907,89.7
2019,4,21,19,0,0,0,0,27.5,1,908,104.29
2019,4,21,20,0,0,0,0,26.8,1.2000000000000002,909,118.14
2019,4,21,21,0,0,0,0,26.1,1.4000000000000001,909,131.39000000000001
2019,4,21,22,0,0,0,0,25.400000000000002,1.5,909,143.36
2019,4,21,23,0,0,0,0,24.900000000000002,1.6,908,152.34
2019,4,22,0,0,0,0,0,24.3,1.9000000000000001,908,154.9
2019,4,22,1,0,0,0,0,23.8,2.3000000000000003,907,149.37
2019,4,22,2,0,0,0,0,23.400000000000002,2.2,907,138.9
2019,4,22,3,0,0,0,0,22.900000000000002,1.8,907,126.31
2019,4,22,4,0,0,0,0,22.5,1.3,907,112.78
2019,4,22,5,0,0,0,0,22.200000000000003,0.8,908,98.78
2019,4,22,6,0,47,108,37,23.6,1.1,908,84.4
2019,4,22,7,0,264,435,116,26.6,0.7000000000000001,909,70.07000000000001
2019,4,22,8,0,506,614,159,29.5,0.9,910,55.58
2019,4,22,9,0,722,710,187,31.900000000000002,1.8,910,41.02
2019,4,22,10,0,886,757,208,33.6,2.4000000000000004,909,26.42
2019,4,22,11,0,990,796,211,34.7,2.8000000000000003,908,11.81
2019,4,22,12,0,1010,787,224,34.9,3.1,907,2.99
2019,4,22,13,0,806,381,443,34.800000000000004,3.1,906,17.52
2019,4,22,14,0,768,489,354,33.7,2.9000000000000004,906,32.13
2019,4,22,15,0,632,604,218,32.9,2.8000000000000003,906,46.72
2019,4,22,16,0,407,483,174,32,2.2,906,61.25
2019,4,22,17,0,77,0,77,30,1.2000000000000002,906,75.69
2019,4,22,18,0,0,0,0,27.900000000000002,1,907,89.67
2019,4,22,19,0,0,0,0,26.8,1.3,908,104.24000000000001
2019,4,22,20,0,0,0,0,25.5,1.9000000000000001,909,118.06
2019,4,22,21,0,0,0,0,24.5,2.8000000000000003,909,131.26
2019,4,22,22,0,0,0,0,23.700000000000003,3.3000000000000003,909,143.17000000000002
2019,4,22,23,0,0,0,0,22.900000000000002,3.3000000000000003,909,152.06
2019,4,23,0,0,0,0,0,22.1,3.1,908,154.56
2019,4,23,1,0,0,0,0,21.5,2.9000000000000004,908,149.07
2019,4,23,2,0,0,0,0,20.900000000000002,2.7,907,138.66
2019,4,23,3,0,0,0,0,20.6,2.3000000000000003,907,126.12
2019,4,23,4,0,0,0,0,20.5,1.8,908,112.62
2019,4,23,5,0,0,0,0,20.5,1.4000000000000001,909,98.65
2019,4,23,6,0,5,0,5,21.700000000000003,1.9000000000000001,910,84.28
2019,4,23,7,0,101,0,101,24.400000000000002,1,911,69.97
2019,4,23,8,0,499,539,193,28.400000000000002,2,911,55.49
2019,4,23,9,0,701,589,256,30.700000000000003,3.4000000000000004,911,40.94
2019,4,23,10,0,853,597,317,30.8,4.1000000000000005,911,26.35
2019,4,23,11,0,942,504,449,30.1,4.5,911,11.73
2019,4,23,12,0,1001,749,254,29.8,4.5,910,2.96
2019,4,23,13,0,958,771,224,30.3,4.1000000000000005,909,17.54
2019,4,23,14,0,752,469,355,31,3.4000000000000004,908,32.15
2019,4,23,15,0,659,734,156,31.5,2.8000000000000003,908,46.730000000000004
2019,4,23,16,0,428,633,124,31.1,2.5,908,61.25
2019,4,23,17,0,183,411,81,28.8,1.1,908,75.67
2019,4,23,18,0,0,0,0,26.8,0.9,909,89.64
2019,4,23,19,0,0,0,0,26.1,1,910,104.19
2019,4,23,20,0,0,0,0,25.400000000000002,1,910,117.98
2019,4,23,21,0,0,0,0,24.8,1.2000000000000002,911,131.14000000000001
2019,4,23,22,0,0,0,0,24.200000000000003,1.8,911,142.98
2019,4,23,23,0,0,0,0,23.8,2.7,910,151.78
2019,4,24,0,0,0,0,0,22.900000000000002,2.8000000000000003,910,154.22
2019,4,24,1,0,0,0,0,21.900000000000002,2.1,910,148.77
2019,4,24,2,0,0,0,0,21.1,1.5,909,138.43
2019,4,24,3,0,0,0,0,20.6,1.1,909,125.93
2019,4,24,4,0,0,0,0,20.400000000000002,0.9,910,112.46000000000001
2019,4,24,5,0,0,0,0,20.400000000000002,0.8,911,98.51
2019,4,24,6,0,47,120,34,22.400000000000002,1.1,911,84.17
2019,4,24,7,0,206,202,136,26.5,0.8,912,69.87
2019,4,24,8,0,480,531,179,30.6,3.2,912,55.410000000000004
2019,4,24,9,0,750,804,142,32.800000000000004,4.1000000000000005,912,40.86
2019,4,24,10,0,915,846,156,34.5,4.6000000000000005,911,26.28
2019,4,24,11,0,1012,867,163,35.6,4.7,910,11.67
2019,4,24,12,0,1030,859,172,36.300000000000004,4.5,909,2.96
2019,4,24,13,0,971,834,175,36.300000000000004,4.3,908,17.57
2019,4,24,14,0,841,797,167,35.800000000000004,4.1000000000000005,907,32.17
2019,4,24,15,0,650,722,155,35.1,3.9000000000000004,907,46.74
2019,4,24,16,0,418,591,133,33.800000000000004,3.7,907,61.25
2019,4,24,17,0,175,357,87,31.3,2.3000000000000003,907,75.66
2019,4,24,18,0,0,0,0,28.400000000000002,1.8,908,89.61
2019,4,24,19,0,0,0,0,27.700000000000003,2.3000000000000003,909,104.13
2019,4,24,20,0,0,0,0,27,3.1,910,117.89
2019,4,24,21,0,0,0,0,25.6,3.5,911,131.01
2019,4,24,22,0,0,0,0,24.400000000000002,3.4000000000000004,911,142.78
2019,4,24,23,0,0,0,0,23.5,2.9000000000000004,910,151.5
2019,4,25,0,0,0,0,0,22.6,2.1,910,153.89000000000001
2019,4,25,1,0,0,0,0,21.6,1.4000000000000001,909,148.48
2019,4,25,2,0,0,0,0,20.8,1.1,909,138.19
2019,4,25,3,0,0,0,0,20.3,1,909,125.74000000000001
2019,4,25,4,0,0,0,0,19.900000000000002,1,909,112.31
2019,4,25,5,0,0,0,0,19.8,1,910,98.38
2019,4,25,6,0,54,152,38,22.200000000000003,2,911,84.06
2019,4,25,7,0,277,494,107,25.5,2.5,912,69.78
2019,4,25,8,0,483,537,177,29,1.8,912,55.32
2019,4,25,9,0,709,611,247,31.900000000000002,2.1,912,40.79
2019,4,25,10,0,870,591,341,33.9,2.5,911,26.22
2019,4,25,11,0,919,456,473,35.4,2.7,911,11.620000000000001
2019,4,25,12,0,942,450,493,36.5,2.9000000000000004,909,3
2019,4,25,13,0,903,489,437,37,3,908,17.6
2019,4,25,14,0,783,521,342,36.9,3.3000000000000003,907,32.19
2019,4,25,15,0,614,570,224,36.300000000000004,3.6,907,46.75
2019,4,25,16,0,381,447,166,35.1,3.9000000000000004,907,61.24
2019,4,25,17,0,172,392,75,32.300000000000004,2.7,908,75.64
2019,4,25,18,0,0,0,0,28.6,2.1,909,89.58
2019,4,25,19,0,0,0,0,27.700000000000003,2.7,910,104.08
2019,4,25,20,0,0,0,0,27,3.2,911,117.81
2019,4,25,21,0,0,0,0,26.200000000000003,3.4000000000000004,911,130.88
2019,4,25,22,0,0,0,0,25.3,3,911,142.59
2019,4,25,23,0,0,0,0,24.200000000000003,2.2,910,151.22
2019,4,26,0,0,0,0,0,23,1.7000000000000002,909,153.56
2019,4,26,1,0,0,0,0,22.200000000000003,1.6,909,148.19
2019,4,26,2,0,0,0,0,21.700000000000003,1.7000000000000002,908,137.96
2019,4,26,3,0,0,0,0,21.1,1.6,908,125.56
2019,4,26,4,0,0,0,0,20.5,1.4000000000000001,909,112.16
2019,4,26,5,0,0,0,0,20.1,1.2000000000000002,909,98.26
2019,4,26,6,0,43,71,36,22.3,2.4000000000000004,910,83.95
2019,4,26,7,0,231,297,128,25.5,2.3000000000000003,910,69.68
2019,4,26,8,0,419,310,242,30.400000000000002,1.8,911,55.24
2019,4,26,9,0,666,502,285,34.1,3.4000000000000004,910,40.72
2019,4,26,10,0,857,549,364,36.2,4.3,910,26.16
2019,4,26,11,0,967,701,279,37.6,4.9,908,11.57
2019,4,26,12,0,981,679,302,38.400000000000006,5.300000000000001,907,3.0700000000000003
2019,4,26,13,0,920,622,327,38.300000000000004,5.5,906,17.64
2019,4,26,14,0,776,507,347,38,5.4,905,32.21
2019,4,26,15,0,559,406,281,36.2,4.9,905,46.76
2019,4,26,16,0,389,357,217,35,4.5,906,61.24
2019,4,26,17,0,155,141,119,33.1,3,907,75.62
2019,4,26,18,0,0,0,0,31,2.2,908,89.56
2019,4,26,19,0,0,0,0,30.200000000000003,2.6,909,104.02
2019,4,26,20,0,0,0,0,29.3,3,910,117.72
2019,4,26,21,0,0,0,0,28.1,3.1,910,130.75
2019,4,26,22,0,0,0,0,26.5,2.7,910,142.4
2019,4,26,23,0,0,0,0,25.1,2.3000000000000003,910,150.95000000000002
2019,4,27,0,0,0,0,0,24,1.8,909,153.24
2019,4,27,1,0,0,0,0,22.900000000000002,1.4000000000000001,908,147.9
2019,4,27,2,0,0,0,0,22,1.2000000000000002,908,137.73
2019,4,27,3,0,0,0,0,21.3,1.1,908,125.37
2019,4,27,4,0,0,0,0,20.700000000000003,1.1,908,112.01
2019,4,27,5,0,0,0,0,20.200000000000003,1.1,909,98.13
2019,4,27,6,0,50,128,36,22.700000000000003,2.1,909,83.85000000000001
2019,4,27,7,0,251,383,117,26.6,2.1,910,69.59
2019,4,27,8,0,516,620,162,31,1.4000000000000001,910,55.17
2019,4,27,9,0,726,696,199,34.7,2.6,910,40.660000000000004
2019,4,27,10,0,795,442,398,36.800000000000004,3.5,909,26.11
2019,4,27,11,0,996,817,195,38.2,4.1000000000000005,908,11.540000000000001
2019,4,27,12,0,1007,785,223,38.5,4.6000000000000005,907,3.17
2019,4,27,13,0,634,141,499,37.1,4.800000000000001,906,17.68
2019,4,27,14,0,719,424,360,35.9,4.9,906,32.24
2019,4,27,15,0,540,355,297,34.300000000000004,4.6000000000000005,906,46.77
2019,4,27,16,0,20,0,20,33.2,4.1000000000000005,906,61.24
2019,4,27,17,0,160,187,114,32.1,2.8000000000000003,907,75.61
2019,4,27,18,0,0,0,0,30.3,1.2000000000000002,908,89.52
2019,4,27,19,0,0,0,0,29.6,1,908,103.96000000000001
2019,4,27,20,0,0,0,0,29.200000000000003,1.6,909,117.63
2019,4,27,21,0,0,0,0,28.700000000000003,2.6,910,130.62
2019,4,27,22,0,0,0,0,28,3.2,910,142.20000000000002
2019,4,27,23,0,0,0,0,27,3.1,909,150.67000000000002
2019,4,28,0,0,0,0,0,26,2.5,909,152.91
2019,4,28,1,0,0,0,0,25.400000000000002,2.3000000000000003,908,147.61
2019,4,28,2,0,0,0,0,24.700000000000003,2.1,908,137.51
2019,4,28,3,0,0,0,0,24,1.7000000000000002,908,125.19
2019,4,28,4,0,0,0,0,23.200000000000003,1.3,908,111.86
2019,4,28,5,0,0,0,0,22.400000000000002,1.1,909,98.01
2019,4,28,6,0,17,0,17,24.1,2.3000000000000003,909,83.75
2019,4,28,7,0,98,0,98,26.8,2.3000000000000003,910,69.51
2019,4,28,8,0,259,44,234,30.200000000000003,2.1,910,55.09
2019,4,28,9,0,579,292,357,33.9,3,910,40.6
2019,4,28,10,0,521,86,444,36.1,3.5,909,26.07
2019,4,28,11,0,615,109,508,37.5,3.8000000000000003,908,11.53
2019,4,28,12,0,643,119,524,37.9,4,907,3.3000000000000003
2019,4,28,13,0,616,126,496,37,4.1000000000000005,906,17.72
2019,4,28,14,0,623,236,424,36,3.9000000000000004,906,32.26
2019,4,28,15,0,512,291,312,35.1,3.7,906,46.78
2019,4,28,16,0,188,23,177,34,3.7,906,61.230000000000004
2019,4,28,17,0,71,0,71,32.300000000000004,3.4000000000000004,907,75.59
2019,4,28,18,0,0,0,0,30.200000000000003,3.3000000000000003,908,89.49
2019,4,28,19,0,0,0,0,29,3,909,103.9
2019,4,28,20,0,0,0,0,27.5,2.1,909,117.54
2019,4,28,21,0,0,0,0,26.400000000000002,1.5,909,130.49
2019,4,28,22,0,0,0,0,25.8,1.1,909,142.01
2019,4,28,23,0,0,0,0,25.400000000000002,1,909,150.4
2019,4,29,0,0,0,0,0,25,1,908,152.6
2019,4,29,1,0,0,0,0,24.3,1,908,147.33
2019,4,29,2,0,0,0,0,23.5,1,908,137.29
2019,4,29,3,0,0,0,0,22.900000000000002,1,908,125.02
2019,4,29,4,0,0,0,0,22.5,1.1,908,111.72
2019,4,29,5,0,0,0,0,22.400000000000002,1.1,909,97.89
2019,4,29,6,0,43,53,38,24.400000000000002,2.5,910,83.65
2019,4,29,7,0,229,275,133,26.700000000000003,2.9000000000000004,910,69.42
2019,4,29,8,0,282,63,246,29.400000000000002,2.3000000000000003,911,55.03
2019,4,29,9,0,614,358,342,32,1.1,910,40.550000000000004
2019,4,29,10,0,797,444,398,34.6,0.7000000000000001,910,26.03
2019,4,29,11,0,824,371,461,36.6,1.9000000000000001,909,11.52
2019,4,29,12,0,817,321,497,37.300000000000004,2.6,908,3.44
2019,4,29,13,0,856,425,451,36.300000000000004,3.1,907,17.76
2019,4,29,14,0,684,333,402,35.6,3.2,906,32.29
2019,4,29,15,0,546,372,292,35,3.1,906,46.79
2019,4,29,16,0,383,346,216,34.300000000000004,2.9000000000000004,906,61.230000000000004
2019,4,29,17,0,154,148,117,33,2,907,75.57000000000001
2019,4,29,18,0,0,0,0,31.3,1.4000000000000001,907,89.46000000000001
2019,4,29,19,0,0,0,0,30.6,2,908,103.84
2019,4,29,20,0,0,0,0,29.8,2,908,117.45
2019,4,29,21,0,0,0,0,28.8,1.8,909,130.35
2019,4,29,22,0,0,0,0,28,2.1,909,141.81
2019,4,29,23,0,0,0,0,27.1,2.6,909,150.12
2019,4,30,0,0,0,0,0,26.3,2.8000000000000003,908,152.28
2019,4,30,1,0,0,0,0,25.5,2.7,908,147.06
2019,4,30,2,0,0,0,0,24.8,2.6,907,137.07
2019,4,30,3,0,0,0,0,24.1,2.3000000000000003,907,124.84
2019,4,30,4,0,0,0,0,23.5,2.1,908,111.58
2019,4,30,5,0,0,0,0,23.200000000000003,2.1,908,97.77
2019,4,30,6,0,46,45,41,24.3,3.3000000000000003,909,83.55
2019,4,30,7,0,258,274,162,26.700000000000003,3.9000000000000004,909,69.34
2019,4,30,8,0,491,450,233,29.1,3.7,910,54.96
2019,4,30,9,0,662,491,289,31,3.4000000000000004,909,40.5
2019,4,30,10,0,806,453,399,32.6,3,909,26
2019,4,30,11,0,886,416,478,34,2.9000000000000004,908,11.52
2019,4,30,12,0,862,388,475,35.1,3,907,3.61
2019,4,30,13,0,738,263,488,36.1,3.2,906,17.81
2019,4,30,14,0,666,305,408,36.1,3.5,905,32.31
2019,4,30,15,0,332,52,296,35.4,3.8000000000000003,905,46.800000000000004
2019,4,30,16,0,135,0,135,34.2,3.8000000000000003,905,61.22
2019,4,30,17,0,146,219,91,31.6,2.3000000000000003,905,75.54
2019,4,30,18,0,0,0,0,28.400000000000002,1.5,906,89.42
2019,4,30,19,0,0,0,0,27.6,1.4000000000000001,907,103.78
2019,4,30,20,0,0,0,0,26.8,1.3,907,117.36
2019,4,30,21,0,0,0,0,25.700000000000003,1.7000000000000002,908,130.22
2019,4,30,22,0,0,0,0,24.700000000000003,2.6,908,141.62
2019,4,30,23,0,0,0,0,23.700000000000003,3.3000000000000003,907,149.85
2019,5,1,0,0,0,0,0,22.900000000000002,3.8000000000000003,907,151.97
2019,5,1,1,0,0,0,0,22.5,4.3,907,146.79
2019,5,1,2,0,0,0,0,22.200000000000003,4.2,906,136.85
2019,5,1,3,0,0,0,0,22.1,3.9000000000000004,906,124.67
2019,5,1,4,0,0,0,0,21.900000000000002,3.8000000000000003,906,111.44
2019,5,1,5,0,0,0,0,21.700000000000003,3.8000000000000003,907,97.66
2019,5,1,6,0,26,0,26,22,4,907,83.46000000000001
2019,5,1,7,0,116,2,116,23.1,4.4,908,69.27
2019,5,1,8,0,313,97,257,25.200000000000003,4.6000000000000005,908,54.9
2019,5,1,9,0,550,239,368,27.700000000000003,4.6000000000000005,908,40.45
2019,5,1,10,0,806,453,399,29.900000000000002,4.5,908,25.97
2019,5,1,11,0,885,415,479,31.6,4.3,907,11.53
2019,5,1,12,0,788,273,516,32.6,3.9000000000000004,906,3.79
2019,5,1,13,0,724,244,492,33.1,3.4000000000000004,905,17.86
2019,5,1,14,0,492,92,414,33.1,3.1,905,32.34
2019,5,1,15,0,268,23,252,32.6,2.7,904,46.81
2019,5,1,16,0,97,0,97,31.400000000000002,2,904,61.22
2019,5,1,17,0,52,0,52,29.200000000000003,1.1,905,75.52
2019,5,1,18,0,0,0,0,27.700000000000003,1,905,89.38
2019,5,1,19,0,0,0,0,27.200000000000003,1.2000000000000002,906,103.71000000000001
2019,5,1,20,0,0,0,0,26.5,2.1,907,117.26
2019,5,1,21,0,0,0,0,25.200000000000003,3.9000000000000004,908,130.08
2019,5,1,22,0,0,0,0,23.400000000000002,4.7,908,141.42000000000002
2019,5,1,23,0,0,0,0,22.3,4,908,149.59
2019,5,2,0,0,0,0,0,21.5,3.3000000000000003,907,151.67000000000002
2019,5,2,1,0,0,0,0,21,3,906,146.52
2019,5,2,2,0,0,0,0,20.5,3,906,136.64000000000001
2019,5,2,3,0,0,0,0,20.3,3.3000000000000003,906,124.51
2019,5,2,4,0,0,0,0,20,3.5,906,111.31
2019,5,2,5,0,0,0,0,19.8,3.6,907,97.55
2019,5,2,6,0,58,86,48,20.700000000000003,4.4,907,83.37
2019,5,2,7,0,251,362,122,23.3,4.800000000000001,908,69.2
2019,5,2,8,0,447,379,229,26.8,5,908,54.84
2019,5,2,9,0,670,504,286,30.3,5.1000000000000005,908,40.410000000000004
2019,5,2,10,0,804,450,399,33.1,5,908,25.95
2019,5,2,11,0,904,433,479,35,4.800000000000001,907,11.55
2019,5,2,12,0,904,407,498,36.1,4.6000000000000005,906,3.98
2019,5,2,13,0,747,276,484,36.6,4.3,905,17.92
2019,5,2,14,0,831,764,185,36.5,4.1000000000000005,905,32.36
2019,5,2,15,0,583,494,245,35.9,3.9000000000000004,904,46.82
2019,5,2,16,0,376,429,170,34.6,3.5,904,61.21
2019,5,2,17,0,174,313,95,31.400000000000002,1.8,905,75.5
2019,5,2,18,0,0,0,0,28.700000000000003,1.7000000000000002,906,89.34
2019,5,2,19,0,0,0,0,27.700000000000003,3,907,103.65
2019,5,2,20,0,0,0,0,25.900000000000002,3.9000000000000004,908,117.17
2019,5,2,21,0,0,0,0,24.200000000000003,3.9000000000000004,908,129.95
2019,5,2,22,0,0,0,0,23.1,3.7,908,141.23
2019,5,2,23,0,0,0,0,22.200000000000003,3.2,907,149.32
2019,5,3,0,0,0,0,0,21.700000000000003,3.2,906,151.37
2019,5,3,1,0,0,0,0,21.3,3.3000000000000003,906,146.25
2019,5,3,2,0,0,0,0,21,3.3000000000000003,905,136.43
2019,5,3,3,0,0,0,0,20.8,3.4000000000000004,905,124.34
2019,5,3,4,0,0,0,0,20.700000000000003,3.5,906,111.17
2019,5,3,5,0,0,0,0,20.5,3.4000000000000004,907,97.45
2019,5,3,6,0,60,99,48,21.400000000000002,4.4,908,83.29
2019,5,3,7,0,234,280,134,23.8,5.1000000000000005,909,69.13
2019,5,3,8,0,474,475,200,26.8,5.2,909,54.79
2019,5,3,9,0,687,540,276,30,4.9,909,40.37
2019,5,3,10,0,892,749,218,32.800000000000004,4.5,909,25.93
2019,5,3,11,0,990,792,215,34.7,4,908,11.58
2019,5,3,12,0,930,435,496,35.800000000000004,3.5,907,4.18
2019,5,3,13,0,880,455,447,36.300000000000004,3.2,906,17.97
2019,5,3,14,0,833,774,179,36.2,3.1,906,32.39
2019,5,3,15,0,642,676,179,35.300000000000004,2.9000000000000004,906,46.82
2019,5,3,16,0,389,480,158,33.7,2.4000000000000004,906,61.2
2019,5,3,17,0,127,123,96,31,1.1,907,75.47
2019,5,3,18,0,0,0,0,29.200000000000003,0.9,908,89.31
2019,5,3,19,0,0,0,0,28.3,0.9,909,103.58
2019,5,3,20,0,0,0,0,27.3,1.1,910,117.07000000000001
2019,5,3,21,0,0,0,0,26.200000000000003,1.7000000000000002,910,129.81
2019,5,3,22,0,0,0,0,25,2.7,910,141.04
2019,5,3,23,0,0,0,0,23.6,3,910,149.06
2019,5,4,0,0,0,0,0,22.3,3.1,909,151.07
2019,5,4,1,0,0,0,0,21.3,3.1,908,145.99
2019,5,4,2,0,0,0,0,20.6,3,908,136.23
2019,5,4,3,0,0,0,0,20,2.9000000000000004,908,124.18
2019,5,4,4,0,0,0,0,19.6,2.7,909,111.05
2019,5,4,5,0,0,0,0,19.3,2.6,910,97.34
2019,5,4,6,0,46,49,40,20.6,3.4000000000000004,910,83.21000000000001
2019,5,4,7,0,212,194,143,23.400000000000002,3.8000000000000003,911,69.06
2019,5,4,8,0,433,337,239,26.8,3.7,912,54.74
2019,5,4,9,0,629,411,316,30.200000000000003,3.1,912,40.34
2019,5,4,10,0,807,456,398,32.4,2.7,911,25.92
2019,5,4,11,0,899,431,477,34,2.3000000000000003,911,11.620000000000001
2019,5,4,12,0,879,397,483,35,2.1,910,4.39
2019,5,4,13,0,883,462,443,35.4,2.2,909,18.03
2019,5,4,14,0,835,780,176,35,2.2,908,32.42
2019,5,4,15,0,585,502,242,34,2,908,46.83
2019,5,4,16,0,357,359,184,32.7,1.6,908,61.19
2019,5,4,17,0,176,311,98,30.900000000000002,0.8,909,75.45
2019,5,4,18,0,0,0,0,29.5,0.5,910,89.27
2019,5,4,19,0,0,0,0,29.5,0.2,911,103.51
2019,5,4,20,0,0,0,0,28.1,0.6000000000000001,911,116.97
2019,5,4,21,0,0,0,0,26.5,0.9,912,129.67000000000002
2019,5,4,22,0,0,0,0,25.3,1.2000000000000002,912,140.84
2019,5,4,23,0,0,0,0,24.400000000000002,1.5,911,148.8
2019,5,5,0,0,0,0,0,23.6,1.8,911,150.78
2019,5,5,1,0,0,0,0,22.8,1.8,911,145.74
2019,5,5,2,0,0,0,0,22,1.2000000000000002,910,136.02
2019,5,5,3,0,0,0,0,21.400000000000002,0.6000000000000001,911,124.02
2019,5,5,4,0,0,0,0,21.200000000000003,0.6000000000000001,911,110.92
2019,5,5,5,0,0,0,0,20.900000000000002,0.7000000000000001,911,97.24000000000001
2019,5,5,6,0,65,165,46,22.900000000000002,1.8,912,83.13
2019,5,5,7,0,287,492,110,26.1,1.9000000000000001,912,69
2019,5,5,8,0,524,652,147,29.3,1.8,913,54.69
2019,5,5,9,0,735,738,172,31.900000000000002,1.8,912,40.31
2019,5,5,10,0,894,785,189,33.7,1.8,912,25.92
2019,5,5,11,0,1000,848,170,35.1,1.7000000000000002,911,11.67
2019,5,5,12,0,1018,844,177,35.9,1.5,910,4.6000000000000005
2019,5,5,13,0,961,824,178,36,1.4000000000000001,909,18.09
2019,5,5,14,0,834,791,166,35.7,1.4000000000000001,908,32.44
2019,5,5,15,0,644,682,178,34.7,1.4000000000000001,908,46.84
2019,5,5,16,0,418,589,134,33.7,1.4000000000000001,908,61.18
2019,5,5,17,0,179,362,88,31.900000000000002,0.9,909,75.42
2019,5,5,18,0,0,0,0,29.700000000000003,0.7000000000000001,910,89.22
2019,5,5,19,0,0,0,0,28.900000000000002,0.8,910,103.44
2019,5,5,20,0,0,0,0,28.1,0.8,911,116.88
2019,5,5,21,0,0,0,0,27.5,0.8,911,129.53
2019,5,5,22,0,0,0,0,26.700000000000003,1.1,912,140.65
2019,5,5,23,0,0,0,0,25.8,1.5,911,148.54
2019,5,6,0,0,0,0,0,25.200000000000003,1.7000000000000002,911,150.49
2019,5,6,1,0,0,0,0,24.700000000000003,1.6,910,145.49
2019,5,6,2,0,0,0,0,24.1,1.3,910,135.83
2019,5,6,3,0,0,0,0,23.700000000000003,1.1,910,123.87
2019,5,6,4,0,0,0,0,23.400000000000002,0.8,910,110.8
2019,5,6,5,0,0,0,0,23.400000000000002,0.7000000000000001,910,97.14
2019,5,6,6,0,64,139,47,24.6,1.4000000000000001,911,83.05
2019,5,6,7,0,271,449,110,26.900000000000002,1.6,911,68.94
2019,5,6,8,0,520,647,146,29.6,1.1,912,54.65
2019,5,6,9,0,730,739,166,32,0.8,911,40.29
2019,5,6,10,0,888,781,185,33.800000000000004,0.9,911,25.92
2019,5,6,11,0,915,455,470,34.9,0.9,910,11.72
2019,5,6,12,0,1013,842,174,34.9,0.7000000000000001,909,4.8100000000000005
2019,5,6,13,0,956,821,176,35.300000000000004,0.5,908,18.150000000000002
2019,5,6,14,0,831,795,161,34.9,0.7000000000000001,907,32.47
2019,5,6,15,0,644,724,149,33.9,1.2000000000000002,907,46.84
2019,5,6,16,0,379,441,166,32.9,1.6,907,61.17
2019,5,6,17,0,172,379,77,31.200000000000003,1.3,908,75.39
2019,5,6,18,0,0,0,0,29.1,1.1,908,89.18
2019,5,6,19,0,0,0,0,28.3,1.4000000000000001,909,103.37
2019,5,6,20,0,0,0,0,27.6,1.5,910,116.78
2019,5,6,21,0,0,0,0,27.1,1.5,910,129.39000000000001
2019,5,6,22,0,0,0,0,26.400000000000002,1.8,910,140.45000000000002
2019,5,6,23,0,0,0,0,25.8,2.1,910,148.29
2019,5,7,0,0,0,0,0,25.1,2,909,150.21
2019,5,7,1,0,0,0,0,24.400000000000002,1.6,908,145.24
2019,5,7,2,0,0,0,0,23.900000000000002,1.3,908,135.63
2019,5,7,3,0,0,0,0,23.5,1.1,908,123.72
2019,5,7,4,0,0,0,0,23.3,1,909,110.68
2019,5,7,5,0,0,0,0,23.1,1.4000000000000001,909,97.05
2019,5,7,6,0,6,0,6,24.1,3,910,82.98
2019,5,7,7,0,22,0,22,25.900000000000002,3.8000000000000003,911,68.88
2019,5,7,8,0,292,71,251,28.6,3.9000000000000004,911,54.61
2019,5,7,9,0,537,217,371,31.200000000000003,3.8000000000000003,911,40.27
2019,5,7,10,0,679,251,454,33.1,3.6,910,25.92
2019,5,7,11,0,827,379,455,34.4,3.3000000000000003,910,11.790000000000001
2019,5,7,12,0,862,390,473,35.1,3.2,909,5.03
2019,5,7,13,0,821,406,436,34.7,3.2,908,18.21
2019,5,7,14,0,782,597,279,32.7,3.4000000000000004,907,32.5
2019,5,7,15,0,545,374,289,31.3,3.6,908,46.85
2019,5,7,16,0,386,393,196,29.8,3.5,908,61.160000000000004
2019,5,7,17,0,8,0,8,28.200000000000003,2.7,909,75.36
2019,5,7,18,0,0,0,0,26.8,2.1,909,89.13
2019,5,7,19,0,0,0,0,25.900000000000002,2.2,910,103.3
2019,5,7,20,0,0,0,0,25.1,2.5,910,116.68
2019,5,7,21,0,0,0,0,24.5,2.9000000000000004,910,129.25
2019,5,7,22,0,0,0,0,23.900000000000002,3.3000000000000003,910,140.26
2019,5,7,23,0,0,0,0,23.400000000000002,3.2,909,148.03
2019,5,8,0,0,0,0,0,22.900000000000002,3,909,149.94
2019,5,8,1,0,0,0,0,22.6,3.2,909,145
2019,5,8,2,0,0,0,0,22.3,3.6,908,135.44
2019,5,8,3,0,0,0,0,22,3.9000000000000004,909,123.57000000000001
2019,5,8,4,0,0,0,0,21.700000000000003,3.9000000000000004,909,110.56
2019,5,8,5,0,0,0,0,21.5,3.6,909,96.96000000000001
2019,5,8,6,0,43,16,41,21.8,3.8000000000000003,910,82.91
2019,5,8,7,0,198,141,147,23.1,4,911,68.83
2019,5,8,8,0,315,97,259,25,4.4,911,54.58
2019,5,8,9,0,631,416,313,26.900000000000002,4.4,912,40.25
2019,5,8,10,0,678,250,453,28.6,4.3,911,25.93
2019,5,8,11,0,872,410,470,29.900000000000002,4.1000000000000005,911,11.85
2019,5,8,12,0,962,677,288,30.6,3.9000000000000004,910,5.25
2019,5,8,13,0,839,419,442,30.8,3.6,909,18.27
2019,5,8,14,0,761,493,345,30.3,3.2,908,32.52
2019,5,8,15,0,602,516,249,29.8,2.8000000000000003,908,46.85
2019,5,8,16,0,387,394,196,28.900000000000002,2.1,908,61.15
2019,5,8,17,0,162,190,114,27.200000000000003,1.6,909,75.33
2019,5,8,18,0,0,0,0,25.8,1.8,909,89.09
2019,5,8,19,0,0,0,0,25.1,2.4000000000000004,910,103.23
2019,5,8,20,0,0,0,0,24.400000000000002,2.8000000000000003,910,116.58
2019,5,8,21,0,0,0,0,23.8,3.3000000000000003,910,129.11
2019,5,8,22,0,0,0,0,23.200000000000003,3.6,910,140.07
2019,5,8,23,0,0,0,0,22.6,3.6,910,147.79
2019,5,9,0,0,0,0,0,22,3.4000000000000004,909,149.66
2019,5,9,1,0,0,0,0,21.5,3.1,908,144.76
2019,5,9,2,0,0,0,0,21,2.8000000000000003,908,135.26
2019,5,9,3,0,0,0,0,20.6,2.7,908,123.43
2019,5,9,4,0,0,0,0,20.200000000000003,2.4000000000000004,908,110.45
2019,5,9,5,0,0,0,0,19.900000000000002,2.5,909,96.87
2019,5,9,6,0,53,84,43,21.1,3.7,909,82.84
2019,5,9,7,0,281,406,134,23.6,4.4,910,68.78
2019,5,9,8,0,402,252,256,26.400000000000002,4.5,910,54.550000000000004
2019,5,9,9,0,642,446,302,29.3,4.2,910,40.24
2019,5,9,10,0,780,429,394,31.6,3.9000000000000004,910,25.94
2019,5,9,11,0,887,420,476,33,3.7,909,11.93
2019,5,9,12,0,998,798,203,34,3.7,908,5.46
2019,5,9,13,0,944,788,196,34.6,3.6,907,18.330000000000002
2019,5,9,14,0,733,454,351,34.4,3.5,907,32.55
2019,5,9,15,0,574,474,250,33.7,3.2,907,46.86
2019,5,9,16,0,318,238,204,32.7,2.8000000000000003,907,61.13
2019,5,9,17,0,104,42,93,30.5,1.3,907,75.3
2019,5,9,18,0,0,0,0,28.3,0.8,908,89.05
2019,5,9,19,0,0,0,0,28.200000000000003,0.8,908,103.16
2019,5,9,20,0,0,0,0,28.200000000000003,0.6000000000000001,909,116.47
2019,5,9,21,0,0,0,0,28.1,0.30000000000000004,909,128.98
2019,5,9,22,0,0,0,0,27.3,0.5,909,139.88
2019,5,9,23,0,0,0,0,25.700000000000003,0.8,908,147.54
2019,5,10,0,0,0,0,0,24.1,1,908,149.4
2019,5,10,1,0,0,0,0,23.200000000000003,1.5,907,144.53
2019,5,10,2,0,0,0,0,22.200000000000003,2.1,907,135.08
2019,5,10,3,0,0,0,0,21.200000000000003,2.7,907,123.29
2019,5,10,4,0,0,0,0,20.400000000000002,2.6,908,110.34
2019,5,10,5,0,0,0,0,20.1,2.4000000000000004,909,96.79
2019,5,10,6,0,41,0,41,21.5,3.2,909,82.78
2019,5,10,7,0,185,104,147,24.6,3.4000000000000004,910,68.74
2019,5,10,8,0,449,378,230,28.700000000000003,3.8000000000000003,910,54.52
2019,5,10,9,0,716,662,210,31.6,3.9000000000000004,910,40.230000000000004
2019,5,10,10,0,873,719,227,33.5,3.7,910,25.96
2019,5,10,11,0,974,775,215,34.9,3.3000000000000003,909,12.01
2019,5,10,12,0,992,777,219,35.800000000000004,2.9000000000000004,908,5.68
2019,5,10,13,0,935,746,227,36.2,2.7,907,18.39
2019,5,10,14,0,751,477,348,36,2.5,906,32.57
2019,5,10,15,0,621,602,209,35.2,2.3000000000000003,906,46.86
2019,5,10,16,0,407,513,159,33.9,1.8,906,61.120000000000005
2019,5,10,17,0,175,286,102,31.900000000000002,0.9,907,75.27
2019,5,10,18,0,0,0,0,30.1,0.7000000000000001,907,89
2019,5,10,19,0,0,0,0,29.5,0.8,908,103.08
2019,5,10,20,0,0,0,0,28.8,0.8,909,116.37
2019,5,10,21,0,0,0,0,27.900000000000002,0.9,909,128.84
2019,5,10,22,0,0,0,0,26.8,1,909,139.69
2019,5,10,23,0,0,0,0,25.8,1.2000000000000002,909,147.3
2019,5,11,0,0,0,0,0,24.8,1.3,908,149.13
2019,5,11,1,0,0,0,0,24,1.4000000000000001,908,144.3
2019,5,11,2,0,0,0,0,23.3,1.3,908,134.9
2019,5,11,3,0,0,0,0,22.700000000000003,1.3,908,123.15
2019,5,11,4,0,0,0,0,22.1,1.3,909,110.24000000000001
2019,5,11,5,0,0,0,0,21.8,1.3,910,96.71000000000001
2019,5,11,6,0,60,70,51,23.200000000000003,2.1,911,82.72
2019,5,11,7,0,233,259,139,26,1.9000000000000001,911,68.69
2019,5,11,8,0,427,315,244,28.900000000000002,1.9000000000000001,912,54.49
2019,5,11,9,0,708,612,241,31.3,1.8,912,40.22
2019,5,11,10,0,502,75,434,33.2,1.7000000000000002,911,25.98
2019,5,11,11,0,968,761,224,34.7,1.6,910,12.1
2019,5,11,12,0,746,226,521,35.5,1.7000000000000002,909,5.89
2019,5,11,13,0,712,236,488,35.300000000000004,2,908,18.46
2019,5,11,14,0,721,439,351,34.1,2.1,908,32.6
2019,5,11,15,0,610,571,219,33,2.1,908,46.86
2019,5,11,16,0,19,0,19,32.1,1.8,908,61.1
2019,5,11,17,0,10,0,10,30.700000000000003,1.1,908,75.23
2019,5,11,18,0,1,0,1,29.200000000000003,0.6000000000000001,909,88.95
2019,5,11,19,0,0,0,0,28.8,0.6000000000000001,909,103.01
2019,5,11,20,0,0,0,0,28.3,0.7000000000000001,910,116.27
2019,5,11,21,0,0,0,0,27.6,0.8,910,128.7
2019,5,11,22,0,0,0,0,26.8,0.8,910,139.51
2019,5,11,23,0,0,0,0,26,0.8,909,147.06
2019,5,12,0,0,0,0,0,25.6,0.6000000000000001,909,148.88
2019,5,12,1,0,0,0,0,25.5,0.2,909,144.08
2019,5,12,2,0,0,0,0,25,0.6000000000000001,909,134.73
2019,5,12,3,0,0,0,0,23.900000000000002,1,909,123.02
2019,5,12,4,0,0,0,0,23.200000000000003,1.6,909,110.14
2019,5,12,5,0,0,0,0,22.8,2,910,96.63
2019,5,12,6,0,6,0,6,23.200000000000003,2.4000000000000004,910,82.67
2019,5,12,7,0,124,6,122,24.8,2.5,911,68.66
2019,5,12,8,0,251,36,230,27.5,2.2,911,54.47
2019,5,12,9,0,451,109,368,30.400000000000002,1.9000000000000001,911,40.22
2019,5,12,10,0,767,416,393,32.6,1.4000000000000001,910,26.01
2019,5,12,11,0,810,358,460,33.9,0.8,909,12.19
2019,5,12,12,0,971,702,273,34.6,0.4,909,6.11
2019,5,12,13,0,913,666,281,34.9,0.5,908,18.52
2019,5,12,14,0,750,478,347,34.800000000000004,0.5,907,32.62
2019,5,12,15,0,543,372,289,34.300000000000004,0.6000000000000001,907,46.86
2019,5,12,16,0,400,458,178,33.300000000000004,0.9,907,61.08
2019,5,12,17,0,171,245,109,32,0.9,907,75.2
2019,5,12,18,0,5,2,5,29.6,0.7000000000000001,908,88.9
2019,5,12,19,0,0,0,0,28.6,0.8,908,102.93
2019,5,12,20,0,0,0,0,27.8,0.9,909,116.17
2019,5,12,21,0,0,0,0,27,1,909,128.56
2019,5,12,22,0,0,0,0,26.1,1.1,909,139.32
2019,5,12,23,0,0,0,0,25.1,1.3,909,146.83
2019,5,13,0,0,0,0,0,24.1,1.5,908,148.63
2019,5,13,1,0,0,0,0,23.3,1.6,908,143.86
2019,5,13,2,0,0,0,0,22.700000000000003,1.5,908,134.56
2019,5,13,3,0,0,0,0,22.200000000000003,1.2000000000000002,908,122.89
2019,5,13,4,0,0,0,0,21.8,0.8,908,110.04
2019,5,13,5,0,0,0,0,21.700000000000003,0.9,909,96.56
2019,5,13,6,0,66,100,53,23.3,2.1,910,82.61
2019,5,13,7,0,280,394,136,26.200000000000003,2.6,910,68.62
2019,5,13,8,0,510,575,176,29.1,2.7,910,54.45
2019,5,13,9,0,716,673,201,31.3,2.5,910,40.22
2019,5,13,10,0,869,721,221,33,2.2,910,26.04
2019,5,13,11,0,974,790,202,34.4,2,909,12.290000000000001
2019,5,13,12,0,991,787,210,34.800000000000004,2,908,6.32
2019,5,13,13,0,938,778,200,34.7,1.9000000000000001,907,18.580000000000002
2019,5,13,14,0,736,459,349,33.9,1.7000000000000002,907,32.64
2019,5,13,15,0,345,63,302,33.1,1.5,906,46.86
2019,5,13,16,0,35,0,35,32.300000000000004,1.2000000000000002,907,61.07
2019,5,13,17,0,8,0,8,31.3,0.7000000000000001,907,75.16
2019,5,13,18,0,1,0,1,30.700000000000003,0.2,908,88.86
2019,5,13,19,0,0,0,0,29.8,0.4,908,102.86
2019,5,13,20,0,0,0,0,28.3,0.6000000000000001,909,116.06
2019,5,13,21,0,0,0,0,27.200000000000003,0.7000000000000001,909,128.42000000000002
2019,5,13,22,0,0,0,0,26.400000000000002,0.7000000000000001,909,139.14000000000001
2019,5,13,23,0,0,0,0,25.5,0.6000000000000001,909,146.59
2019,5,14,0,0,0,0,0,24.900000000000002,0.4,909,148.38
2019,5,14,1,0,0,0,0,24.200000000000003,0.4,908,143.65
2019,5,14,2,0,0,0,0,23.900000000000002,0.8,908,134.39000000000001
2019,5,14,3,0,0,0,0,23.3,1.2000000000000002,908,122.77
2019,5,14,4,0,0,0,0,22.700000000000003,1.8,908,109.95
2019,5,14,5,0,0,0,0,22.400000000000002,2.6,909,96.49000000000001
2019,5,14,6,0,65,97,53,22.900000000000002,3.5,909,82.56
2019,5,14,7,0,45,0,45,24.400000000000002,4,910,68.59
2019,5,14,8,0,416,284,250,26.6,4.2,910,54.44
2019,5,14,9,0,711,652,213,28.900000000000002,4.2,910,40.230000000000004
2019,5,14,10,0,865,706,231,30.5,3.9000000000000004,910,26.07
2019,5,14,11,0,964,764,218,31.6,3.6,909,12.39
2019,5,14,12,0,986,776,215,32.6,3.3000000000000003,909,6.53
2019,5,14,13,0,933,766,207,33.5,3,908,18.650000000000002
2019,5,14,14,0,805,705,212,33.7,2.8000000000000003,907,32.660000000000004
2019,5,14,15,0,630,658,180,33.5,2.4000000000000004,907,46.86
2019,5,14,16,0,378,433,168,32.7,1.9000000000000001,907,61.050000000000004
2019,5,14,17,0,155,251,91,31.1,0.9,907,75.13
2019,5,14,18,0,8,10,7,29.900000000000002,0.4,907,88.8
2019,5,14,19,0,0,0,0,29.400000000000002,0.30000000000000004,908,102.78
2019,5,14,20,0,0,0,0,27.700000000000003,0.8,908,115.96000000000001
2019,5,14,21,0,0,0,0,25.700000000000003,1,908,128.28
2019,5,14,22,0,0,0,0,24.700000000000003,1.2000000000000002,909,138.96
2019,5,14,23,0,0,0,0,24.200000000000003,1.4000000000000001,909,146.37
2019,5,15,0,0,0,0,0,24.1,2,909,148.14000000000001
2019,5,15,1,0,0,0,0,23.700000000000003,2.4000000000000004,909,143.44
2019,5,15,2,0,0,0,0,23.3,2.2,908,134.23
2019,5,15,3,0,0,0,0,22.900000000000002,1.4000000000000001,909,122.65
2019,5,15,4,0,0,0,0,22.5,0.7000000000000001,909,109.86
2019,5,15,5,0,0,0,0,22.400000000000002,0.7000000000000001,910,96.42
2019,5,15,6,0,62,71,52,23.6,2,910,82.52
2019,5,15,7,0,272,319,155,26,2.4000000000000004,911,68.56
2019,5,15,8,0,497,487,214,28.5,2.6,911,54.43
2019,5,15,9,0,699,591,247,30.400000000000002,2.8000000000000003,911,40.24
2019,5,15,10,0,857,665,259,31.8,2.9000000000000004,910,26.11
2019,5,15,11,0,960,746,232,32.5,2.8000000000000003,910,12.49
2019,5,15,12,0,977,738,243,33.2,2.6,909,6.73
2019,5,15,13,0,919,707,249,33.1,2.3000000000000003,908,18.71
2019,5,15,14,0,718,437,350,32.7,2,907,32.68
2019,5,15,15,0,46,0,46,32.2,1.6,907,46.86
2019,5,15,16,0,19,0,19,31.5,1.2000000000000002,908,61.02
2019,5,15,17,0,8,0,8,29.900000000000002,0.9,908,75.09
2019,5,15,18,0,1,0,1,27.8,0.8,909,88.75
2019,5,15,19,0,0,0,0,26.900000000000002,1.1,909,102.7
2019,5,15,20,0,0,0,0,26.3,1.2000000000000002,910,115.86
2019,5,15,21,0,0,0,0,25.8,1.3,910,128.15
2019,5,15,22,0,0,0,0,25.3,1.3,910,138.78
2019,5,15,23,0,0,0,0,24.900000000000002,1.2000000000000002,909,146.14000000000001
2019,5,16,0,0,0,0,0,24.400000000000002,0.9,909,147.9
2019,5,16,1,0,0,0,0,24.1,0.4,909,143.24
2019,5,16,2,0,0,0,0,23.6,1,909,134.08
2019,5,16,3,0,0,0,0,23.200000000000003,1.6,910,122.53
2019,5,16,4,0,0,0,0,22.700000000000003,1.1,910,109.77
2019,5,16,5,0,0,0,0,22.200000000000003,0.9,910,96.36
2019,5,16,6,0,57,51,50,23.1,2.2,910,82.47
2019,5,16,7,0,269,294,162,25.200000000000003,2.8000000000000003,911,68.53
2019,5,16,8,0,498,484,216,28.400000000000002,2.4000000000000004,911,54.42
2019,5,16,9,0,703,600,245,31.3,1.7000000000000002,911,40.25
2019,5,16,10,0,860,666,262,33.1,1.8,911,26.150000000000002
2019,5,16,11,0,958,715,260,34.4,1.9000000000000001,910,12.6
2019,5,16,12,0,977,718,264,35.300000000000004,1.8,909,6.93
2019,5,16,13,0,921,696,262,35.2,1.8,908,18.77
2019,5,16,14,0,806,689,226,35,1.9000000000000001,908,32.7
2019,5,16,15,0,516,310,304,34.6,1.9000000000000001,908,46.85
2019,5,16,16,0,405,481,171,33.5,1.8,908,61
2019,5,16,17,0,176,270,106,31.8,1,909,75.05
2019,5,16,18,0,6,4,6,29.6,0.7000000000000001,909,88.7
2019,5,16,19,0,0,0,0,28.700000000000003,0.8,910,102.62
2019,5,16,20,0,0,0,0,27.8,0.8,910,115.75
2019,5,16,21,0,0,0,0,26.700000000000003,1,910,128.01
2019,5,16,22,0,0,0,0,25.6,1,910,138.6
2019,5,16,23,0,0,0,0,24.8,1.1,910,145.93
2019,5,17,0,0,0,0,0,24.1,1,909,147.67000000000002
2019,5,17,1,0,0,0,0,23.6,1,909,143.05
2019,5,17,2,0,0,0,0,23.700000000000003,0.9,909,133.93
2019,5,17,3,0,0,0,0,23.5,0.9,909,122.42
2019,5,17,4,0,0,0,0,23.200000000000003,1.1,910,109.69
2019,5,17,5,0,0,0,0,23,1.1,910,96.3
2019,5,17,6,0,54,42,49,23.400000000000002,2,910,82.43
2019,5,17,7,0,265,251,173,24.5,2.4000000000000004,911,68.51
2019,5,17,8,0,489,424,242,26.900000000000002,2.4000000000000004,912,54.410000000000004
2019,5,17,9,0,690,540,278,29.400000000000002,2,912,40.26
2019,5,17,10,0,844,609,298,31.3,1.4000000000000001,911,26.19
2019,5,17,11,0,949,707,259,32.300000000000004,0.9,911,12.71
2019,5,17,12,0,819,351,471,32.5,0.6000000000000001,910,7.13
2019,5,17,13,0,882,478,429,32.2,0.4,909,18.830000000000002
2019,5,17,14,0,116,0,116,31.900000000000002,0.4,908,32.72
2019,5,17,15,0,80,0,80,31.6,0.6000000000000001,908,46.85
2019,5,17,16,0,19,0,19,31.200000000000003,0.7000000000000001,908,60.980000000000004
2019,5,17,17,0,150,217,94,30.200000000000003,0.6000000000000001,909,75.01
2019,5,17,18,0,6,5,6,28.3,0.7000000000000001,909,88.65
2019,5,17,19,0,0,0,0,27.200000000000003,0.8,910,102.54
2019,5,17,20,0,0,0,0,26.200000000000003,0.9,910,115.65
2019,5,17,21,0,0,0,0,25.3,1,910,127.88000000000001
2019,5,17,22,0,0,0,0,24.5,1,910,138.43
2019,5,17,23,0,0,0,0,23.8,1,909,145.71
2019,5,18,0,0,0,0,0,23.1,1,909,147.45000000000002
2019,5,18,1,0,0,0,0,22.3,1,908,142.85
2019,5,18,2,0,0,0,0,21.6,1,908,133.78
2019,5,18,3,0,0,0,0,21.1,1.1,908,122.31
2019,5,18,4,0,0,0,0,20.8,1.1,908,109.61
2019,5,18,5,0,0,0,0,20.700000000000003,1.2000000000000002,909,96.24000000000001
2019,5,18,6,0,68,109,53,22.5,2.4000000000000004,910,82.4
2019,5,18,7,0,281,377,142,25.6,2.1,910,68.49
2019,5,18,8,0,507,535,196,29.400000000000002,1.2000000000000002,910,54.410000000000004
2019,5,18,9,0,707,624,231,31.6,0.30000000000000004,910,40.28
2019,5,18,10,0,859,674,255,33.5,1.2000000000000002,910,26.240000000000002
2019,5,18,11,0,983,833,171,34.6,1.6,909,12.82
2019,5,18,12,0,997,820,184,35,2,908,7.33
2019,5,18,13,0,941,799,185,34.7,2.2,907,18.89
2019,5,18,14,0,675,333,394,33.800000000000004,2.3000000000000003,907,32.74
2019,5,18,15,0,626,637,190,33,2.3000000000000003,907,46.84
2019,5,18,16,0,408,518,156,32,1.9000000000000001,907,60.95
2019,5,18,17,0,179,301,101,30,1.2000000000000002,907,74.97
2019,5,18,18,0,7,3,7,28.3,1.1,908,88.59
2019,5,18,19,0,0,0,0,27.6,1.3,909,102.47
2019,5,18,20,0,0,0,0,27.1,1.3,909,115.55
2019,5,18,21,0,0,0,0,26.6,1.2000000000000002,910,127.74000000000001
2019,5,18,22,0,0,0,0,26.1,1.1,910,138.26
2019,5,18,23,0,0,0,0,25.6,0.9,909,145.5
2019,5,19,0,0,0,0,0,25.3,0.9,909,147.23
2019,5,19,1,0,0,0,0,24.8,0.9,908,142.67000000000002
2019,5,19,2,0,0,0,0,24.400000000000002,0.9,908,133.64000000000001
2019,5,19,3,0,0,0,0,23.700000000000003,0.9,908,122.21000000000001
2019,5,19,4,0,0,0,0,23.1,0.9,908,109.53
2019,5,19,5,0,0,0,0,22.700000000000003,0.8,908,96.19
2019,5,19,6,0,70,122,54,24.400000000000002,1.4000000000000001,909,82.36
2019,5,19,7,0,284,407,134,27.200000000000003,1.5,910,68.47
2019,5,19,8,0,513,574,179,30.400000000000002,1,910,54.410000000000004
2019,5,19,9,0,719,671,207,32.300000000000004,1,910,40.300000000000004
2019,5,19,10,0,874,724,225,34,1.3,910,26.29
2019,5,19,11,0,982,812,190,35.2,1.6,909,12.94
2019,5,19,12,0,1002,812,197,36.1,1.7000000000000002,908,7.5200000000000005
2019,5,19,13,0,947,794,195,36.4,1.8,907,18.94
2019,5,19,14,0,829,789,166,36.5,1.9000000000000001,906,32.75
2019,5,19,15,0,646,718,154,36.1,2.1,906,46.83
2019,5,19,16,0,420,590,134,35,2.2,906,60.93
2019,5,19,17,0,122,88,99,32.6,1.3,907,74.93
2019,5,19,18,0,8,8,8,30.1,1.1,908,88.54
2019,5,19,19,0,0,0,0,29.200000000000003,1.4000000000000001,909,102.39
2019,5,19,20,0,0,0,0,28.400000000000002,1.8,909,115.44
2019,5,19,21,0,0,0,0,27.6,2.6,910,127.61
2019,5,19,22,0,0,0,0,26.8,3.5,910,138.08
2019,5,19,23,0,0,0,0,25.900000000000002,3.5,910,145.29
2019,5,20,0,0,0,0,0,25.200000000000003,3.4000000000000004,910,147.02
2019,5,20,1,0,0,0,0,24.700000000000003,3,909,142.49
2019,5,20,2,0,0,0,0,24.200000000000003,2.7,909,133.5
2019,5,20,3,0,0,0,0,23.700000000000003,2.3000000000000003,909,122.11
2019,5,20,4,0,0,0,0,23.1,1.9000000000000001,909,109.46000000000001
2019,5,20,5,0,0,0,0,22.700000000000003,1.6,909,96.14
2019,5,20,6,0,68,108,54,24.3,2.4000000000000004,910,82.33
2019,5,20,7,0,277,364,143,27,2.3000000000000003,911,68.46000000000001
2019,5,20,8,0,502,508,206,29.1,1.9000000000000001,911,54.410000000000004
2019,5,20,9,0,701,590,250,30.900000000000002,1.5,911,40.32
2019,5,20,10,0,855,651,272,32.6,1.1,911,26.34
2019,5,20,11,0,988,846,163,34.4,0.8,910,13.05
2019,5,20,12,0,1008,848,167,35.5,0.9,909,7.7
2019,5,20,13,0,952,823,174,36,1.1,908,19
2019,5,20,14,0,665,320,396,35.5,1.3,907,32.77
2019,5,20,15,0,430,155,325,34.9,1.5,907,46.82
2019,5,20,16,0,406,475,175,34,1.6,907,60.9
2019,5,20,17,0,178,253,112,32.1,1.1,907,74.88
2019,5,20,18,0,7,3,6,29.900000000000002,1,908,88.48
2019,5,20,19,0,0,0,0,29,1.4000000000000001,909,102.31
2019,5,20,20,0,0,0,0,28.1,2,909,115.34
2019,5,20,21,0,0,0,0,27.200000000000003,3,910,127.48
2019,5,20,22,0,0,0,0,26,3.5,910,137.92000000000002
2019,5,20,23,0,0,0,0,24.900000000000002,3.4000000000000004,910,145.09
2019,5,21,0,0,0,0,0,24,2.8000000000000003,909,146.81
2019,5,21,1,0,0,0,0,23.1,2.2,909,142.31
2019,5,21,2,0,0,0,0,22.5,1.8,908,133.37
2019,5,21,3,0,0,0,0,22.1,1.6,909,122.01
2019,5,21,4,0,0,0,0,21.8,1.3,909,109.39
2019,5,21,5,0,0,0,0,21.5,1.1,910,96.09
2019,5,21,6,0,73,143,54,23.5,1.9000000000000001,910,82.31
2019,5,21,7,0,288,433,129,26.700000000000003,2.2,911,68.45
2019,5,21,8,0,517,588,175,29.8,1.7000000000000002,911,54.42
2019,5,21,9,0,720,679,202,32.300000000000004,0.9,911,40.35
2019,5,21,10,0,877,739,215,34.1,0.9,911,26.39
2019,5,21,11,0,978,794,205,35.6,1.3,910,13.17
2019,5,21,12,0,996,798,205,36.6,1.7000000000000002,909,7.88
2019,5,21,13,0,944,781,206,37,2,908,19.05
2019,5,21,14,0,764,510,336,37,2.3000000000000003,907,32.78
2019,5,21,15,0,629,618,206,36.4,2.5,907,46.81
2019,5,21,16,0,144,1,143,35.2,2.6,907,60.870000000000005
2019,5,21,17,0,178,262,109,32.6,1.6,907,74.84
2019,5,21,18,0,7,3,7,29.900000000000002,1.7000000000000002,908,88.42
2019,5,21,19,0,0,0,0,28.900000000000002,2.7,909,102.23
2019,5,21,20,0,0,0,0,27.900000000000002,3.5,910,115.24000000000001
2019,5,21,21,0,0,0,0,26.900000000000002,3.5,910,127.35000000000001
2019,5,21,22,0,0,0,0,26.1,3,910,137.75
2019,5,21,23,0,0,0,0,25.1,2.1,910,144.9
2019,5,22,0,0,0,0,0,24.400000000000002,1.5,909,146.61
2019,5,22,1,0,0,0,0,23.900000000000002,1.3,908,142.15
2019,5,22,2,0,0,0,0,23.400000000000002,1.3,908,133.25
2019,5,22,3,0,0,0,0,23.200000000000003,1.6,908,121.92
2019,5,22,4,0,0,0,0,22.900000000000002,1.9000000000000001,908,109.33
2019,5,22,5,0,0,0,0,22.900000000000002,2.1,909,96.05
2019,5,22,6,0,66,79,55,23.8,2.9000000000000004,910,82.28
2019,5,22,7,0,274,327,154,25.5,3.4000000000000004,911,68.44
2019,5,22,8,0,499,503,206,27.6,3.4000000000000004,911,54.43
2019,5,22,9,0,702,618,232,29.3,2.6,911,40.38
2019,5,22,10,0,859,684,246,30.8,1.7000000000000002,910,26.45
2019,5,22,11,0,989,868,145,32,1.1,910,13.290000000000001
2019,5,22,12,0,788,291,499,32.800000000000004,0.9,909,8.06
2019,5,22,13,0,447,39,410,33.1,1,908,19.11
2019,5,22,14,0,659,311,398,33.2,1.3,907,32.79
2019,5,22,15,0,625,629,195,32.9,1.5,907,46.800000000000004
2019,5,22,16,0,285,152,211,32.1,1.5,907,60.84
2019,5,22,17,0,182,302,103,30.8,0.9,908,74.79
2019,5,22,18,0,8,6,8,28.6,0.6000000000000001,908,88.37
2019,5,22,19,0,0,0,0,27.6,0.8,909,102.15
2019,5,22,20,0,0,0,0,26.8,0.9,909,115.14
2019,5,22,21,0,0,0,0,26.400000000000002,1,910,127.22
2019,5,22,22,0,0,0,0,26.1,1.1,910,137.59
2019,5,22,23,0,0,0,0,25.400000000000002,1.1,910,144.70000000000002
2019,5,23,0,0,0,0,0,24.8,1.1,909,146.41
2019,5,23,1,0,0,0,0,24.200000000000003,1.3,908,141.98
2019,5,23,2,0,0,0,0,23.700000000000003,1.8,908,133.12
2019,5,23,3,0,0,0,0,23,1.8,908,121.83
2019,5,23,4,0,0,0,0,22.400000000000002,1.6,908,109.27
2019,5,23,5,0,0,0,0,22.200000000000003,1.4000000000000001,908,96.01
2019,5,23,6,0,67,89,55,23.700000000000003,2.1,909,82.26
2019,5,23,7,0,275,347,148,26.3,2.1,910,68.44
2019,5,23,8,0,499,513,201,28.400000000000002,1.6,910,54.44
2019,5,23,9,0,696,605,235,29.700000000000003,1,911,40.410000000000004
2019,5,23,10,0,845,650,263,30.8,0.6000000000000001,910,26.51
2019,5,23,11,0,881,426,467,31.6,0.4,910,13.41
2019,5,23,12,0,885,407,483,32,0.4,909,8.23
2019,5,23,13,0,798,393,427,32.300000000000004,0.5,908,19.16
2019,5,23,14,0,724,449,347,32.5,0.5,907,32.8
2019,5,23,15,0,480,237,318,32.4,0.5,907,46.79
2019,5,23,16,0,141,0,140,31.8,0.6000000000000001,907,60.81
2019,5,23,17,0,61,0,61,30.6,0.8,908,74.75
2019,5,23,18,0,6,0,6,28.1,0.8,908,88.31
2019,5,23,19,0,0,0,0,27,1.1,909,102.07000000000001
2019,5,23,20,0,0,0,0,26.200000000000003,1.3,909,115.04
2019,5,23,21,0,0,0,0,25.5,1.4000000000000001,910,127.09
2019,5,23,22,0,0,0,0,24.700000000000003,1.5,909,137.43
2019,5,23,23,0,0,0,0,24,1.6,909,144.52
2019,5,24,0,0,0,0,0,23.5,1.6,908,146.22
2019,5,24,1,0,0,0,0,23,1.5,908,141.83
2019,5,24,2,0,0,0,0,22.700000000000003,1.4000000000000001,908,133.01
2019,5,24,3,0,0,0,0,22.400000000000002,1.6,909,121.75
2019,5,24,4,0,0,0,0,22.3,1.6,909,109.21000000000001
2019,5,24,5,0,0,0,0,22.200000000000003,1.5,910,95.98
2019,5,24,6,0,71,112,56,23.5,2.2,910,82.24
2019,5,24,7,0,254,340,130,26,2.1,911,68.44
2019,5,24,8,0,422,303,245,28.700000000000003,1.5,911,54.46
2019,5,24,9,0,607,349,341,30.700000000000003,1,911,40.44
2019,5,24,10,0,809,471,387,32.2,0.7000000000000001,910,26.57
2019,5,24,11,0,882,428,466,33.4,0.7000000000000001,909,13.530000000000001
2019,5,24,12,0,911,434,482,34.4,0.8,909,8.39
2019,5,24,13,0,886,496,417,34.9,0.9,908,19.2
2019,5,24,14,0,804,703,213,34.800000000000004,0.9,907,32.8
2019,5,24,15,0,622,616,200,34.1,0.9,907,46.77
2019,5,24,16,0,24,0,24,33.5,0.9,907,60.78
2019,5,24,17,0,9,0,9,32.1,0.8,907,74.7
2019,5,24,18,0,2,0,2,29.900000000000002,0.8,908,88.25
2019,5,24,19,0,0,0,0,28.900000000000002,1.1,908,101.99000000000001
2019,5,24,20,0,0,0,0,28,1.4000000000000001,909,114.93
2019,5,24,21,0,0,0,0,27.1,2,909,126.96000000000001
2019,5,24,22,0,0,0,0,26,2.9000000000000004,910,137.27
2019,5,24,23,0,0,0,0,25.1,3.3000000000000003,910,144.33
2019,5,25,0,0,0,0,0,24.400000000000002,3.7,909,146.04
2019,5,25,1,0,0,0,0,23.700000000000003,4,908,141.68
2019,5,25,2,0,0,0,0,23.3,3.9000000000000004,908,132.9
2019,5,25,3,0,0,0,0,22.900000000000002,3.7,908,121.67
2019,5,25,4,0,0,0,0,22.5,3.4000000000000004,908,109.16
2019,5,25,5,0,0,0,0,22.200000000000003,3.3000000000000003,909,95.95
2019,5,25,6,0,70,108,55,22.8,3.5,909,82.23
2019,5,25,7,0,280,388,137,24.6,3.8000000000000003,910,68.44
2019,5,25,8,0,505,558,181,27.200000000000003,4.1000000000000005,910,54.47
2019,5,25,9,0,707,658,207,29.400000000000002,4,910,40.480000000000004
2019,5,25,10,0,862,716,221,30.700000000000003,3.7,909,26.63
2019,5,25,11,0,957,763,216,31.8,3.4000000000000004,909,13.65
2019,5,25,12,0,978,771,216,32.2,3.2,908,8.55
2019,5,25,13,0,927,762,207,32.300000000000004,2.9000000000000004,907,19.25
2019,5,25,14,0,804,713,204,32,2.6,907,32.81
2019,5,25,15,0,612,580,215,31.6,2.2,906,46.75
2019,5,25,16,0,391,471,161,31,1.5,906,60.75
2019,5,25,17,0,185,328,98,30,0.9,907,74.65
2019,5,25,18,0,11,12,10,28.1,0.7000000000000001,907,88.19
2019,5,25,19,0,0,0,0,26.900000000000002,1,908,101.91
2019,5,25,20,0,0,0,0,26,1.4000000000000001,908,114.83
2019,5,25,21,0,0,0,0,25.400000000000002,2.3000000000000003,908,126.84
2019,5,25,22,0,0,0,0,24.700000000000003,3.7,909,137.12
2019,5,25,23,0,0,0,0,23.5,4.5,908,144.16
2019,5,26,0,0,0,0,0,22.700000000000003,4.4,908,145.86
2019,5,26,1,0,0,0,0,22.400000000000002,4.1000000000000005,907,141.53
2019,5,26,2,0,0,0,0,22.200000000000003,3.6,907,132.79
2019,5,26,3,0,0,0,0,22,3.7,907,121.60000000000001
2019,5,26,4,0,0,0,0,21.900000000000002,3.4000000000000004,907,109.11
2019,5,26,5,0,0,0,0,21.8,2.9000000000000004,908,95.92
2019,5,26,6,0,72,124,55,22.8,3.4000000000000004,909,82.22
2019,5,26,7,0,283,417,130,24.900000000000002,3.5,909,68.44
2019,5,26,8,0,481,502,189,27,3.4000000000000004,909,54.49
2019,5,26,9,0,670,515,278,29.3,2.8000000000000003,909,40.51
2019,5,26,10,0,730,363,405,31.1,1.9000000000000001,909,26.69
2019,5,26,11,0,832,394,449,32.1,1.6,908,13.76
2019,5,26,12,0,917,445,477,32.300000000000004,1.6,907,8.71
2019,5,26,13,0,882,488,421,32.5,1.9000000000000001,906,19.29
2019,5,26,14,0,827,820,138,32.300000000000004,2.1,906,32.81
2019,5,26,15,0,650,767,125,32,2,906,46.74
2019,5,26,16,0,432,666,106,31.3,1.7000000000000002,906,60.71
2019,5,26,17,0,183,388,80,29.900000000000002,1,906,74.60000000000001
2019,5,26,18,0,15,41,13,27.8,0.8,907,88.13
2019,5,26,19,0,0,0,0,26.8,1,907,101.82000000000001
2019,5,26,20,0,0,0,0,26,1.1,908,114.73
2019,5,26,21,0,0,0,0,25.200000000000003,1.3,908,126.72
2019,5,26,22,0,0,0,0,24.5,1.6,908,136.97
2019,5,26,23,0,0,0,0,23.8,1.9000000000000001,907,143.98
2019,5,27,0,0,0,0,0,23.3,2.2,907,145.69
2019,5,27,1,0,0,0,0,23,2.6,906,141.39000000000001
2019,5,27,2,0,0,0,0,22.700000000000003,2.6,906,132.69
2019,5,27,3,0,0,0,0,22.5,2.5,906,121.53
2019,5,27,4,0,0,0,0,22.3,2.3000000000000003,907,109.07000000000001
2019,5,27,5,0,0,0,0,22.3,2.3000000000000003,907,95.89
2019,5,27,6,0,67,81,56,23,2.8000000000000003,908,82.21000000000001
2019,5,27,7,0,276,353,146,24.6,2.9000000000000004,909,68.45
2019,5,27,8,0,503,552,183,27,3,909,54.51
2019,5,27,9,0,706,665,201,30,2.3000000000000003,909,40.550000000000004
2019,5,27,10,0,861,733,207,32,1.8,909,26.76
2019,5,27,11,0,982,871,136,33.4,1.7000000000000002,908,13.88
2019,5,27,12,0,1001,868,143,34.1,1.7000000000000002,907,8.86
2019,5,27,13,0,947,851,145,34.4,1.8,906,19.330000000000002
2019,5,27,14,0,827,819,138,34.2,1.9000000000000001,905,32.81
2019,5,27,15,0,629,632,195,33.800000000000004,1.9000000000000001,905,46.72
2019,5,27,16,0,430,653,110,33,1.8,906,60.68
2019,5,27,17,0,197,445,79,31.5,1.1,906,74.55
2019,5,27,18,0,15,36,14,29.700000000000003,0.7000000000000001,907,88.07000000000001
2019,5,27,19,0,0,0,0,29.3,0.7000000000000001,907,101.74000000000001
2019,5,27,20,0,0,0,0,28.6,0.8,908,114.64
2019,5,27,21,0,0,0,0,27.6,0.8,908,126.59
2019,5,27,22,0,0,0,0,26.6,0.9,907,136.82
2019,5,27,23,0,0,0,0,25.6,0.9,907,143.81
2019,5,28,0,0,0,0,0,24.8,0.9,906,145.53
2019,5,28,1,0,0,0,0,24.200000000000003,0.9,906,141.26
2019,5,28,2,0,0,0,0,23.8,0.8,906,132.59
2019,5,28,3,0,0,0,0,23.5,0.7000000000000001,906,121.47
2019,5,28,4,0,0,0,0,23.3,0.6000000000000001,906,109.03
2019,5,28,5,0,0,0,0,23.1,0.7000000000000001,907,95.87
2019,5,28,6,0,25,0,25,24.400000000000002,1.7000000000000002,908,82.21000000000001
2019,5,28,7,0,106,0,106,26.700000000000003,2.2,908,68.46000000000001
2019,5,28,8,0,45,0,45,29.400000000000002,2.6,909,54.54
2019,5,28,9,0,712,634,230,31.8,3,909,40.59
2019,5,28,10,0,872,776,179,33.4,3.2,908,26.82
2019,5,28,11,0,938,697,262,34.300000000000004,3.1,907,14
2019,5,28,12,0,853,392,466,34.7,2.7,907,9
2019,5,28,13,0,907,689,256,34.800000000000004,2.2,906,19.37
2019,5,28,14,0,806,731,191,34.6,1.7000000000000002,905,32.81
2019,5,28,15,0,630,661,176,34.2,1.3,905,46.69
2019,5,28,16,0,349,316,194,33.4,0.9,905,60.64
2019,5,28,17,0,10,0,10,32.300000000000004,0.4,906,74.5
2019,5,28,18,0,3,0,3,30.8,0.30000000000000004,906,88.01
2019,5,28,19,0,0,0,0,30,0.5,907,101.66
2019,5,28,20,0,0,0,0,28.900000000000002,0.6000000000000001,907,114.54
2019,5,28,21,0,0,0,0,27.5,0.8,907,126.48
2019,5,28,22,0,0,0,0,26.200000000000003,0.8,907,136.68
2019,5,28,23,0,0,0,0,25,1,907,143.65
2019,5,29,0,0,0,0,0,24.200000000000003,1.3,906,145.37
2019,5,29,1,0,0,0,0,23.6,1.9000000000000001,906,141.13
2019,5,29,2,0,0,0,0,23.1,2.3000000000000003,906,132.5
2019,5,29,3,0,0,0,0,22.8,2.4000000000000004,906,121.41
2019,5,29,4,0,0,0,0,22.6,2.1,906,108.99000000000001
2019,5,29,5,0,0,0,0,22.6,2,907,95.85000000000001
2019,5,29,6,0,55,35,50,22.900000000000002,1.8,908,82.2
2019,5,29,7,0,254,204,180,23.6,1.5,908,68.47
2019,5,29,8,0,468,349,265,24.6,1.4000000000000001,909,54.56
2019,5,29,9,0,641,462,290,25.700000000000003,1.9000000000000001,909,40.64
2019,5,29,10,0,742,395,390,26.900000000000002,2.6,909,26.89
2019,5,29,11,0,875,424,464,28.3,3.2,908,14.120000000000001
2019,5,29,12,0,907,432,480,29.400000000000002,3.5,907,9.14
2019,5,29,13,0,855,444,436,29.8,3.4000000000000004,907,19.41
2019,5,29,14,0,741,472,344,29.8,3.3000000000000003,906,32.81
2019,5,29,15,0,554,407,275,29.6,3.2,906,46.67
2019,5,29,16,0,368,381,181,28.8,3.2,906,60.6
2019,5,29,17,0,182,275,108,27.400000000000002,2.9000000000000004,906,74.45
2019,5,29,18,0,10,6,10,25.700000000000003,3.1,907,87.95
2019,5,29,19,0,0,0,0,24.8,3.7,907,101.58
2019,5,29,20,0,0,0,0,24.200000000000003,3.7,908,114.44
2019,5,29,21,0,0,0,0,23.700000000000003,3.8000000000000003,908,126.36
2019,5,29,22,0,0,0,0,23.200000000000003,3.7,908,136.54
2019,5,29,23,0,0,0,0,22.700000000000003,3.3000000000000003,907,143.49
2019,5,30,0,0,0,0,0,22.200000000000003,2.3000000000000003,907,145.22
2019,5,30,1,0,0,0,0,22.200000000000003,1.5,907,141.01
2019,5,30,2,0,0,0,0,22.400000000000002,1.1,907,132.42000000000002
2019,5,30,3,0,0,0,0,22.3,1.3,907,121.35000000000001
2019,5,30,4,0,0,0,0,22.1,1.3,907,108.96000000000001
2019,5,30,5,0,0,0,0,21.900000000000002,2.3000000000000003,907,95.84
2019,5,30,6,0,49,27,46,22.900000000000002,3.5,907,82.2
2019,5,30,7,0,265,277,164,24.400000000000002,3.8000000000000003,908,68.48
2019,5,30,8,0,479,413,240,26.1,3.9000000000000004,908,54.59
2019,5,30,9,0,662,504,280,27.6,3.6,908,40.68
2019,5,30,10,0,809,479,382,29.5,3.2,908,26.96
2019,5,30,11,0,857,410,460,31.200000000000003,2.7,907,14.23
2019,5,30,12,0,878,404,479,32.1,2.2,906,9.27
2019,5,30,13,0,841,428,437,32,1.8,906,19.44
2019,5,30,14,0,720,444,347,31.200000000000003,1.6,905,32.81
2019,5,30,15,0,565,446,258,30.400000000000002,1.5,905,46.65
2019,5,30,16,0,94,0,94,29.6,1.6,905,60.56
2019,5,30,17,0,33,0,33,28,1.4000000000000001,905,74.4
2019,5,30,18,0,5,0,5,26.1,1.4000000000000001,906,87.88
2019,5,30,19,0,0,0,0,25.200000000000003,1.9000000000000001,906,101.5
2019,5,30,20,0,0,0,0,24.3,2,907,114.34
2019,5,30,21,0,0,0,0,23.6,2.1,907,126.24000000000001
2019,5,30,22,0,0,0,0,23,2.1,907,136.41
2019,5,30,23,0,0,0,0,22.700000000000003,2.3000000000000003,907,143.34
2019,5,31,0,0,0,0,0,22.400000000000002,2.5,906,145.07
2019,5,31,1,0,0,0,0,22.3,2.6,906,140.89000000000001
2019,5,31,2,0,0,0,0,22.200000000000003,2.4000000000000004,906,132.34
2019,5,31,3,0,0,0,0,22.200000000000003,2.1,906,121.3
2019,5,31,4,0,0,0,0,22.1,1.7000000000000002,906,108.93
2019,5,31,5,0,0,0,0,22.1,1.5,907,95.83
2019,5,31,6,0,58,48,51,22.900000000000002,2.2,908,82.21000000000001
2019,5,31,7,0,192,119,148,24,2.3000000000000003,908,68.5
2019,5,31,8,0,471,369,257,25.200000000000003,2.1,909,54.620000000000005
2019,5,31,9,0,631,442,296,26.400000000000002,1.9000000000000001,909,40.730000000000004
2019,5,31,10,0,767,429,385,27,2.4000000000000004,909,27.03
2019,5,31,11,0,854,410,457,27.3,2.9000000000000004,909,14.34
2019,5,31,12,0,875,404,477,27.6,3.2,908,9.4
2019,5,31,13,0,809,406,427,27.8,3.4000000000000004,907,19.47
2019,5,31,14,0,797,713,198,28,3.3000000000000003,906,32.8
2019,5,31,15,0,601,546,226,27.900000000000002,3.2,906,46.62
2019,5,31,16,0,23,0,23,27.6,3.1,906,60.52
2019,5,31,17,0,9,0,9,26.5,2.2,906,74.34
2019,5,31,18,0,3,0,3,24.700000000000003,1.5,907,87.82000000000001
2019,5,31,19,0,0,0,0,24.200000000000003,1.9000000000000001,908,101.43
2019,5,31,20,0,0,0,0,23.8,2.5,908,114.25
2019,5,31,21,0,0,0,0,23.200000000000003,3.3000000000000003,908,126.13000000000001
2019,5,31,22,0,0,0,0,22.400000000000002,3.6,909,136.27
2019,5,31,23,0,0,0,0,21.6,3.7,908,143.20000000000002
2019,6,1,0,0,0,0,0,21,3.5,908,144.93
2019,6,1,1,0,0,0,0,20.700000000000003,3.2,907,140.78
2019,6,1,2,0,0,0,0,20.5,2.9000000000000004,907,132.26
2019,6,1,3,0,0,0,0,20.400000000000002,2.6,907,121.25
2019,6,1,4,0,0,0,0,20.400000000000002,2.4000000000000004,907,108.91
2019,6,1,5,0,0,0,0,20.5,2.3000000000000003,908,95.82000000000001
2019,6,1,6,0,70,107,55,21.5,3.3000000000000003,909,82.21000000000001
2019,6,1,7,0,254,345,128,23.6,4.1000000000000005,910,68.52
2019,6,1,8,0,471,473,198,26.400000000000002,4.4,910,54.660000000000004
2019,6,1,9,0,647,480,284,28.900000000000002,4.4,910,40.78
2019,6,1,10,0,790,455,386,30.8,4,909,27.1
2019,6,1,11,0,872,424,462,31.700000000000003,3.6,908,14.46
2019,6,1,12,0,890,414,481,31.900000000000002,3.1,907,9.52
2019,6,1,13,0,759,326,452,31.6,2.8000000000000003,907,19.5
2019,6,1,14,0,720,444,346,31.400000000000002,2.7,906,32.79
2019,6,1,15,0,480,234,319,31.1,2.6,906,46.59
2019,6,1,16,0,357,337,191,30.6,2.2,906,60.480000000000004
2019,6,1,17,0,183,273,109,29.1,1.2000000000000002,907,74.29
2019,6,1,18,0,11,9,11,27.1,0.9,907,87.76
2019,6,1,19,0,0,0,0,26.5,0.9,908,101.35000000000001
2019,6,1,20,0,0,0,0,26,0.9,908,114.16
2019,6,1,21,0,0,0,0,25.400000000000002,0.9,908,126.02
2019,6,1,22,0,0,0,0,24.900000000000002,0.8,908,136.14000000000001
2019,6,1,23,0,0,0,0,24.6,0.7000000000000001,908,143.05
2019,6,2,0,0,0,0,0,24.1,0.7000000000000001,907,144.8
2019,6,2,1,0,0,0,0,23,0.9,907,140.68
2019,6,2,2,0,0,0,0,22,1.1,906,132.19
2019,6,2,3,0,0,0,0,21.400000000000002,1.5,907,121.21000000000001
2019,6,2,4,0,0,0,0,21,1.8,907,108.88
2019,6,2,5,0,0,0,0,21.3,2.3000000000000003,907,95.82000000000001
2019,6,2,6,0,69,119,53,22.700000000000003,3.2,908,82.22
2019,6,2,7,0,278,405,130,25.3,3.4000000000000004,908,68.54
2019,6,2,8,0,503,576,171,28.8,3.4000000000000004,909,54.69
2019,6,2,9,0,702,668,196,31.6,3.2,909,40.83
2019,6,2,10,0,546,114,445,33.4,2.9000000000000004,908,27.17
2019,6,2,11,0,947,755,217,34.6,2.5,907,14.57
2019,6,2,12,0,964,750,224,35.2,2,907,9.64
2019,6,2,13,0,908,719,230,35.1,1.6,906,19.52
2019,6,2,14,0,785,650,238,34.5,1.3,905,32.78
2019,6,2,15,0,480,234,319,33.6,1.1,905,46.56
2019,6,2,16,0,24,0,24,32.5,1,905,60.44
2019,6,2,17,0,180,244,114,30.900000000000002,1.1,906,74.24
2019,6,2,18,0,3,0,3,28.6,0.9,907,87.7
2019,6,2,19,0,0,0,0,27.200000000000003,1.5,907,101.27
2019,6,2,20,0,0,0,0,26.1,2.8000000000000003,908,114.07000000000001
2019,6,2,21,0,0,0,0,24.700000000000003,4.1000000000000005,908,125.91
2019,6,2,22,0,0,0,0,23.5,4.4,908,136.02
2019,6,2,23,0,0,0,0,22.900000000000002,4.1000000000000005,908,142.92000000000002
2019,6,3,0,0,0,0,0,22.5,3.9000000000000004,907,144.67000000000002
2019,6,3,1,0,0,0,0,22.3,3.6,907,140.58
2019,6,3,2,0,0,0,0,22.200000000000003,3.4000000000000004,907,132.13
2019,6,3,3,0,0,0,0,22.1,3.3000000000000003,907,121.17
2019,6,3,4,0,0,0,0,22.1,3.3000000000000003,907,108.87
2019,6,3,5,0,0,0,0,22,3.1,908,95.82000000000001
2019,6,3,6,0,56,67,46,22.5,3.7,909,82.23
2019,6,3,7,0,266,311,153,23.5,4.2,909,68.57000000000001
2019,6,3,8,0,407,276,247,24.8,4.3,910,54.730000000000004
2019,6,3,9,0,557,269,354,26.200000000000003,4.2,910,40.88
2019,6,3,10,0,648,227,446,27.700000000000003,3.9000000000000004,909,27.240000000000002
2019,6,3,11,0,786,338,459,29,3.5,909,14.67
2019,6,3,12,0,836,384,457,29.8,2.8000000000000003,908,9.75
2019,6,3,13,0,792,391,424,30,2.1,907,19.54
2019,6,3,14,0,684,373,370,29.5,1.8,906,32.76
2019,6,3,15,0,478,231,320,29.1,1.9000000000000001,906,46.53
2019,6,3,16,0,379,411,176,28.3,1.9000000000000001,906,60.39
2019,6,3,17,0,186,294,106,27.200000000000003,1.4000000000000001,907,74.18
2019,6,3,18,0,13,12,12,25.6,1.1,907,87.64
2019,6,3,19,0,0,0,0,24.900000000000002,1,908,101.19
2019,6,3,20,0,0,0,0,24.3,1,908,113.98
2019,6,3,21,0,0,0,0,23.8,1,908,125.81
2019,6,3,22,0,0,0,0,23.200000000000003,1.1,908,135.9
2019,6,3,23,0,0,0,0,22.8,1.4000000000000001,908,142.79
2019,6,4,0,0,0,0,0,22.5,2,907,144.55
2019,6,4,1,0,0,0,0,22.200000000000003,2.3000000000000003,907,140.49
2019,6,4,2,0,0,0,0,22,2.4000000000000004,906,132.07
2019,6,4,3,0,0,0,0,21.700000000000003,2.3000000000000003,906,121.14
2019,6,4,4,0,0,0,0,21.5,2.4000000000000004,906,108.85000000000001
2019,6,4,5,0,0,0,0,21.3,2.7,907,95.82000000000001
2019,6,4,6,0,62,117,46,22.3,3.5,907,82.25
2019,6,4,7,0,238,280,136,24.5,3.7,908,68.59
2019,6,4,8,0,452,404,219,27.200000000000003,3.6,909,54.76
2019,6,4,9,0,639,467,286,29.400000000000002,3.4000000000000004,909,40.93
2019,6,4,10,0,773,438,384,30.900000000000002,3.1,908,27.3
2019,6,4,11,0,863,417,460,31.8,2.7,907,14.780000000000001
2019,6,4,12,0,887,413,480,32.2,2.3000000000000003,906,9.85
2019,6,4,13,0,853,443,436,32,2.1,905,19.56
2019,6,4,14,0,734,462,345,31.1,2.1,905,32.75
2019,6,4,15,0,554,404,276,30,2.2,905,46.5
2019,6,4,16,0,354,323,194,28.900000000000002,2,905,60.35
2019,6,4,17,0,181,236,116,27.6,1.3,906,74.13
2019,6,4,18,0,11,8,11,26.400000000000002,0.8,907,87.57000000000001
2019,6,4,19,0,0,0,0,25.900000000000002,0.6000000000000001,907,101.12
2019,6,4,20,0,0,0,0,25.5,0.6000000000000001,907,113.89
2019,6,4,21,0,0,0,0,25,0.7000000000000001,908,125.71000000000001
2019,6,4,22,0,0,0,0,24.5,0.8,908,135.78
2019,6,4,23,0,0,0,0,24,1.1,907,142.66
2019,6,5,0,0,0,0,0,23.5,1.3,907,144.44
2019,6,5,1,0,0,0,0,23,1.6,906,140.41
2019,6,5,2,0,0,0,0,22.400000000000002,1.9000000000000001,906,132.02
2019,6,5,3,0,0,0,0,21.8,2.1,906,121.11
2019,6,5,4,0,0,0,0,21.3,2.2,906,108.84
2019,6,5,5,0,0,0,0,21,2.3000000000000003,907,95.82000000000001
2019,6,5,6,0,14,0,14,21.5,2.6,908,82.27
2019,6,5,7,0,147,32,135,23.3,2.9000000000000004,909,68.62
2019,6,5,8,0,436,359,230,25.8,2.9000000000000004,909,54.800000000000004
2019,6,5,9,0,613,398,312,28,2.6,909,40.980000000000004
2019,6,5,10,0,696,303,428,29.200000000000003,2.2,908,27.37
2019,6,5,11,0,745,265,489,30,2.1,907,14.88
2019,6,5,12,0,838,386,458,30.200000000000003,2.1,907,9.950000000000001
2019,6,5,13,0,775,365,431,30.200000000000003,2.1,906,19.57
2019,6,5,14,0,709,429,349,30.1,1.9000000000000001,905,32.730000000000004
2019,6,5,15,0,300,36,276,29.6,1.5,905,46.47
2019,6,5,16,0,24,0,24,29,0.8,906,60.300000000000004
2019,6,5,17,0,190,321,102,28.5,0.5,906,74.07000000000001
2019,6,5,18,0,16,20,15,27.400000000000002,0.5,907,87.51
2019,6,5,19,0,0,0,0,26.200000000000003,0.7000000000000001,907,101.04
2019,6,5,20,0,0,0,0,25.200000000000003,0.8,907,113.8
2019,6,5,21,0,0,0,0,24.5,0.8,908,125.61
2019,6,5,22,0,0,0,0,24,0.8,908,135.67000000000002
2019,6,5,23,0,0,0,0,23.400000000000002,0.7000000000000001,907,142.55
2019,6,6,0,0,0,0,0,22.900000000000002,0.8,906,144.33
2019,6,6,1,0,0,0,0,22.400000000000002,1,906,140.33
2019,6,6,2,0,0,0,0,22,1.2000000000000002,905,131.97
2019,6,6,3,0,0,0,0,21.6,1.4000000000000001,905,121.09
2019,6,6,4,0,0,0,0,21.5,1.7000000000000002,906,108.84
2019,6,6,5,0,0,0,0,21.5,1.9000000000000001,906,95.83
2019,6,6,6,0,78,226,48,22.400000000000002,2.5,907,82.29
2019,6,6,7,0,293,535,98,24.5,2.6,908,68.65
2019,6,6,8,0,386,231,253,27.1,2.3000000000000003,908,54.84
2019,6,6,9,0,672,538,266,28.5,1.8,909,41.03
2019,6,6,10,0,872,805,157,29.400000000000002,1.4000000000000001,908,27.44
2019,6,6,11,0,940,580,379,30.400000000000002,1.2000000000000002,907,14.98
2019,6,6,12,0,931,489,450,31.5,1.3,907,10.040000000000001
2019,6,6,13,0,933,819,162,32.1,1.5,906,19.580000000000002
2019,6,6,14,0,812,766,168,32.1,1.6,905,32.71
2019,6,6,15,0,584,498,241,31.700000000000003,1.7000000000000002,905,46.43
2019,6,6,16,0,380,409,177,30.900000000000002,1.6,905,60.26
2019,6,6,17,0,197,389,90,29,1.2000000000000002,905,74.02
2019,6,6,18,0,17,33,15,26.6,1.2000000000000002,906,87.45
2019,6,6,19,0,0,0,0,25.700000000000003,1.6,906,100.97
2019,6,6,20,0,0,0,0,25,1.7000000000000002,907,113.72
2019,6,6,21,0,0,0,0,24.3,1.3,908,125.51
2019,6,6,22,0,0,0,0,23.900000000000002,1,908,135.56
2019,6,6,23,0,0,0,0,23.400000000000002,0.8,908,142.43
2019,6,7,0,0,0,0,0,23.1,0.7000000000000001,907,144.23
2019,6,7,1,0,0,0,0,22.8,0.7000000000000001,907,140.26
2019,6,7,2,0,0,0,0,22.5,0.7000000000000001,907,131.93
2019,6,7,3,0,0,0,0,22.1,0.7000000000000001,906,121.07000000000001
2019,6,7,4,0,0,0,0,21.8,0.7000000000000001,907,108.83
2019,6,7,5,0,0,0,0,21.700000000000003,0.8,907,95.84
2019,6,7,6,0,70,139,51,23.1,1.7000000000000002,907,82.31
2019,6,7,7,0,268,424,114,25.3,2,908,68.68
2019,6,7,8,0,377,212,255,27.700000000000003,2,908,54.89
2019,6,7,9,0,528,222,361,29.400000000000002,1.7000000000000002,908,41.08
2019,6,7,10,0,565,133,447,30.400000000000002,1.2000000000000002,908,27.51
2019,6,7,11,0,826,396,444,31.200000000000003,0.8,907,15.07
2019,6,7,12,0,871,403,474,31.5,0.6000000000000001,907,10.13
2019,6,7,13,0,690,221,482,31.5,0.5,906,19.59
2019,6,7,14,0,539,142,419,31.200000000000003,0.5,906,32.69
2019,6,7,15,0,555,406,276,30.700000000000003,0.9,906,46.39
2019,6,7,16,0,117,0,117,29.8,1.2000000000000002,906,60.21
2019,6,7,17,0,9,0,9,28.400000000000002,1,907,73.96000000000001
2019,6,7,18,0,3,0,3,26.5,0.8,908,87.39
2019,6,7,19,0,0,0,0,25.700000000000003,0.8,908,100.89
2019,6,7,20,0,0,0,0,25.1,0.7000000000000001,909,113.63
2019,6,7,21,0,0,0,0,24.700000000000003,0.5,909,125.42
2019,6,7,22,0,0,0,0,24.8,0.30000000000000004,909,135.46
2019,6,7,23,0,0,0,0,23.6,1,908,142.33
2019,6,8,0,0,0,0,0,23,1.7000000000000002,907,144.13
2019,6,8,1,0,0,0,0,22.6,2.5,907,140.19
2019,6,8,2,0,0,0,0,22.1,2.9000000000000004,906,131.89000000000001
2019,6,8,3,0,0,0,0,21.900000000000002,2.9000000000000004,906,121.05
2019,6,8,4,0,0,0,0,21.8,2.8000000000000003,907,108.84
2019,6,8,5,0,0,0,0,21.8,2.7,908,95.85000000000001
2019,6,8,6,0,71,131,53,22.6,3.1,909,82.33
2019,6,8,7,0,247,326,129,24,3.7,910,68.72
2019,6,8,8,0,233,28,217,25.8,3.7,910,54.93
2019,6,8,9,0,365,51,327,27,3.4000000000000004,909,41.14
2019,6,8,10,0,692,300,427,28.1,3.1,909,27.580000000000002
2019,6,8,11,0,830,399,445,29.1,2.6,908,15.17
2019,6,8,12,0,845,391,460,30.1,1.8,907,10.200000000000001
2019,6,8,13,0,756,321,454,30.700000000000003,1.4000000000000001,906,19.59
2019,6,8,14,0,799,725,189,30.900000000000002,1.7000000000000002,906,32.67
2019,6,8,15,0,627,657,174,30.6,2,905,46.36
2019,6,8,16,0,362,341,192,29.700000000000003,2.2,906,60.160000000000004
2019,6,8,17,0,9,0,9,27.8,1.6,906,73.9
2019,6,8,18,0,3,0,3,25.700000000000003,1.6,907,87.33
2019,6,8,19,0,0,0,0,25.1,2,907,100.82000000000001
2019,6,8,20,0,0,0,0,24.5,2.2,908,113.55
2019,6,8,21,0,0,0,0,23.700000000000003,2,908,125.33
2019,6,8,22,0,0,0,0,23,1.9000000000000001,909,135.36
2019,6,8,23,0,0,0,0,22.6,1.9000000000000001,908,142.22
2019,6,9,0,0,0,0,0,22.3,2.2,907,144.05
2019,6,9,1,0,0,0,0,21.900000000000002,2.5,907,140.13
2019,6,9,2,0,0,0,0,21.5,2.7,906,131.86
2019,6,9,3,0,0,0,0,21.200000000000003,2.7,906,121.04
2019,6,9,4,0,0,0,0,21.1,2.6,907,108.84
2019,6,9,5,0,0,0,0,21,2.5,907,95.87
2019,6,9,6,0,63,74,53,21.900000000000002,3.3000000000000003,908,82.36
2019,6,9,7,0,266,323,149,24,3.8000000000000003,908,68.75
2019,6,9,8,0,471,495,187,26.900000000000002,4.1000000000000005,909,54.97
2019,6,9,9,0,650,495,277,29.5,4.2,908,41.19
2019,6,9,10,0,843,706,218,31.5,4.2,908,27.650000000000002
2019,6,9,11,0,970,867,133,33.1,4.3,907,15.26
2019,6,9,12,0,997,883,127,34,4.4,906,10.28
2019,6,9,13,0,949,879,120,34.4,4.7,905,19.59
2019,6,9,14,0,831,847,118,34.300000000000004,4.9,904,32.64
2019,6,9,15,0,615,574,218,33.5,5.1000000000000005,904,46.32
2019,6,9,16,0,420,585,129,31.900000000000002,5.300000000000001,904,60.120000000000005
2019,6,9,17,0,212,513,69,29.5,4.9,905,73.85000000000001
2019,6,9,18,0,22,96,18,26.8,4.9,906,87.27
2019,6,9,19,0,0,0,0,25,4.7,907,100.75
2019,6,9,20,0,0,0,0,23.6,4.2,908,113.47
2019,6,9,21,0,0,0,0,22.700000000000003,3.8000000000000003,908,125.24000000000001
2019,6,9,22,0,0,0,0,21.8,3.5,908,135.27
2019,6,9,23,0,0,0,0,21.1,3.1,907,142.13
2019,6,10,0,0,0,0,0,20.400000000000002,2.6,907,143.97
2019,6,10,1,0,0,0,0,19.900000000000002,2.2,906,140.08
2019,6,10,2,0,0,0,0,19.6,2.1,906,131.83
2019,6,10,3,0,0,0,0,19.400000000000002,2.3000000000000003,906,121.03
2019,6,10,4,0,0,0,0,19.400000000000002,2.6,906,108.85000000000001
2019,6,10,5,0,0,0,0,19.5,2.8000000000000003,906,95.89
2019,6,10,6,0,59,105,45,21,3.9000000000000004,907,82.38
2019,6,10,7,0,227,247,138,23.5,5.1000000000000005,907,68.79
2019,6,10,8,0,392,250,249,26.200000000000003,5.5,908,55.02
2019,6,10,9,0,560,283,348,28.400000000000002,5.300000000000001,908,41.25
2019,6,10,10,0,693,303,425,30.200000000000003,4.800000000000001,907,27.71
2019,6,10,11,0,808,382,440,31.700000000000003,4.4,906,15.34
2019,6,10,12,0,852,394,465,32.2,4.2,906,10.34
2019,6,10,13,0,824,416,432,31.700000000000003,4.1000000000000005,905,19.59
2019,6,10,14,0,665,324,393,30.700000000000003,4.1000000000000005,904,32.61
2019,6,10,15,0,574,467,252,29.6,4.1000000000000005,904,46.28
2019,6,10,16,0,295,157,216,28.5,4.1000000000000005,905,60.07
2019,6,10,17,0,153,170,105,27.3,3.7,905,73.79
2019,6,10,18,0,17,10,17,25.8,2.9000000000000004,906,87.21000000000001
2019,6,10,19,0,0,0,0,25.1,3.6,907,100.68
2019,6,10,20,0,0,0,0,24.200000000000003,3.8000000000000003,907,113.4
2019,6,10,21,0,0,0,0,23.400000000000002,3.6,908,125.16
2019,6,10,22,0,0,0,0,22.700000000000003,3.6,908,135.18
2019,6,10,23,0,0,0,0,22.1,3.3000000000000003,908,142.04
2019,6,11,0,0,0,0,0,21.6,3,907,143.89000000000001
2019,6,11,1,0,0,0,0,21.3,2.7,907,140.03
2019,6,11,2,0,0,0,0,21,2.8000000000000003,906,131.81
2019,6,11,3,0,0,0,0,20.8,2.9000000000000004,906,121.03
2019,6,11,4,0,0,0,0,20.5,2.9000000000000004,906,108.86
2019,6,11,5,0,0,0,0,20.3,3,907,95.91
2019,6,11,6,0,42,0,42,21.8,4.3,907,82.42
2019,6,11,7,0,229,254,137,24.200000000000003,5.9,908,68.83
2019,6,11,8,0,411,298,240,26.5,6.6000000000000005,908,55.06
2019,6,11,9,0,565,292,345,28.5,7.1000000000000005,908,41.300000000000004
2019,6,11,10,0,595,167,448,30.1,7.4,907,27.78
2019,6,11,11,0,681,189,499,31.200000000000003,7.5,907,15.43
2019,6,11,12,0,840,388,458,31.8,7.5,906,10.4
2019,6,11,13,0,597,123,481,32.1,7.5,905,19.580000000000002
2019,6,11,14,0,722,445,347,31.700000000000003,7.6000000000000005,905,32.59
2019,6,11,15,0,525,322,303,30.700000000000003,7.7,905,46.24
2019,6,11,16,0,346,285,203,29.200000000000003,7.4,905,60.02
2019,6,11,17,0,211,489,74,27.5,6.7,906,73.74
2019,6,11,18,0,23,76,19,25.6,5.4,907,87.15
2019,6,11,19,0,0,0,0,24.5,4.5,907,100.61
2019,6,11,20,0,0,0,0,23.700000000000003,3.8000000000000003,908,113.32000000000001
2019,6,11,21,0,0,0,0,22.900000000000002,3.5,908,125.08
2019,6,11,22,0,0,0,0,22.200000000000003,3.3000000000000003,908,135.09
2019,6,11,23,0,0,0,0,21.6,3.1,908,141.96
2019,6,12,0,0,0,0,0,21.200000000000003,3.2,907,143.83
2019,6,12,1,0,0,0,0,21.1,3.3000000000000003,907,139.99
2019,6,12,2,0,0,0,0,21.1,3.2,907,131.79
2019,6,12,3,0,0,0,0,21.200000000000003,3.3000000000000003,907,121.03
2019,6,12,4,0,0,0,0,21.3,3.9000000000000004,907,108.87
2019,6,12,5,0,0,0,0,21.400000000000002,4.1000000000000005,907,95.94
2019,6,12,6,0,78,255,44,22.5,5,908,82.45
2019,6,12,7,0,149,38,135,24.5,6.300000000000001,908,68.87
2019,6,12,8,0,288,73,246,26.8,7.2,909,55.11
2019,6,12,9,0,554,274,349,29,7.800000000000001,909,41.35
2019,6,12,10,0,273,15,259,30.700000000000003,8.200000000000001,908,27.84
2019,6,12,11,0,746,271,484,31.8,8.4,907,15.5
2019,6,12,12,0,526,60,467,32.300000000000004,8.5,907,10.46
2019,6,12,13,0,421,33,390,32.4,8.4,906,19.57
2019,6,12,14,0,147,5,143,32,8.1,906,32.55
2019,6,12,15,0,236,15,225,31.200000000000003,7.7,906,46.2
2019,6,12,16,0,269,107,215,29.8,7.2,906,59.97
2019,6,12,17,0,169,242,101,28,6.300000000000001,907,73.68
2019,6,12,18,0,17,2,17,26.1,5,907,87.09
2019,6,12,19,0,0,0,0,24.900000000000002,4.3,908,100.55
2019,6,12,20,0,0,0,0,23.900000000000002,3.6,908,113.25
2019,6,12,21,0,0,0,0,23.1,3.4000000000000004,909,125
2019,6,12,22,0,0,0,0,22.400000000000002,3.6,909,135.01
2019,6,12,23,0,0,0,0,21.900000000000002,4.1000000000000005,908,141.88
2019,6,13,0,0,0,0,0,21.6,4.5,908,143.77
2019,6,13,1,0,0,0,0,21.400000000000002,4.800000000000001,907,139.95000000000002
2019,6,13,2,0,0,0,0,21.200000000000003,5,907,131.78
2019,6,13,3,0,0,0,0,21,5,906,121.04
2019,6,13,4,0,0,0,0,21,5.1000000000000005,906,108.89
2019,6,13,5,0,0,0,0,21,5.1000000000000005,907,95.96000000000001
2019,6,13,6,0,8,0,8,22,5.800000000000001,907,82.48
2019,6,13,7,0,30,0,30,23.8,6.6000000000000005,908,68.91
2019,6,13,8,0,286,72,245,25.5,7.2,909,55.160000000000004
2019,6,13,9,0,380,62,334,26.8,7.300000000000001,909,41.410000000000004
2019,6,13,10,0,505,87,429,27.900000000000002,7.300000000000001,909,27.91
2019,6,13,11,0,632,141,497,28.900000000000002,7,909,15.58
2019,6,13,12,0,695,186,512,29.6,6.6000000000000005,908,10.5
2019,6,13,13,0,617,141,484,29.700000000000003,6.2,908,19.56
2019,6,13,14,0,371,34,343,29.5,5.800000000000001,907,32.52
2019,6,13,15,0,377,87,316,29.200000000000003,5.5,907,46.15
2019,6,13,16,0,20,0,20,28.700000000000003,5.2,907,59.92
2019,6,13,17,0,9,0,9,27.6,4.6000000000000005,908,73.63
2019,6,13,18,0,3,0,3,25.8,4.2,909,87.04
2019,6,13,19,0,0,0,0,24.5,4.6000000000000005,909,100.48
2019,6,13,20,0,0,0,0,23.200000000000003,4,910,113.18
2019,6,13,21,0,0,0,0,22.200000000000003,3.1,910,124.93
2019,6,13,22,0,0,0,0,21.400000000000002,2.6,910,134.94
2019,6,13,23,0,0,0,0,20.900000000000002,2.7,909,141.81
2019,6,14,0,0,0,0,0,20.6,3.1,908,143.71
2019,6,14,1,0,0,0,0,20.5,3.4000000000000004,908,139.92000000000002
2019,6,14,2,0,0,0,0,20.5,3.4000000000000004,907,131.77
2019,6,14,3,0,0,0,0,20.400000000000002,3.5,907,121.04
2019,6,14,4,0,0,0,0,20.3,4.1000000000000005,907,108.91
2019,6,14,5,0,0,0,0,20.200000000000003,4.2,908,95.99000000000001
2019,6,14,6,0,76,243,44,21.400000000000002,5.2,908,82.52
2019,6,14,7,0,216,213,140,23.3,6.300000000000001,909,68.95
2019,6,14,8,0,423,338,230,25.400000000000002,6.800000000000001,909,55.21
2019,6,14,9,0,711,770,134,27.5,7.1000000000000005,909,41.46
2019,6,14,10,0,863,810,147,29.400000000000002,7,909,27.97
2019,6,14,11,0,635,143,497,30.700000000000003,6.9,908,15.65
2019,6,14,12,0,779,285,499,31.3,6.800000000000001,907,10.55
2019,6,14,13,0,752,311,459,31.5,6.6000000000000005,907,19.54
2019,6,14,14,0,466,78,400,31.3,6.300000000000001,906,32.49
2019,6,14,15,0,647,736,137,30.700000000000003,6,906,46.11
2019,6,14,16,0,165,8,161,29.5,5.6000000000000005,906,59.870000000000005
2019,6,14,17,0,208,427,87,27.700000000000003,4.6000000000000005,907,73.57000000000001
2019,6,14,18,0,23,46,20,25.6,3.8000000000000003,908,86.98
2019,6,14,19,0,0,0,0,24.3,3.8000000000000003,909,100.42
2019,6,14,20,0,0,0,0,23.400000000000002,3.8000000000000003,909,113.12
2019,6,14,21,0,0,0,0,22.6,3.6,910,124.86
2019,6,14,22,0,0,0,0,22,3.2,910,134.87
2019,6,14,23,0,0,0,0,21.6,2.9000000000000004,910,141.75
2019,6,15,0,0,0,0,0,21.3,2.8000000000000003,909,143.66
2019,6,15,1,0,0,0,0,21.1,2.8000000000000003,908,139.9
2019,6,15,2,0,0,0,0,20.900000000000002,2.9000000000000004,908,131.77
2019,6,15,3,0,0,0,0,20.900000000000002,3.1,908,121.06
2019,6,15,4,0,0,0,0,20.8,3.2,908,108.94
2019,6,15,5,0,0,0,0,20.8,3.4000000000000004,908,96.02
2019,6,15,6,0,78,274,42,21.400000000000002,4.3,909,82.55
2019,6,15,7,0,297,605,80,22.900000000000002,5.300000000000001,909,68.99
2019,6,15,8,0,527,754,97,25.400000000000002,6.1000000000000005,910,55.25
2019,6,15,9,0,730,832,106,28,6.300000000000001,910,41.52
2019,6,15,10,0,885,877,111,30.200000000000003,5.9,909,28.03
2019,6,15,11,0,979,900,112,31.8,5.5,908,15.72
2019,6,15,12,0,1003,905,113,32.9,5,907,10.58
2019,6,15,13,0,953,893,112,33.300000000000004,4.6000000000000005,907,19.52
2019,6,15,14,0,839,870,106,33.300000000000004,4.4,906,32.45
2019,6,15,15,0,666,818,98,32.9,4.4,906,46.06
2019,6,15,16,0,451,722,88,31.8,4.3,906,59.82
2019,6,15,17,0,219,536,67,29.700000000000003,3.6,907,73.52
2019,6,15,18,0,26,109,20,27.200000000000003,3.5,908,86.93
2019,6,15,19,0,0,0,0,26,4.3,909,100.36
2019,6,15,20,0,0,0,0,24.8,4.1000000000000005,910,113.05
2019,6,15,21,0,0,0,0,23.8,3.6,910,124.79
2019,6,15,22,0,0,0,0,23.1,3.5,910,134.8
2019,6,15,23,0,0,0,0,22.400000000000002,3.5,910,141.69
2019,6,16,0,0,0,0,0,21.8,3.5,909,143.62
2019,6,16,1,0,0,0,0,21.400000000000002,3.3000000000000003,908,139.88
2019,6,16,2,0,0,0,0,21.200000000000003,3.5,908,131.77
2019,6,16,3,0,0,0,0,21,3.4000000000000004,908,121.08
2019,6,16,4,0,0,0,0,20.900000000000002,3.2,908,108.96000000000001
2019,6,16,5,0,0,0,0,20.900000000000002,3,909,96.06
2019,6,16,6,0,79,286,42,21.900000000000002,3.8000000000000003,909,82.59
2019,6,16,7,0,296,603,80,23.900000000000002,4.7,910,69.04
2019,6,16,8,0,525,746,100,26.200000000000003,5.2,910,55.300000000000004
2019,6,16,9,0,691,615,231,28.1,5.2,910,41.57
2019,6,16,10,0,794,478,372,29.8,5,910,28.09
2019,6,16,11,0,882,452,447,31.200000000000003,4.800000000000001,909,15.780000000000001
2019,6,16,12,0,879,411,475,32.4,4.5,908,10.61
2019,6,16,13,0,908,575,366,33.300000000000004,4.3,907,19.5
2019,6,16,14,0,764,509,335,33.5,4.2,907,32.410000000000004
2019,6,16,15,0,663,789,115,33.1,3.9000000000000004,906,46.02
2019,6,16,16,0,447,682,103,32,3.6,907,59.77
2019,6,16,17,0,203,426,82,29.8,2.4000000000000004,907,73.47
2019,6,16,18,0,25,64,21,27.1,2,908,86.87
2019,6,16,19,0,0,0,0,26.6,3.2,909,100.3
2019,6,16,20,0,0,0,0,25.400000000000002,4,910,112.99000000000001
2019,6,16,21,0,0,0,0,24.400000000000002,4.4,910,124.73
2019,6,16,22,0,0,0,0,23.5,4.1000000000000005,910,134.74
2019,6,16,23,0,0,0,0,22.900000000000002,3.9000000000000004,910,141.64000000000001
2019,6,17,0,0,0,0,0,22.3,3.8000000000000003,909,143.59
2019,6,17,1,0,0,0,0,21.700000000000003,3.7,909,139.87
2019,6,17,2,0,0,0,0,21.3,3.7,908,131.78
2019,6,17,3,0,0,0,0,21,3.6,908,121.10000000000001
2019,6,17,4,0,0,0,0,20.8,3.5,908,108.99000000000001
2019,6,17,5,0,0,0,0,20.8,3.9000000000000004,909,96.09
2019,6,17,6,0,64,163,43,21.8,4.6000000000000005,909,82.63
2019,6,17,7,0,262,422,111,23.8,5.2,910,69.08
2019,6,17,8,0,423,344,228,26,5.5,910,55.35
2019,6,17,9,0,608,410,301,28,5.4,910,41.62
2019,6,17,10,0,882,841,140,29.5,5.1000000000000005,910,28.14
2019,6,17,11,0,816,393,438,30.6,4.800000000000001,909,15.84
2019,6,17,12,0,845,392,459,31.200000000000003,4.5,908,10.63
2019,6,17,13,0,852,445,433,31.6,4.2,908,19.47
2019,6,17,14,0,684,371,371,31.6,4,907,32.37
2019,6,17,15,0,530,327,303,31.1,3.9000000000000004,907,45.97
2019,6,17,16,0,395,441,173,30.1,3.6,907,59.72
2019,6,17,17,0,211,434,88,28.1,2.6,908,73.41
2019,6,17,18,0,24,54,21,26.400000000000002,2.7,909,86.82000000000001
2019,6,17,19,0,0,0,0,25.6,3.6,909,100.25
2019,6,17,20,0,0,0,0,24.700000000000003,3.8000000000000003,910,112.94
2019,6,17,21,0,0,0,0,24,4.1000000000000005,910,124.67
2019,6,17,22,0,0,0,0,23.3,3.8000000000000003,910,134.69
2019,6,17,23,0,0,0,0,22.6,3.5,910,141.59
2019,6,18,0,0,0,0,0,22,3.5,909,143.56
2019,6,18,1,0,0,0,0,21.400000000000002,3.4000000000000004,908,139.87
2019,6,18,2,0,0,0,0,21,3.3000000000000003,907,131.79
2019,6,18,3,0,0,0,0,20.700000000000003,3.2,907,121.12
2019,6,18,4,0,0,0,0,20.6,3,908,109.03
2019,6,18,5,0,0,0,0,20.5,3,908,96.13
2019,6,18,6,0,73,218,45,21.700000000000003,4.1000000000000005,909,82.68
2019,6,18,7,0,265,444,107,24,5.1000000000000005,909,69.13
2019,6,18,8,0,421,338,229,26.700000000000003,5.5,909,55.4
2019,6,18,9,0,494,180,359,29.1,5.4,909,41.67
2019,6,18,10,0,584,158,445,31.1,5,909,28.2
2019,6,18,11,0,699,213,494,32.300000000000004,4.6000000000000005,908,15.9
2019,6,18,12,0,857,397,466,32.6,4.2,907,10.65
2019,6,18,13,0,863,460,429,32.4,3.9000000000000004,906,19.44
2019,6,18,14,0,808,745,178,31.8,3.6,906,32.33
2019,6,18,15,0,510,282,314,30.700000000000003,3.4000000000000004,906,45.92
2019,6,18,16,0,31,0,31,29.400000000000002,3.2,906,59.67
2019,6,18,17,0,10,0,10,27.8,2.6,907,73.36
2019,6,18,18,0,4,0,4,26.400000000000002,2.5,907,86.77
2019,6,18,19,0,0,0,0,25.700000000000003,2.9000000000000004,908,100.19
2019,6,18,20,0,0,0,0,25.1,3.3000000000000003,909,112.88
2019,6,18,21,0,0,0,0,24.3,3.4000000000000004,909,124.62
2019,6,18,22,0,0,0,0,23.700000000000003,3.5,909,134.64000000000001
2019,6,18,23,0,0,0,0,23,3.5,908,141.55
2019,6,19,0,0,0,0,0,22.3,3.6,908,143.54
2019,6,19,1,0,0,0,0,21.900000000000002,3.8000000000000003,907,139.87
2019,6,19,2,0,0,0,0,21.6,3.8000000000000003,907,131.81
2019,6,19,3,0,0,0,0,21.400000000000002,3.7,907,121.15
2019,6,19,4,0,0,0,0,21.3,3.5,907,109.06
2019,6,19,5,0,0,0,0,21.3,3.4000000000000004,907,96.17
2019,6,19,6,0,76,276,41,22.400000000000002,4.1000000000000005,908,82.72
2019,6,19,7,0,293,613,75,24.8,4.800000000000001,908,69.17
2019,6,19,8,0,523,760,92,27.5,5.1000000000000005,908,55.45
2019,6,19,9,0,725,835,102,29.8,5,908,41.730000000000004
2019,6,19,10,0,803,496,366,31.8,4.800000000000001,907,28.25
2019,6,19,11,0,976,904,107,33.2,4.6000000000000005,907,15.950000000000001
2019,6,19,12,0,834,385,455,34.2,4.4,906,10.65
2019,6,19,13,0,834,423,435,34.6,4.2,905,19.41
2019,6,19,14,0,737,459,348,34.300000000000004,4,904,32.28
2019,6,19,15,0,522,307,309,33.5,4,904,45.88
2019,6,19,16,0,253,79,213,31.700000000000003,4.2,905,59.620000000000005
2019,6,19,17,0,43,0,43,29.5,4.1000000000000005,906,73.31
2019,6,19,18,0,8,0,8,27.400000000000002,4.1000000000000005,907,86.72
2019,6,19,19,0,0,0,0,26,4.1000000000000005,907,100.14
2019,6,19,20,0,0,0,0,25,3.9000000000000004,908,112.83
2019,6,19,21,0,0,0,0,24.1,3.8000000000000003,909,124.57000000000001
2019,6,19,22,0,0,0,0,23.5,3.9000000000000004,909,134.59
2019,6,19,23,0,0,0,0,22.900000000000002,4.6000000000000005,908,141.52
2019,6,20,0,0,0,0,0,22.3,4.800000000000001,907,143.53
2019,6,20,1,0,0,0,0,21.8,4.5,907,139.88
2019,6,20,2,0,0,0,0,21.400000000000002,4.2,906,131.84
2019,6,20,3,0,0,0,0,21.1,3.8000000000000003,906,121.18
2019,6,20,4,0,0,0,0,20.8,3.6,907,109.10000000000001
2019,6,20,5,0,0,0,0,20.6,3.4000000000000004,907,96.22
2019,6,20,6,0,43,13,41,21.8,4.4,908,82.77
2019,6,20,7,0,187,126,142,24,5.7,908,69.22
2019,6,20,8,0,364,199,251,26.5,6.6000000000000005,909,55.5
2019,6,20,9,0,718,815,110,28.6,6.6000000000000005,909,41.78
2019,6,20,10,0,719,375,388,30.3,6.300000000000001,908,28.3
2019,6,20,11,0,811,390,436,31.400000000000002,5.9,908,15.99
2019,6,20,12,0,773,286,492,32.2,5.7,907,10.66
2019,6,20,13,0,758,329,448,32.5,5.5,906,19.37
2019,6,20,14,0,704,415,354,32.300000000000004,5.5,905,32.24
2019,6,20,15,0,537,339,301,31.6,5.4,905,45.83
2019,6,20,16,0,378,372,190,30.3,5.1000000000000005,905,59.57
2019,6,20,17,0,218,491,77,28.6,4.4,906,73.26
2019,6,20,18,0,27,88,22,26.1,3.3000000000000003,907,86.67
2019,6,20,19,0,0,0,0,25,3.9000000000000004,908,100.09
2019,6,20,20,0,0,0,0,23.900000000000002,3.9000000000000004,909,112.78
2019,6,20,21,0,0,0,0,22.900000000000002,3.6,909,124.52
2019,6,20,22,0,0,0,0,22.1,3.4000000000000004,908,134.55
2019,6,20,23,0,0,0,0,21.400000000000002,3.3000000000000003,908,141.49
2019,6,21,0,0,0,0,0,20.900000000000002,3.2,907,143.53
2019,6,21,1,0,0,0,0,20.5,3,906,139.89000000000001
2019,6,21,2,0,0,0,0,20.3,3,906,131.86
2019,6,21,3,0,0,0,0,20.1,3.2,906,121.22
2019,6,21,4,0,0,0,0,19.900000000000002,3.1,906,109.14
2019,6,21,5,0,0,0,0,19.8,2.9000000000000004,907,96.26
2019,6,21,6,0,34,0,34,20.8,4,908,82.81
2019,6,21,7,0,144,36,132,22.700000000000003,4.800000000000001,908,69.27
2019,6,21,8,0,333,142,253,24.900000000000002,5,909,55.550000000000004
2019,6,21,9,0,526,233,352,26.6,4.800000000000001,909,41.83
2019,6,21,10,0,658,256,433,27.900000000000002,4.6000000000000005,908,28.35
2019,6,21,11,0,740,268,483,28.900000000000002,4.6000000000000005,907,16.04
2019,6,21,12,0,703,196,511,29.6,4.7,906,10.65
2019,6,21,13,0,601,127,482,29.8,4.7,906,19.330000000000002
2019,6,21,14,0,594,205,420,29.700000000000003,4.6000000000000005,905,32.19
2019,6,21,15,0,505,269,317,29.200000000000003,4.4,905,45.78
2019,6,21,16,0,147,2,146,28.3,4,905,59.52
2019,6,21,17,0,18,0,18,27,3.1,906,73.21000000000001
2019,6,21,18,0,5,0,5,25.1,2.3000000000000003,906,86.62
2019,6,21,19,0,0,0,0,24.400000000000002,2.7,907,100.04
2019,6,21,20,0,0,0,0,23.6,3,907,112.73
2019,6,21,21,0,0,0,0,22.900000000000002,3.2,908,124.48
2019,6,21,22,0,0,0,0,22.200000000000003,3.5,908,134.52
2019,6,21,23,0,0,0,0,21.6,3.8000000000000003,907,141.47
2019,6,22,0,0,0,0,0,21.200000000000003,4,906,143.53
2019,6,22,1,0,0,0,0,20.900000000000002,4.2,905,139.91
2019,6,22,2,0,0,0,0,20.6,4.1000000000000005,905,131.9
2019,6,22,3,0,0,0,0,20.400000000000002,3.9000000000000004,905,121.26
2019,6,22,4,0,0,0,0,20.200000000000003,3.7,906,109.19
2019,6,22,5,0,0,0,0,20.1,3.6,906,96.31
2019,6,22,6,0,42,10,40,21,4.5,907,82.86
2019,6,22,7,0,129,16,123,22.8,5.2,907,69.32000000000001
2019,6,22,8,0,362,198,250,24.900000000000002,5.5,908,55.6
2019,6,22,9,0,552,282,343,26.8,5.6000000000000005,908,41.88
2019,6,22,10,0,713,362,394,28.400000000000002,5.5,907,28.400000000000002
2019,6,22,11,0,820,396,439,29.6,5.300000000000001,906,16.080000000000002
2019,6,22,12,0,818,372,453,29.900000000000002,5.1000000000000005,906,10.64
2019,6,22,13,0,529,76,458,30,4.9,905,19.29
2019,6,22,14,0,337,25,316,29.700000000000003,4.800000000000001,904,32.14
2019,6,22,15,0,170,6,166,28.900000000000002,4.6000000000000005,904,45.730000000000004
2019,6,22,16,0,413,507,155,27.700000000000003,4.3,905,59.47
2019,6,22,17,0,9,0,9,26.3,3.6,905,73.16
2019,6,22,18,0,4,0,4,24.6,2.6,906,86.57000000000001
2019,6,22,19,0,0,0,0,23.700000000000003,2.8000000000000003,907,99.99000000000001
2019,6,22,20,0,0,0,0,23,3.3000000000000003,907,112.69
2019,6,22,21,0,0,0,0,22.3,3.5,907,124.44
2019,6,22,22,0,0,0,0,21.8,3.4000000000000004,907,134.49
2019,6,22,23,0,0,0,0,21.200000000000003,3.3000000000000003,907,141.46
2019,6,23,0,0,0,0,0,20.700000000000003,3.3000000000000003,906,143.53
2019,6,23,1,0,0,0,0,20.3,3.4000000000000004,905,139.94
2019,6,23,2,0,0,0,0,19.900000000000002,3.4000000000000004,905,131.94
2019,6,23,3,0,0,0,0,19.700000000000003,3.3000000000000003,905,121.31
2019,6,23,4,0,0,0,0,19.5,3.2,905,109.24000000000001
2019,6,23,5,0,0,0,0,19.6,3.2,905,96.36
2019,6,23,6,0,60,153,41,20.5,4.2,906,82.91
2019,6,23,7,0,266,469,101,22.200000000000003,5.1000000000000005,906,69.37
2019,6,23,8,0,229,29,213,24.1,5.300000000000001,907,55.65
2019,6,23,9,0,597,382,312,25.900000000000002,5.4,906,41.92
2019,6,23,10,0,704,339,407,27.400000000000002,5.300000000000001,906,28.45
2019,6,23,11,0,446,37,411,28.6,5.1000000000000005,905,16.11
2019,6,23,12,0,428,30,398,29.3,4.9,905,10.620000000000001
2019,6,23,13,0,729,274,470,29.5,4.6000000000000005,904,19.240000000000002
2019,6,23,14,0,644,280,407,29.200000000000003,4.4,903,32.09
2019,6,23,15,0,457,181,330,28.8,4.2,903,45.68
2019,6,23,16,0,23,0,23,28,4,904,59.42
2019,6,23,17,0,215,474,77,26.6,3.2,904,73.11
2019,6,23,18,0,29,143,20,24.400000000000002,1.8,905,86.53
2019,6,23,19,0,0,0,0,23.700000000000003,1.9000000000000001,905,99.95
2019,6,23,20,0,0,0,0,23.1,2.6,906,112.65
2019,6,23,21,0,0,0,0,22.5,3.2,906,124.41
2019,6,23,22,0,0,0,0,21.8,3.5,906,134.47
2019,6,23,23,0,0,0,0,21.3,4,906,141.45000000000002
2019,6,24,0,0,0,0,0,21,4.1000000000000005,906,143.55
2019,6,24,1,0,0,0,0,20.700000000000003,4,905,139.97
2019,6,24,2,0,0,0,0,20.400000000000002,3.7,905,131.98
2019,6,24,3,0,0,0,0,20.200000000000003,3.4000000000000004,905,121.35000000000001
2019,6,24,4,0,0,0,0,20,3.2,905,109.29
2019,6,24,5,0,0,0,0,19.8,2.8000000000000003,906,96.41
2019,6,24,6,0,69,204,44,20.6,3.4000000000000004,907,82.96000000000001
2019,6,24,7,0,263,457,103,22.3,4.4,908,69.42
2019,6,24,8,0,468,527,171,24.700000000000003,4.9,908,55.7
2019,6,24,9,0,494,184,357,27.1,4.9,908,41.97
2019,6,24,10,0,717,375,387,29.200000000000003,4.800000000000001,907,28.490000000000002
2019,6,24,11,0,765,305,472,30.700000000000003,4.7,906,16.14
2019,6,24,12,0,866,401,472,31.5,4.6000000000000005,905,10.6
2019,6,24,13,0,702,236,479,31.3,4.3,905,19.19
2019,6,24,14,0,541,140,422,30.700000000000003,3.9000000000000004,904,32.04
2019,6,24,15,0,343,57,303,30.3,3.6,904,45.63
2019,6,24,16,0,435,597,131,29.3,2.8000000000000003,904,59.370000000000005
2019,6,24,17,0,211,399,95,27.400000000000002,1.8,905,73.07000000000001
2019,6,24,18,0,26,40,23,25.6,1.9000000000000001,906,86.49
2019,6,24,19,0,0,0,0,24.8,2.4000000000000004,907,99.91
2019,6,24,20,0,0,0,0,24,2.9000000000000004,907,112.61
2019,6,24,21,0,0,0,0,23.1,2.9000000000000004,908,124.38000000000001
2019,6,24,22,0,0,0,0,22.400000000000002,2.9000000000000004,908,134.45
2019,6,24,23,0,0,0,0,21.8,3,908,141.45000000000002
2019,6,25,0,0,0,0,0,21.3,2.7,907,143.57
2019,6,25,1,0,0,0,0,20.8,2.5,907,140.01
2019,6,25,2,0,0,0,0,20.5,2.5,907,132.03
2019,6,25,3,0,0,0,0,20.400000000000002,2.6,907,121.41
2019,6,25,4,0,0,0,0,20.200000000000003,2.6,907,109.34
2019,6,25,5,0,0,0,0,20.1,2.6,907,96.46000000000001
2019,6,25,6,0,68,198,44,20.8,3.4000000000000004,908,83.01
2019,6,25,7,0,256,420,108,22.200000000000003,4.2,909,69.47
2019,6,25,8,0,459,493,182,24.3,4.6000000000000005,909,55.75
2019,6,25,9,0,572,324,331,26.400000000000002,4.800000000000001,909,42.02
2019,6,25,10,0,693,316,416,28.200000000000003,4.7,908,28.53
2019,6,25,11,0,752,286,477,30,4.6000000000000005,908,16.17
2019,6,25,12,0,769,281,493,31.400000000000002,4.4,907,10.57
2019,6,25,13,0,723,265,473,32.2,4.2,906,19.14
2019,6,25,14,0,602,214,420,32.4,4.1000000000000005,906,31.990000000000002
2019,6,25,15,0,405,111,327,31.900000000000002,3.9000000000000004,906,45.58
2019,6,25,16,0,66,0,66,30.700000000000003,3.4000000000000004,906,59.32
2019,6,25,17,0,18,0,18,28.5,2,907,73.02
2019,6,25,18,0,5,0,5,26.5,2,908,86.44
2019,6,25,19,0,0,0,0,25.8,3.2,908,99.87
2019,6,25,20,0,0,0,0,24.6,4.1000000000000005,909,112.58
2019,6,25,21,0,0,0,0,23.400000000000002,3.9000000000000004,909,124.35000000000001
2019,6,25,22,0,0,0,0,22.5,3.5,909,134.44
2019,6,25,23,0,0,0,0,21.900000000000002,3,909,141.46
2019,6,26,0,0,0,0,0,21.5,2.8000000000000003,908,143.6
2019,6,26,1,0,0,0,0,21.200000000000003,3,908,140.05
2019,6,26,2,0,0,0,0,21,3.2,907,132.08
2019,6,26,3,0,0,0,0,20.900000000000002,3.1,907,121.46000000000001
2019,6,26,4,0,0,0,0,20.900000000000002,2.7,907,109.39
2019,6,26,5,0,0,0,0,21,2.5,908,96.52
2019,6,26,6,0,28,0,28,21.900000000000002,3.3000000000000003,909,83.06
2019,6,26,7,0,164,76,137,23.3,4.5,909,69.52
2019,6,26,8,0,307,105,247,24.8,5,910,55.800000000000004
2019,6,26,9,0,497,190,356,26.1,5,910,42.06
2019,6,26,10,0,596,174,442,27.200000000000003,4.7,909,28.57
2019,6,26,11,0,520,65,457,28.1,4.4,909,16.19
2019,6,26,12,0,613,113,503,28.6,4.2,908,10.53
2019,6,26,13,0,585,113,478,28.8,4.1000000000000005,907,19.080000000000002
2019,6,26,14,0,386,37,354,28.400000000000002,4.1000000000000005,907,31.93
2019,6,26,15,0,293,30,272,27.6,4.1000000000000005,907,45.53
2019,6,26,16,0,21,0,21,26.700000000000003,4,907,59.28
2019,6,26,17,0,9,0,9,25.5,3.1,908,72.98
2019,6,26,18,0,4,0,4,24.1,1.9000000000000001,908,86.4
2019,6,26,19,0,0,0,0,23.400000000000002,1.8,909,99.83
2019,6,26,20,0,0,0,0,23,1.9000000000000001,909,112.55
2019,6,26,21,0,0,0,0,22.5,2,909,124.33
2019,6,26,22,0,0,0,0,22,2.3000000000000003,909,134.43
2019,6,26,23,0,0,0,0,21.400000000000002,2.4000000000000004,909,141.47
2019,6,27,0,0,0,0,0,21,2.5,908,143.63
2019,6,27,1,0,0,0,0,20.700000000000003,2.5,907,140.1
2019,6,27,2,0,0,0,0,20.6,2.6,907,132.13
2019,6,27,3,0,0,0,0,20.6,2.5,907,121.52
2019,6,27,4,0,0,0,0,20.5,2.4000000000000004,907,109.45
2019,6,27,5,0,0,0,0,20.5,2.5,907,96.57000000000001
2019,6,27,6,0,11,0,11,21.5,3.8000000000000003,908,83.12
2019,6,27,7,0,94,0,94,23.700000000000003,5.300000000000001,909,69.57000000000001
2019,6,27,8,0,357,195,248,26.400000000000002,6.1000000000000005,909,55.84
2019,6,27,9,0,604,416,296,28.6,6.4,909,42.11
2019,6,27,10,0,408,40,373,30.3,6.5,908,28.61
2019,6,27,11,0,711,230,490,31.400000000000002,6.4,907,16.2
2019,6,27,12,0,521,59,464,31.700000000000003,6.300000000000001,906,10.49
2019,6,27,13,0,935,842,139,31.3,6.2,906,19.02
2019,6,27,14,0,746,467,350,30.400000000000002,5.800000000000001,905,31.88
2019,6,27,15,0,508,268,320,29.400000000000002,5.5,905,45.480000000000004
2019,6,27,16,0,225,44,203,28.200000000000003,4.9,905,59.230000000000004
2019,6,27,17,0,189,301,100,26.700000000000003,3.7,906,72.93
2019,6,27,18,0,25,30,23,25.1,2.7,907,86.37
2019,6,27,19,0,0,0,0,24.400000000000002,2.9000000000000004,907,99.8
2019,6,27,20,0,0,0,0,23.8,3.3000000000000003,908,112.52
2019,6,27,21,0,0,0,0,23,3.6,909,124.32000000000001
2019,6,27,22,0,0,0,0,22.200000000000003,3.6,909,134.43
2019,6,27,23,0,0,0,0,21.6,3.5,908,141.49
2019,6,28,0,0,0,0,0,21.200000000000003,3.6,908,143.67000000000002
2019,6,28,1,0,0,0,0,21,3.7,907,140.16
2019,6,28,2,0,0,0,0,20.8,4,907,132.2
2019,6,28,3,0,0,0,0,20.700000000000003,4.2,906,121.58
2019,6,28,4,0,0,0,0,20.5,4.1000000000000005,907,109.51
2019,6,28,5,0,0,0,0,20.400000000000002,4,907,96.63
2019,6,28,6,0,59,171,39,21.3,5,908,83.17
2019,6,28,7,0,238,340,119,23.3,6.1000000000000005,908,69.63
2019,6,28,8,0,461,510,175,25.6,6.7,909,55.89
2019,6,28,9,0,624,470,275,27.6,6.7,909,42.15
2019,6,28,10,0,730,404,376,29.1,6.5,908,28.64
2019,6,28,11,0,854,420,451,29.900000000000002,6.300000000000001,907,16.22
2019,6,28,12,0,877,409,475,30,6.1000000000000005,907,10.44
2019,6,28,13,0,939,850,136,29.900000000000002,5.9,906,18.96
2019,6,28,14,0,709,416,355,29.6,5.7,905,31.82
2019,6,28,15,0,645,636,199,29,5.5,905,45.43
2019,6,28,16,0,444,630,121,28.1,5.1000000000000005,906,59.18
2019,6,28,17,0,210,421,86,26.900000000000002,4.2,906,72.89
2019,6,28,18,0,28,58,25,25.3,3.2,907,86.33
2019,6,28,19,0,0,0,0,24.3,2.7,908,99.77
2019,6,28,20,0,0,0,0,23.5,2.8000000000000003,909,112.5
2019,6,28,21,0,0,0,0,22.900000000000002,3.1,909,124.3
2019,6,28,22,0,0,0,0,22.3,3.3000000000000003,909,134.43
2019,6,28,23,0,0,0,0,21.8,3.6,908,141.51
2019,6,29,0,0,0,0,0,21.5,3.6,908,143.72
2019,6,29,1,0,0,0,0,21.200000000000003,3.6,907,140.22
2019,6,29,2,0,0,0,0,21,3.5,907,132.26
2019,6,29,3,0,0,0,0,20.900000000000002,3.4000000000000004,906,121.65
2019,6,29,4,0,0,0,0,20.900000000000002,3.4000000000000004,906,109.57000000000001
2019,6,29,5,0,0,0,0,20.900000000000002,3.3000000000000003,907,96.69
2019,6,29,6,0,63,215,37,21.8,4.4,907,83.23
2019,6,29,7,0,223,274,128,23.5,5.9,908,69.68
2019,6,29,8,0,385,261,239,25,6.6000000000000005,908,55.94
2019,6,29,9,0,555,293,338,26.3,6.7,908,42.19
2019,6,29,10,0,681,297,420,27.5,6.7,908,28.67
2019,6,29,11,0,808,388,435,28.200000000000003,6.5,907,16.22
2019,6,29,12,0,827,380,453,28.5,6.4,907,10.39
2019,6,29,13,0,606,130,483,28.5,6.300000000000001,906,18.900000000000002
2019,6,29,14,0,655,294,404,28.400000000000002,6,906,31.77
2019,6,29,15,0,504,259,322,28.1,5.7,905,45.37
2019,6,29,16,0,448,647,116,27.700000000000003,5.300000000000001,906,59.14
2019,6,29,17,0,30,0,30,26.6,4.6000000000000005,906,72.85000000000001
2019,6,29,18,0,7,0,7,25,4,907,86.3
2019,6,29,19,0,0,0,0,23.900000000000002,3.9000000000000004,908,99.74000000000001
2019,6,29,20,0,0,0,0,23,3.7,909,112.48
2019,6,29,21,0,0,0,0,22.200000000000003,3.6,909,124.3
2019,6,29,22,0,0,0,0,21.700000000000003,3.4000000000000004,909,134.44
2019,6,29,23,0,0,0,0,21.3,3.3000000000000003,908,141.55
2019,6,30,0,0,0,0,0,21.1,3.3000000000000003,907,143.77
2019,6,30,1,0,0,0,0,20.900000000000002,3.5,907,140.29
2019,6,30,2,0,0,0,0,20.8,3.5,906,132.33
2019,6,30,3,0,0,0,0,20.6,3.6,906,121.71000000000001
2019,6,30,4,0,0,0,0,20.400000000000002,3.5,906,109.64
2019,6,30,5,0,0,0,0,20.1,3.2,907,96.75
2019,6,30,6,0,41,23,38,21.200000000000003,4.4,908,83.28
2019,6,30,7,0,173,102,138,23.1,5.800000000000001,908,69.73
2019,6,30,8,0,371,228,243,25,6.800000000000001,908,55.99
2019,6,30,9,0,539,264,344,26.6,7.300000000000001,908,42.230000000000004
2019,6,30,10,0,568,145,441,27.5,7.5,908,28.7
2019,6,30,11,0,758,296,474,28.1,7.4,907,16.23
2019,6,30,12,0,763,272,496,28.5,7.2,907,10.32
2019,6,30,13,0,766,343,441,28.700000000000003,7,906,18.830000000000002
2019,6,30,14,0,666,314,399,28.700000000000003,6.5,906,31.71
2019,6,30,15,0,466,190,332,28.3,5.9,906,45.32
2019,6,30,16,0,408,455,174,27.700000000000003,5.300000000000001,906,59.09
2019,6,30,17,0,59,0,59,26.6,4.2,906,72.81
2019,6,30,18,0,11,0,11,25.200000000000003,3,907,86.27
2019,6,30,19,0,0,0,0,24.5,3,908,99.72
2019,6,30,20,0,0,0,0,23.900000000000002,2.9000000000000004,908,112.47
2019,6,30,21,0,0,0,0,23.3,3,909,124.29
2019,6,30,22,0,0,0,0,22.6,3,908,134.45
2019,6,30,23,0,0,0,0,21.900000000000002,3.1,908,141.58
2019,7,1,0,0,0,0,0,21.5,3.3000000000000003,907,143.83
2019,7,1,1,0,0,0,0,21.3,3.4000000000000004,906,140.36
2019,7,1,2,0,0,0,0,21.1,3.2,906,132.41
2019,7,1,3,0,0,0,0,21,2.9000000000000004,906,121.78
2019,7,1,4,0,0,0,0,21,2.7,906,109.7
2019,7,1,5,0,0,0,0,21,3.3000000000000003,906,96.81
2019,7,1,6,0,67,239,39,22.1,4.5,907,83.34
2019,7,1,7,0,243,376,113,24.200000000000003,5.5,908,69.78
2019,7,1,8,0,442,427,203,26.400000000000002,6.1000000000000005,908,56.03
2019,7,1,9,0,589,366,317,28.5,6.4,907,42.27
2019,7,1,10,0,664,270,428,30.3,6.5,907,28.73
2019,7,1,11,0,658,168,496,31.700000000000003,6.6000000000000005,906,16.23
2019,7,1,12,0,900,433,474,32.5,6.6000000000000005,905,10.25
2019,7,1,13,0,784,376,428,32.9,6.6000000000000005,904,18.76
2019,7,1,14,0,721,431,354,32.6,6.5,904,31.650000000000002
2019,7,1,15,0,610,527,239,31.900000000000002,6.4,904,45.27
2019,7,1,16,0,379,352,198,30.700000000000003,6,905,59.050000000000004
2019,7,1,17,0,39,0,39,28.900000000000002,5.1000000000000005,905,72.78
2019,7,1,18,0,9,0,9,26.700000000000003,3.9000000000000004,906,86.24
2019,7,1,19,0,0,0,0,25.6,3.8000000000000003,907,99.7
2019,7,1,20,0,0,0,0,24.5,3.6,908,112.45
2019,7,1,21,0,0,0,0,23.6,3.4000000000000004,908,124.3
2019,7,1,22,0,0,0,0,22.700000000000003,3.4000000000000004,908,134.48
2019,7,1,23,0,0,0,0,22,3.5,907,141.63
2019,7,2,0,0,0,0,0,21.400000000000002,3.7,907,143.9
2019,7,2,1,0,0,0,0,21,3.7,906,140.44
2019,7,2,2,0,0,0,0,20.900000000000002,3.5,906,132.49
2019,7,2,3,0,0,0,0,20.700000000000003,3.4000000000000004,906,121.86
2019,7,2,4,0,0,0,0,20.700000000000003,3.4000000000000004,906,109.77
2019,7,2,5,0,0,0,0,20.700000000000003,3.3000000000000003,907,96.87
2019,7,2,6,0,47,73,39,21.900000000000002,4.5,907,83.39
2019,7,2,7,0,240,365,114,23.900000000000002,5.800000000000001,908,69.83
2019,7,2,8,0,424,375,215,25.8,6.2,908,56.08
2019,7,2,9,0,581,351,321,27.5,6.1000000000000005,908,42.31
2019,7,2,10,0,693,311,421,28.900000000000002,5.9,908,28.75
2019,7,2,11,0,749,282,478,30.200000000000003,5.800000000000001,907,16.22
2019,7,2,12,0,875,406,476,30.900000000000002,5.800000000000001,906,10.18
2019,7,2,13,0,844,427,440,31.1,5.800000000000001,905,18.68
2019,7,2,14,0,674,317,404,30.700000000000003,5.7,905,31.59
2019,7,2,15,0,509,266,322,29.8,5.6000000000000005,905,45.22
2019,7,2,16,0,449,648,115,28.8,5.4,905,59.01
2019,7,2,17,0,117,31,108,27.6,4.7,906,72.74
2019,7,2,18,0,18,0,18,26.200000000000003,3.9000000000000004,907,86.21000000000001
2019,7,2,19,0,0,0,0,25.3,4.1000000000000005,908,99.68
2019,7,2,20,0,0,0,0,24.400000000000002,4.2,908,112.45
2019,7,2,21,0,0,0,0,23.400000000000002,4,908,124.3
2019,7,2,22,0,0,0,0,22.6,3.8000000000000003,908,134.5
2019,7,2,23,0,0,0,0,22.1,3.7,908,141.68
2019,7,3,0,0,0,0,0,21.8,4,907,143.98
2019,7,3,1,0,0,0,0,21.6,4.2,907,140.53
2019,7,3,2,0,0,0,0,21.5,4.2,906,132.57
2019,7,3,3,0,0,0,0,21.400000000000002,4.5,906,121.94
2019,7,3,4,0,0,0,0,21.3,4.4,907,109.84
2019,7,3,5,0,0,0,0,21.3,4.2,907,96.94
2019,7,3,6,0,54,138,38,22,4.6000000000000005,908,83.45
2019,7,3,7,0,235,340,118,23.5,5.800000000000001,908,69.88
2019,7,3,8,0,381,255,239,25.400000000000002,6.4,908,56.120000000000005
2019,7,3,9,0,559,305,334,27.200000000000003,6.7,908,42.34
2019,7,3,10,0,634,226,436,28.700000000000003,6.7,908,28.77
2019,7,3,11,0,737,265,482,29.8,6.6000000000000005,908,16.21
2019,7,3,12,0,822,375,453,30.6,6.4,907,10.1
2019,7,3,13,0,753,304,465,30.900000000000002,6.2,906,18.61
2019,7,3,14,0,617,231,420,30.5,6,906,31.53
2019,7,3,15,0,457,175,334,30,5.800000000000001,906,45.18
2019,7,3,16,0,349,260,215,29,5.6000000000000005,906,58.97
2019,7,3,17,0,219,465,81,27.700000000000003,4.9,907,72.71000000000001
2019,7,3,18,0,34,164,23,26.3,4.4,908,86.19
2019,7,3,19,0,0,0,0,25.3,4,908,99.66
2019,7,3,20,0,0,0,0,24.400000000000002,3.4000000000000004,909,112.44
2019,7,3,21,0,0,0,0,23.6,3.1,909,124.31
2019,7,3,22,0,0,0,0,22.900000000000002,3.2,909,134.53
2019,7,3,23,0,0,0,0,22.5,3.6,909,141.74
2019,7,4,0,0,0,0,0,22.200000000000003,3.4000000000000004,908,144.06
2019,7,4,1,0,0,0,0,21.900000000000002,3.5,907,140.62
2019,7,4,2,0,0,0,0,21.700000000000003,3.5,907,132.66
2019,7,4,3,0,0,0,0,21.6,3.6,907,122.02
2019,7,4,4,0,0,0,0,21.400000000000002,3.7,907,109.91
2019,7,4,5,0,0,0,0,21.400000000000002,3.7,907,97
2019,7,4,6,0,66,272,35,22.5,4.6000000000000005,908,83.51
2019,7,4,7,0,222,282,125,24.5,5.9,908,69.93
2019,7,4,8,0,311,117,246,26.400000000000002,6.5,908,56.17
2019,7,4,9,0,343,44,310,28,6.800000000000001,908,42.38
2019,7,4,10,0,694,313,419,29.1,6.9,908,28.79
2019,7,4,11,0,797,376,436,29.700000000000003,7,907,16.2
2019,7,4,12,0,339,19,321,30.1,6.9,907,10.01
2019,7,4,13,0,780,368,431,30.1,6.800000000000001,906,18.53
2019,7,4,14,0,652,286,408,29.700000000000003,6.7,906,31.470000000000002
2019,7,4,15,0,547,345,304,29.3,6.7,906,45.13
2019,7,4,16,0,314,174,224,28.5,6.7,906,58.93
2019,7,4,17,0,232,548,68,27.200000000000003,6.1000000000000005,906,72.68
2019,7,4,18,0,34,144,24,25.6,5,907,86.16
2019,7,4,19,0,0,0,0,24.6,4.6000000000000005,908,99.65
2019,7,4,20,0,0,0,0,23.700000000000003,4.2,908,112.44
2019,7,4,21,0,0,0,0,22.900000000000002,3.7,909,124.33
2019,7,4,22,0,0,0,0,22.400000000000002,3.8000000000000003,909,134.57
2019,7,4,23,0,0,0,0,22,3.7,908,141.8
2019,7,5,0,0,0,0,0,21.700000000000003,3.5,907,144.15
2019,7,5,1,0,0,0,0,21.5,3.5,906,140.71
2019,7,5,2,0,0,0,0,21.400000000000002,3.6,906,132.75
2019,7,5,3,0,0,0,0,21.400000000000002,3.7,906,122.10000000000001
2019,7,5,4,0,0,0,0,21.400000000000002,4,906,109.99000000000001
2019,7,5,5,0,0,0,0,21.3,4.2,906,97.07000000000001
2019,7,5,6,0,36,0,36,22.1,5.300000000000001,907,83.57000000000001
2019,7,5,7,0,152,58,132,23.700000000000003,6.7,907,69.98
2019,7,5,8,0,347,182,246,25.6,7.300000000000001,907,56.21
2019,7,5,9,0,379,66,330,27.3,7.5,908,42.410000000000004
2019,7,5,10,0,524,106,432,28.3,7.4,907,28.810000000000002
2019,7,5,11,0,664,175,496,29,7.5,907,16.18
2019,7,5,12,0,713,206,511,29.400000000000002,7.6000000000000005,906,9.92
2019,7,5,13,0,688,213,485,29.200000000000003,7.4,906,18.45
2019,7,5,14,0,571,168,427,28.6,7.2,905,31.41
2019,7,5,15,0,445,156,335,28.1,7,905,45.08
2019,7,5,16,0,192,19,182,27.3,6.7,905,58.89
2019,7,5,17,0,198,332,99,26.1,5.800000000000001,905,72.65
2019,7,5,18,0,12,0,12,24.6,4.6000000000000005,906,86.14
2019,7,5,19,0,0,0,0,23.700000000000003,4.2,907,99.64
2019,7,5,20,0,0,0,0,22.900000000000002,3.7,908,112.44
2019,7,5,21,0,0,0,0,22.5,4,908,124.35000000000001
2019,7,5,22,0,0,0,0,22.1,3.9000000000000004,908,134.61
2019,7,5,23,0,0,0,0,21.8,3.9000000000000004,907,141.87
2019,7,6,0,0,0,0,0,21.700000000000003,4.7,907,144.24
2019,7,6,1,0,0,0,0,21.6,4.800000000000001,906,140.81
2019,7,6,2,0,0,0,0,21.400000000000002,4.9,906,132.84
2019,7,6,3,0,0,0,0,21.200000000000003,4.9,906,122.18
2019,7,6,4,0,0,0,0,21.1,4.6000000000000005,906,110.06
2019,7,6,5,0,0,0,0,21.1,4.5,906,97.13
2019,7,6,6,0,19,0,19,21.700000000000003,4.9,907,83.62
2019,7,6,7,0,125,16,119,22.900000000000002,5.800000000000001,907,70.03
2019,7,6,8,0,307,112,245,24.5,6.7,908,56.25
2019,7,6,9,0,340,43,308,25.900000000000002,7.1000000000000005,908,42.44
2019,7,6,10,0,560,138,439,27,7.300000000000001,908,28.82
2019,7,6,11,0,660,170,496,27.700000000000003,7.4,907,16.16
2019,7,6,12,0,629,123,507,27.900000000000002,7.4,907,9.82
2019,7,6,13,0,649,169,489,28,7.5,906,18.37
2019,7,6,14,0,551,146,426,28.1,7.5,905,31.35
2019,7,6,15,0,394,95,327,27.700000000000003,7.300000000000001,905,45.03
2019,7,6,16,0,74,0,74,26.900000000000002,6.9,905,58.85
2019,7,6,17,0,172,200,112,25.8,6,906,72.62
2019,7,6,18,0,26,52,22,24.400000000000002,4.800000000000001,907,86.13
2019,7,6,19,0,0,0,0,23.5,4.2,908,99.63
2019,7,6,20,0,0,0,0,22.8,3.8000000000000003,908,112.45
2019,7,6,21,0,0,0,0,22.200000000000003,3.5,909,124.37
2019,7,6,22,0,0,0,0,21.8,3.4000000000000004,908,134.66
2019,7,6,23,0,0,0,0,21.400000000000002,3.4000000000000004,908,141.95000000000002
2019,7,7,0,0,0,0,0,21.200000000000003,3.9000000000000004,907,144.34
2019,7,7,1,0,0,0,0,21,4,906,140.92000000000002
2019,7,7,2,0,0,0,0,20.8,4.1000000000000005,906,132.94
2019,7,7,3,0,0,0,0,20.6,4.1000000000000005,906,122.27
2019,7,7,4,0,0,0,0,20.5,4,906,110.14
2019,7,7,5,0,0,0,0,20.5,4,907,97.2
2019,7,7,6,0,58,140,42,21.1,4.7,908,83.68
2019,7,7,7,0,224,303,121,22.5,6.1000000000000005,908,70.08
2019,7,7,8,0,425,388,210,24.8,7,909,56.29
2019,7,7,9,0,546,283,338,26.8,7.6000000000000005,909,42.47
2019,7,7,10,0,653,254,430,28.5,7.800000000000001,908,28.84
2019,7,7,11,0,774,332,455,29.6,7.7,908,16.14
2019,7,7,12,0,819,370,454,30.200000000000003,7.6000000000000005,907,9.71
2019,7,7,13,0,795,388,427,30.200000000000003,7.5,907,18.29
2019,7,7,14,0,580,178,427,29.8,7.300000000000001,906,31.29
2019,7,7,15,0,490,226,330,29.200000000000003,7.1000000000000005,906,44.99
2019,7,7,16,0,321,187,224,28.200000000000003,6.800000000000001,906,58.82
2019,7,7,17,0,219,397,100,26.700000000000003,6.1000000000000005,907,72.60000000000001
2019,7,7,18,0,28,40,25,25.1,5.2,908,86.11
2019,7,7,19,0,0,0,0,24,4.7,908,99.63
2019,7,7,20,0,0,0,0,23,3.9000000000000004,909,112.46000000000001
2019,7,7,21,0,0,0,0,22.3,3.1,910,124.4
2019,7,7,22,0,0,0,0,21.700000000000003,2.9000000000000004,910,134.72
2019,7,7,23,0,0,0,0,21.5,3.6,909,142.03
2019,7,8,0,0,0,0,0,21.3,4,909,144.45000000000002
2019,7,8,1,0,0,0,0,21,4.3,909,141.03
2019,7,8,2,0,0,0,0,20.8,4.5,908,133.04
2019,7,8,3,0,0,0,0,20.700000000000003,4.6000000000000005,908,122.36
2019,7,8,4,0,0,0,0,20.6,4.6000000000000005,908,110.22
2019,7,8,5,0,0,0,0,20.6,4.4,908,97.27
2019,7,8,6,0,45,76,36,21.6,4.9,909,83.74
2019,7,8,7,0,214,262,125,23.6,6.1000000000000005,910,70.13
2019,7,8,8,0,444,454,192,25.700000000000003,6.9,910,56.33
2019,7,8,9,0,620,471,273,27.3,7.300000000000001,910,42.5
2019,7,8,10,0,654,256,430,29.1,7.4,909,28.84
2019,7,8,11,0,240,14,227,30.700000000000003,7.5,909,16.11
2019,7,8,12,0,440,32,408,31.3,7.6000000000000005,908,9.6
2019,7,8,13,0,767,338,446,31,7.5,907,18.2
2019,7,8,14,0,751,464,354,30.3,7.300000000000001,907,31.23
2019,7,8,15,0,516,275,322,29.400000000000002,7.1000000000000005,907,44.94
2019,7,8,16,0,446,618,125,28.3,6.800000000000001,907,58.78
2019,7,8,17,0,70,0,70,26.900000000000002,6.4,908,72.57000000000001
2019,7,8,18,0,13,0,13,25.3,5.7,908,86.10000000000001
2019,7,8,19,0,0,0,0,24.3,4.9,909,99.63
2019,7,8,20,0,0,0,0,23.3,4.3,910,112.48
2019,7,8,21,0,0,0,0,22.6,4,910,124.44
2019,7,8,22,0,0,0,0,21.900000000000002,3.5,910,134.78
2019,7,8,23,0,0,0,0,21.400000000000002,3.2,910,142.12
2019,7,9,0,0,0,0,0,21,3.4000000000000004,909,144.56
2019,7,9,1,0,0,0,0,20.700000000000003,3.7,908,141.15
2019,7,9,2,0,0,0,0,20.400000000000002,3.8000000000000003,907,133.15
2019,7,9,3,0,0,0,0,20.1,3.8000000000000003,907,122.45
2019,7,9,4,0,0,0,0,20,3.5,907,110.3
2019,7,9,5,0,0,0,0,19.900000000000002,3.1,908,97.34
2019,7,9,6,0,29,0,29,20.700000000000003,3.6,909,83.79
2019,7,9,7,0,239,382,109,22.400000000000002,5,909,70.18
2019,7,9,8,0,423,385,210,24.400000000000002,6,910,56.370000000000005
2019,7,9,9,0,567,327,326,26.1,6.5,910,42.52
2019,7,9,10,0,690,316,414,27.5,6.5,909,28.85
2019,7,9,11,0,607,121,491,28.400000000000002,6.5,908,16.07
2019,7,9,12,0,555,74,482,28.900000000000002,6.4,908,9.48
2019,7,9,13,0,467,46,424,29.1,6.4,907,18.11
2019,7,9,14,0,191,10,182,28.900000000000002,6.5,907,31.17
2019,7,9,15,0,606,507,247,28.400000000000002,6.5,907,44.9
2019,7,9,16,0,438,563,146,27.3,6.1000000000000005,907,58.75
2019,7,9,17,0,215,368,104,25.700000000000003,5.300000000000001,908,72.55
2019,7,9,18,0,28,40,26,24.1,4,908,86.09
2019,7,9,19,0,0,0,0,23.1,3.5,909,99.63
2019,7,9,20,0,0,0,0,22.400000000000002,3.2,910,112.5
2019,7,9,21,0,0,0,0,21.900000000000002,3.1,910,124.48
2019,7,9,22,0,0,0,0,21.3,3.2,910,134.84
2019,7,9,23,0,0,0,0,20.900000000000002,3.8000000000000003,909,142.22
2019,7,10,0,0,0,0,0,20.700000000000003,4.1000000000000005,908,144.68
2019,7,10,1,0,0,0,0,20.5,4.4,908,141.27
2019,7,10,2,0,0,0,0,20.5,4.5,907,133.26
2019,7,10,3,0,0,0,0,20.400000000000002,4.4,907,122.55
2019,7,10,4,0,0,0,0,20.200000000000003,4.5,907,110.38
2019,7,10,5,0,0,0,0,20.200000000000003,4.4,908,97.41
2019,7,10,6,0,48,114,36,20.900000000000002,4.7,908,83.85000000000001
2019,7,10,7,0,169,105,134,22.5,5.7,909,70.23
2019,7,10,8,0,419,373,213,25.200000000000003,6.800000000000001,909,56.4
2019,7,10,9,0,519,233,347,27.6,7.4,909,42.54
2019,7,10,10,0,189,10,180,29.700000000000003,7.6000000000000005,909,28.85
2019,7,10,11,0,801,380,436,30.8,7.6000000000000005,908,16.03
2019,7,10,12,0,786,299,490,30.900000000000002,7.300000000000001,907,9.35
2019,7,10,13,0,708,237,483,30.3,6.7,907,18.03
2019,7,10,14,0,649,276,413,29.400000000000002,6.300000000000001,907,31.11
2019,7,10,15,0,447,156,336,28.6,6.1000000000000005,907,44.86
2019,7,10,16,0,317,176,226,27.3,5.7,907,58.72
2019,7,10,17,0,215,369,105,25.5,5,908,72.54
2019,7,10,18,0,28,42,26,23.8,4.2,909,86.09
2019,7,10,19,0,0,0,0,22.700000000000003,3.8000000000000003,910,99.64
2019,7,10,20,0,0,0,0,21.8,3.6,911,112.52
2019,7,10,21,0,0,0,0,21.200000000000003,3.6,911,124.52
2019,7,10,22,0,0,0,0,20.8,3.5,911,134.91
2019,7,10,23,0,0,0,0,20.400000000000002,3.8000000000000003,911,142.32
2019,7,11,0,0,0,0,0,20.1,4,910,144.81
2019,7,11,1,0,0,0,0,19.8,4.2,909,141.4
2019,7,11,2,0,0,0,0,19.6,4.3,908,133.37
2019,7,11,3,0,0,0,0,19.6,4.3,908,122.64
2019,7,11,4,0,0,0,0,19.6,4.1000000000000005,909,110.46000000000001
2019,7,11,5,0,0,0,0,19.700000000000003,4.5,909,97.47
2019,7,11,6,0,51,151,35,20.200000000000003,4.6000000000000005,910,83.91
2019,7,11,7,0,204,224,128,21.700000000000003,5.4,911,70.27
2019,7,11,8,0,370,238,238,24.3,6.1000000000000005,911,56.44
2019,7,11,9,0,563,319,328,27.1,6.2,911,42.56
2019,7,11,10,0,758,442,370,28.400000000000002,5.6000000000000005,911,28.86
2019,7,11,11,0,762,294,479,29,5,910,15.99
2019,7,11,12,0,795,324,475,29.700000000000003,5,909,9.22
2019,7,11,13,0,423,33,392,30.3,5.300000000000001,908,17.94
2019,7,11,14,0,116,0,116,30,5.7,908,31.060000000000002
2019,7,11,15,0,283,25,265,28.6,5.9,908,44.82
2019,7,11,16,0,132,0,132,26.1,5.7,909,58.7
2019,7,11,17,0,49,0,49,23.6,4.9,910,72.52
2019,7,11,18,0,10,0,10,22.200000000000003,4.2,911,86.08
2019,7,11,19,0,0,0,0,21.700000000000003,3.7,911,99.65
2019,7,11,20,0,0,0,0,21.5,3.1,912,112.55
2019,7,11,21,0,0,0,0,21.3,2.5,912,124.57000000000001
2019,7,11,22,0,0,0,0,20.8,2,912,134.99
2019,7,11,23,0,0,0,0,20.400000000000002,1.9000000000000001,911,142.43
2019,7,12,0,0,0,0,0,20.1,2,910,144.94
2019,7,12,1,0,0,0,0,19.900000000000002,2.2,909,141.53
2019,7,12,2,0,0,0,0,19.700000000000003,2.3000000000000003,909,133.49
2019,7,12,3,0,0,0,0,19.5,2.5,909,122.74000000000001
2019,7,12,4,0,0,0,0,19.3,2.5,909,110.54
2019,7,12,5,0,0,0,0,19.200000000000003,2.7,910,97.54
2019,7,12,6,0,16,0,16,20.400000000000002,3.5,911,83.96000000000001
2019,7,12,7,0,217,282,122,23.1,4.3,911,70.32000000000001
2019,7,12,8,0,387,284,231,26,4.3,912,56.47
2019,7,12,9,0,648,535,254,28.5,3.8000000000000003,911,42.58
2019,7,12,10,0,851,785,163,30.1,3,911,28.85
2019,7,12,11,0,949,809,171,31,2.3000000000000003,910,15.94
2019,7,12,12,0,805,345,464,31.400000000000002,1.6,909,9.08
2019,7,12,13,0,781,364,434,31.5,1.3,908,17.85
2019,7,12,14,0,698,378,374,31.400000000000002,1.2000000000000002,908,31
2019,7,12,15,0,413,113,333,31,1.3,908,44.78
2019,7,12,16,0,450,625,125,30.1,1.6,908,58.67
2019,7,12,17,0,222,429,93,28.200000000000003,1.2000000000000002,908,72.51
2019,7,12,18,0,29,60,25,26.400000000000002,1.3,909,86.09
2019,7,12,19,0,0,0,0,25.5,1.8,910,99.67
2019,7,12,20,0,0,0,0,24.6,2.4000000000000004,911,112.58
2019,7,12,21,0,0,0,0,23.6,2.7,912,124.63000000000001
2019,7,12,22,0,0,0,0,22.900000000000002,3.2,912,135.07
2019,7,12,23,0,0,0,0,22.200000000000003,3.1,911,142.55
2019,7,13,0,0,0,0,0,21.6,3.2,911,145.08
2019,7,13,1,0,0,0,0,21.1,3.4000000000000004,910,141.67000000000002
2019,7,13,2,0,0,0,0,20.6,3.1,910,133.61
2019,7,13,3,0,0,0,0,20.3,3,909,122.84
2019,7,13,4,0,0,0,0,19.8,2.2,910,110.63
2019,7,13,5,0,0,0,0,19.6,1.8,910,97.61
2019,7,13,6,0,5,0,5,20.6,2.5,911,84.02
2019,7,13,7,0,28,0,28,22.5,3.2,911,70.36
2019,7,13,8,0,265,63,231,24.8,3.6,912,56.5
2019,7,13,9,0,403,86,340,26.6,3.6,912,42.6
2019,7,13,10,0,683,304,417,28.3,3.4000000000000004,911,28.85
2019,7,13,11,0,774,328,459,30,3.3000000000000003,910,15.89
2019,7,13,12,0,864,397,471,31.200000000000003,3.2,909,8.94
2019,7,13,13,0,864,445,440,31.900000000000002,3.1,909,17.76
2019,7,13,14,0,794,544,327,31.8,3.2,908,30.94
2019,7,13,15,0,637,581,224,31.1,3.4000000000000004,908,44.74
2019,7,13,16,0,447,609,130,30.1,3.4000000000000004,908,58.65
2019,7,13,17,0,220,422,94,28.1,2.4000000000000004,909,72.5
2019,7,13,18,0,30,64,25,25.900000000000002,2.1,909,86.09
2019,7,13,19,0,0,0,0,25.200000000000003,3,910,99.68
2019,7,13,20,0,0,0,0,24.400000000000002,3.8000000000000003,911,112.62
2019,7,13,21,0,0,0,0,23.5,3.6,911,124.68
2019,7,13,22,0,0,0,0,22.700000000000003,3.2,911,135.16
2019,7,13,23,0,0,0,0,22.200000000000003,3.1,911,142.67000000000002
2019,7,14,0,0,0,0,0,21.700000000000003,2.8000000000000003,911,145.22
2019,7,14,1,0,0,0,0,21.400000000000002,2.6,910,141.81
2019,7,14,2,0,0,0,0,21.200000000000003,2.5,910,133.73
2019,7,14,3,0,0,0,0,21,2.4000000000000004,910,122.95
2019,7,14,4,0,0,0,0,20.8,2.5,910,110.71000000000001
2019,7,14,5,0,0,0,0,20.8,2.7,910,97.68
2019,7,14,6,0,53,129,39,21.3,3.3000000000000003,910,84.07000000000001
2019,7,14,7,0,225,325,116,22.5,4,911,70.41
2019,7,14,8,0,408,345,218,24,4.3,911,56.53
2019,7,14,9,0,541,276,338,25.6,4.5,911,42.62
2019,7,14,10,0,702,342,402,27.1,4.5,911,28.84
2019,7,14,11,0,765,303,474,28.3,4.4,910,15.84
2019,7,14,12,0,807,347,464,29,4.2,909,8.790000000000001
2019,7,14,13,0,707,233,485,29.3,4,909,17.67
2019,7,14,14,0,688,346,391,29.200000000000003,3.7,908,30.89
2019,7,14,15,0,523,284,322,28.5,3.3000000000000003,908,44.71
2019,7,14,16,0,118,0,118,27.6,2.8000000000000003,908,58.63
2019,7,14,17,0,11,0,11,26.1,1.4000000000000001,908,72.49
2019,7,14,18,0,4,0,4,24.5,1,909,86.09
2019,7,14,19,0,0,0,0,23.900000000000002,1.1,910,99.71000000000001
2019,7,14,20,0,0,0,0,23.3,1.3,910,112.66
2019,7,14,21,0,0,0,0,22.6,1.6,911,124.75
2019,7,14,22,0,0,0,0,22.1,2,910,135.26
2019,7,14,23,0,0,0,0,21.700000000000003,2.5,910,142.8
2019,7,15,0,0,0,0,0,21.3,3,909,145.37
2019,7,15,1,0,0,0,0,20.900000000000002,3.3000000000000003,908,141.95000000000002
2019,7,15,2,0,0,0,0,20.6,3.2,908,133.86
2019,7,15,3,0,0,0,0,20.400000000000002,3.1,908,123.05
2019,7,15,4,0,0,0,0,20.1,3,908,110.8
2019,7,15,5,0,0,0,0,19.900000000000002,3.1,908,97.75
2019,7,15,6,0,32,0,32,20.3,4,909,84.13
2019,7,15,7,0,175,128,132,21.900000000000002,4.800000000000001,909,70.45
2019,7,15,8,0,497,715,103,24.3,5.300000000000001,910,56.56
2019,7,15,9,0,507,214,349,26.6,5.2,909,42.63
2019,7,15,10,0,412,41,376,28.6,4.7,909,28.830000000000002
2019,7,15,11,0,491,52,441,29.900000000000002,4.2,908,15.780000000000001
2019,7,15,12,0,342,19,323,30.6,3.7,908,8.64
2019,7,15,13,0,138,4,134,30.700000000000003,3.3000000000000003,907,17.580000000000002
2019,7,15,14,0,782,510,344,30.200000000000003,3.1,906,30.830000000000002
2019,7,15,15,0,673,780,118,29.400000000000002,2.9000000000000004,906,44.67
2019,7,15,16,0,461,686,104,28.1,2.6,907,58.61
2019,7,15,17,0,231,509,77,26.200000000000003,1.8,907,72.49
2019,7,15,18,0,25,43,23,24.5,1.7000000000000002,908,86.10000000000001
2019,7,15,19,0,0,0,0,23.700000000000003,2.2,909,99.73
2019,7,15,20,0,0,0,0,23,2.5,909,112.7
2019,7,15,21,0,0,0,0,22.400000000000002,2.5,910,124.82000000000001
2019,7,15,22,0,0,0,0,21.8,2.6,910,135.36
2019,7,15,23,0,0,0,0,21.3,2.7,909,142.93
2019,7,16,0,0,0,0,0,20.900000000000002,2.7,908,145.53
2019,7,16,1,0,0,0,0,20.5,2.8000000000000003,908,142.11
2019,7,16,2,0,0,0,0,20.1,2.8000000000000003,908,133.99
2019,7,16,3,0,0,0,0,19.900000000000002,2.7,908,123.15
2019,7,16,4,0,0,0,0,19.700000000000003,2.6,908,110.88
2019,7,16,5,0,0,0,0,19.700000000000003,2.7,909,97.82000000000001
2019,7,16,6,0,33,4,32,20.400000000000002,3.5,909,84.18
2019,7,16,7,0,186,166,131,22,4.4,910,70.49
2019,7,16,8,0,370,242,237,23.6,4.800000000000001,910,56.59
2019,7,16,9,0,647,534,255,25.200000000000003,4.7,910,42.64
2019,7,16,10,0,580,159,441,26.8,4.5,909,28.82
2019,7,16,11,0,828,401,442,28.200000000000003,4.2,909,15.72
2019,7,16,12,0,838,384,459,29.400000000000002,4,908,8.47
2019,7,16,13,0,832,411,441,29.8,3.9000000000000004,907,17.490000000000002
2019,7,16,14,0,584,179,430,29.400000000000002,4,906,30.78
2019,7,16,15,0,339,50,304,28.8,3.9000000000000004,906,44.64
2019,7,16,16,0,236,49,210,27.900000000000002,3.6,906,58.6
2019,7,16,17,0,200,334,100,26.400000000000002,2.5,907,72.49
2019,7,16,18,0,32,102,25,24.6,1.7000000000000002,908,86.12
2019,7,16,19,0,0,0,0,23.900000000000002,2.2,908,99.76
2019,7,16,20,0,0,0,0,23.3,2.4000000000000004,909,112.75
2019,7,16,21,0,0,0,0,22.6,2.6,909,124.89
2019,7,16,22,0,0,0,0,21.900000000000002,2.7,909,135.46
2019,7,16,23,0,0,0,0,21.3,3,909,143.07
2019,7,17,0,0,0,0,0,20.8,3.2,908,145.69
2019,7,17,1,0,0,0,0,20.400000000000002,3.2,908,142.26
2019,7,17,2,0,0,0,0,20.1,3.2,907,134.12
2019,7,17,3,0,0,0,0,19.900000000000002,3.1,907,123.26
2019,7,17,4,0,0,0,0,19.6,3.1,908,110.97
2019,7,17,5,0,0,0,0,19.5,3.1,908,97.89
2019,7,17,6,0,53,148,38,20.3,4.1000000000000005,908,84.23
2019,7,17,7,0,214,282,120,22.1,5.300000000000001,909,70.53
2019,7,17,8,0,397,315,224,24.1,5.7,909,56.620000000000005
2019,7,17,9,0,539,271,339,26,5.4,909,42.65
2019,7,17,10,0,660,264,429,27.6,5,908,28.810000000000002
2019,7,17,11,0,638,147,497,28.6,4.5,907,15.66
2019,7,17,12,0,716,204,514,28.8,4.1000000000000005,907,8.31
2019,7,17,13,0,749,290,472,28.400000000000002,3.9000000000000004,906,17.39
2019,7,17,14,0,646,265,418,27.700000000000003,3.8000000000000003,906,30.73
2019,7,17,15,0,468,183,338,26.8,3.9000000000000004,906,44.61
2019,7,17,16,0,255,70,219,25.8,3.7,906,58.58
2019,7,17,17,0,224,453,88,24.6,3,906,72.49
2019,7,17,18,0,30,72,26,23.3,2.4000000000000004,907,86.13
2019,7,17,19,0,0,0,0,22.700000000000003,2.5,907,99.79
2019,7,17,20,0,0,0,0,22.3,2.6,908,112.8
2019,7,17,21,0,0,0,0,21.900000000000002,2.8000000000000003,908,124.97
2019,7,17,22,0,0,0,0,21.5,3,908,135.57
2019,7,17,23,0,0,0,0,21.1,3.3000000000000003,907,143.22
2019,7,18,0,0,0,0,0,20.6,3.5,907,145.86
2019,7,18,1,0,0,0,0,20.1,4,906,142.42000000000002
2019,7,18,2,0,0,0,0,19.6,3.9000000000000004,906,134.25
2019,7,18,3,0,0,0,0,19.200000000000003,3.7,906,123.37
2019,7,18,4,0,0,0,0,18.900000000000002,3.8000000000000003,906,111.05
2019,7,18,5,0,0,0,0,18.6,4,906,97.96000000000001
2019,7,18,6,0,31,0,31,19,4.7,906,84.29
2019,7,18,7,0,143,49,126,20.200000000000003,5.6000000000000005,907,70.57000000000001
2019,7,18,8,0,345,185,243,21.400000000000002,5.800000000000001,907,56.64
2019,7,18,9,0,442,125,350,22.200000000000003,5.800000000000001,907,42.660000000000004
2019,7,18,10,0,657,258,430,22.700000000000003,5.6000000000000005,907,28.79
2019,7,18,11,0,698,210,496,23,5.4,906,15.59
2019,7,18,12,0,747,241,508,23.200000000000003,5.2,906,8.14
2019,7,18,13,0,701,222,489,23.3,4.9,905,17.3
2019,7,18,14,0,688,339,396,23.3,4.7,905,30.68
2019,7,18,15,0,461,172,339,23.200000000000003,4.5,904,44.59
2019,7,18,16,0,126,0,126,22.8,4,904,58.57
2019,7,18,17,0,195,305,103,22,3,905,72.49
2019,7,18,18,0,27,32,24,21.3,2,905,86.15
2019,7,18,19,0,0,0,0,21,1.8,906,99.83
2019,7,18,20,0,0,0,0,20.8,1.8,906,112.86
2019,7,18,21,0,0,0,0,20.700000000000003,2,906,125.05
2019,7,18,22,0,0,0,0,20.6,2.1,906,135.69
2019,7,18,23,0,0,0,0,20.400000000000002,2.4000000000000004,905,143.37
2019,7,19,0,0,0,0,0,20.3,2.7,904,146.04
2019,7,19,1,0,0,0,0,20,2.9000000000000004,904,142.59
2019,7,19,2,0,0,0,0,19.700000000000003,3,903,134.39000000000001
2019,7,19,3,0,0,0,0,19.400000000000002,2.9000000000000004,903,123.48
2019,7,19,4,0,0,0,0,19.200000000000003,2.9000000000000004,904,111.14
2019,7,19,5,0,0,0,0,19,2.8000000000000003,904,98.03
2019,7,19,6,0,7,0,7,19.5,3.1,905,84.34
2019,7,19,7,0,69,0,69,20.5,3.9000000000000004,905,70.61
2019,7,19,8,0,147,1,146,21.8,4.7,906,56.660000000000004
2019,7,19,9,0,390,75,335,23.200000000000003,5,906,42.67
2019,7,19,10,0,508,92,427,24.5,5.1000000000000005,905,28.77
2019,7,19,11,0,551,80,474,25.6,5,905,15.52
2019,7,19,12,0,667,152,517,26.3,4.800000000000001,904,7.96
2019,7,19,13,0,791,373,435,26.5,4.5,903,17.21
2019,7,19,14,0,665,295,412,26.5,4.3,903,30.64
2019,7,19,15,0,560,358,305,26.200000000000003,4.1000000000000005,903,44.56
2019,7,19,16,0,354,260,219,25.6,3.7,903,58.56
2019,7,19,17,0,188,266,107,24.5,2.5,903,72.5
2019,7,19,18,0,28,86,22,23,1.5,904,86.17
2019,7,19,19,0,0,0,0,22.400000000000002,1.9000000000000001,905,99.87
2019,7,19,20,0,0,0,0,21.900000000000002,2.4000000000000004,905,112.92
2019,7,19,21,0,0,0,0,21.5,2.7,906,125.14
2019,7,19,22,0,0,0,0,21.200000000000003,2.9000000000000004,906,135.81
2019,7,19,23,0,0,0,0,20.900000000000002,2.9000000000000004,905,143.53
2019,7,20,0,0,0,0,0,20.6,2.9000000000000004,905,146.22
2019,7,20,1,0,0,0,0,20.400000000000002,2.8000000000000003,904,142.75
2019,7,20,2,0,0,0,0,20.200000000000003,2.8000000000000003,904,134.53
2019,7,20,3,0,0,0,0,20.1,2.7,904,123.59
2019,7,20,4,0,0,0,0,19.900000000000002,2.6,904,111.23
2019,7,20,5,0,0,0,0,19.8,2.7,904,98.10000000000001
2019,7,20,6,0,45,132,32,20.200000000000003,3.6,905,84.39
2019,7,20,7,0,168,111,131,21.3,5,906,70.65
2019,7,20,8,0,251,50,223,23.3,5.7,906,56.69
2019,7,20,9,0,484,178,353,25.700000000000003,6,906,42.67
2019,7,20,10,0,318,20,301,28.400000000000002,6,905,28.75
2019,7,20,11,0,487,49,439,29.8,5.9,904,15.450000000000001
2019,7,20,12,0,617,110,508,29.8,5.6000000000000005,904,7.7700000000000005
2019,7,20,13,0,223,13,211,29.5,5.300000000000001,903,17.12
2019,7,20,14,0,748,450,361,28.900000000000002,5.2,903,30.59
2019,7,20,15,0,368,69,319,28.1,5.2,903,44.54
2019,7,20,16,0,73,0,73,26.900000000000002,5.2,903,58.56
2019,7,20,17,0,228,496,79,25.5,4.7,904,72.51
2019,7,20,18,0,32,102,25,24.1,3.9000000000000004,904,86.2
2019,7,20,19,0,0,0,0,23.3,3.4000000000000004,905,99.91
2019,7,20,20,0,0,0,0,22.6,3.2,906,112.99000000000001
2019,7,20,21,0,0,0,0,22.1,3.3000000000000003,907,125.23
2019,7,20,22,0,0,0,0,21.6,3.5,907,135.94
2019,7,20,23,0,0,0,0,21.3,4,906,143.70000000000002
2019,7,21,0,0,0,0,0,21,4.5,905,146.4
2019,7,21,1,0,0,0,0,20.700000000000003,4.7,904,142.93
2019,7,21,2,0,0,0,0,20.5,4.6000000000000005,904,134.67000000000002
2019,7,21,3,0,0,0,0,20.400000000000002,4.6000000000000005,904,123.7
2019,7,21,4,0,0,0,0,20.3,4.6000000000000005,904,111.32000000000001
2019,7,21,5,0,0,0,0,20.200000000000003,4.6000000000000005,904,98.16
2019,7,21,6,0,12,0,12,21.200000000000003,5.300000000000001,905,84.44
2019,7,21,7,0,145,55,126,23,6.300000000000001,906,70.68
2019,7,21,8,0,139,0,139,24.900000000000002,6.9,906,56.71
2019,7,21,9,0,359,54,320,26.200000000000003,7,906,42.67
2019,7,21,10,0,687,307,418,27.400000000000002,6.800000000000001,906,28.73
2019,7,21,11,0,344,20,325,28.8,6.6000000000000005,905,15.370000000000001
2019,7,21,12,0,613,107,507,29.6,6.4,904,7.58
2019,7,21,13,0,764,312,466,29.8,6.1000000000000005,903,17.04
2019,7,21,14,0,500,94,419,29.200000000000003,5.7,903,30.55
2019,7,21,15,0,293,28,273,28.5,5.6000000000000005,903,44.52
2019,7,21,16,0,29,0,29,27.3,5.4,903,58.56
2019,7,21,17,0,35,0,35,25.8,4.9,904,72.52
2019,7,21,18,0,8,0,8,24.400000000000002,4.3,905,86.23
2019,7,21,19,0,0,0,0,23.5,4.2,906,99.96000000000001
2019,7,21,20,0,0,0,0,22.900000000000002,4.2,906,113.06
2019,7,21,21,0,0,0,0,22.3,3.7,906,125.33
2019,7,21,22,0,0,0,0,22,3.8000000000000003,906,136.07
2019,7,21,23,0,0,0,0,21.8,3.9000000000000004,906,143.87
2019,7,22,0,0,0,0,0,21.6,3.9000000000000004,905,146.6
2019,7,22,1,0,0,0,0,21.6,4.7,904,143.1
2019,7,22,2,0,0,0,0,21.3,4.6000000000000005,904,134.81
2019,7,22,3,0,0,0,0,21,4.5,904,123.82000000000001
2019,7,22,4,0,0,0,0,20.700000000000003,4.6000000000000005,904,111.41
2019,7,22,5,0,0,0,0,20.6,4.7,904,98.23
2019,7,22,6,0,20,0,20,21.1,5.1000000000000005,904,84.49
2019,7,22,7,0,84,0,84,22.6,5.9,905,70.72
2019,7,22,8,0,339,175,243,24.6,6.4,906,56.730000000000004
2019,7,22,9,0,410,92,342,25.6,6.300000000000001,906,42.67
2019,7,22,10,0,453,58,402,26,6,906,28.71
2019,7,22,11,0,643,149,499,26,5.9,906,15.290000000000001
2019,7,22,12,0,505,50,456,26.3,5.4,905,7.390000000000001
2019,7,22,13,0,600,118,488,26.400000000000002,5,905,16.95
2019,7,22,14,0,423,49,381,26.1,4.7,905,30.51
2019,7,22,15,0,319,39,291,25.5,4.7,905,44.5
2019,7,22,16,0,90,0,90,24.700000000000003,4.7,905,58.56
2019,7,22,17,0,14,0,14,23.6,4.2,905,72.54
2019,7,22,18,0,5,0,5,22.3,3,905,86.26
2019,7,22,19,0,0,0,0,21.700000000000003,2.8000000000000003,906,100.01
2019,7,22,20,0,0,0,0,21.3,3.3000000000000003,907,113.13
2019,7,22,21,0,0,0,0,21,4.2,907,125.43
2019,7,22,22,0,0,0,0,20.700000000000003,4.9,907,136.21
2019,7,22,23,0,0,0,0,20.1,5,907,144.05
2019,7,23,0,0,0,0,0,19.700000000000003,4.9,906,146.79
2019,7,23,1,0,0,0,0,19.5,5,905,143.29
2019,7,23,2,0,0,0,0,19.3,4.9,905,134.96
2019,7,23,3,0,0,0,0,19.1,4.7,905,123.93
2019,7,23,4,0,0,0,0,19,4.5,905,111.49000000000001
2019,7,23,5,0,0,0,0,18.900000000000002,4.3,906,98.3
2019,7,23,6,0,9,0,9,19.5,4.7,906,84.54
2019,7,23,7,0,155,80,129,20.900000000000002,5.5,907,70.75
2019,7,23,8,0,291,96,239,22.700000000000003,6.1000000000000005,908,56.74
2019,7,23,9,0,415,97,344,24.3,6.4,908,42.67
2019,7,23,10,0,634,223,438,25.900000000000002,6.4,907,28.68
2019,7,23,11,0,705,216,497,27.5,6.300000000000001,906,15.21
2019,7,23,12,0,727,213,515,28.6,6.300000000000001,906,7.19
2019,7,23,13,0,649,161,495,28.700000000000003,6.2,905,16.86
2019,7,23,14,0,384,35,355,28,5.9,905,30.47
2019,7,23,15,0,327,43,297,26.8,5.4,905,44.49
2019,7,23,16,0,171,9,167,25.6,4.800000000000001,906,58.56
2019,7,23,17,0,123,41,111,24.200000000000003,3.4000000000000004,906,72.56
2019,7,23,18,0,18,0,18,22.8,2.2,907,86.29
2019,7,23,19,0,0,0,0,22.200000000000003,2.2,907,100.07000000000001
2019,7,23,20,0,0,0,0,21.6,2.6,908,113.21000000000001
2019,7,23,21,0,0,0,0,21.1,2.9000000000000004,908,125.54
2019,7,23,22,0,0,0,0,20.5,3.3000000000000003,908,136.35
2019,7,23,23,0,0,0,0,20,3.6,908,144.23
2019,7,24,0,0,0,0,0,19.6,3.7,907,147
2019,7,24,1,0,0,0,0,19.3,3.7,907,143.47
2019,7,24,2,0,0,0,0,19,3.7,906,135.11
2019,7,24,3,0,0,0,0,18.8,3.4000000000000004,906,124.04
2019,7,24,4,0,0,0,0,18.7,3.4000000000000004,907,111.58
2019,7,24,5,0,0,0,0,18.6,3.3000000000000003,907,98.37
2019,7,24,6,0,45,88,36,19.6,4.2,908,84.59
2019,7,24,7,0,219,321,114,21.900000000000002,5.1000000000000005,909,70.78
2019,7,24,8,0,348,195,241,24.700000000000003,5.7,909,56.76
2019,7,24,9,0,569,332,325,26.700000000000003,5.9,909,42.67
2019,7,24,10,0,772,454,374,28,5.9,908,28.650000000000002
2019,7,24,11,0,774,317,468,28.8,5.7,907,15.13
2019,7,24,12,0,779,281,500,29.1,5.5,906,6.99
2019,7,24,13,0,940,813,162,28.8,5.300000000000001,906,16.78
2019,7,24,14,0,684,316,411,28.1,5.1000000000000005,906,30.43
2019,7,24,15,0,633,556,236,27.400000000000002,4.9,906,44.480000000000004
2019,7,24,16,0,444,595,134,26.5,4.6000000000000005,906,58.57
2019,7,24,17,0,216,387,100,25.200000000000003,3.6,907,72.58
2019,7,24,18,0,26,37,24,23.700000000000003,2.5,908,86.33
2019,7,24,19,0,0,0,0,23,2.5,909,100.13
2019,7,24,20,0,0,0,0,22.3,2.6,909,113.29
2019,7,24,21,0,0,0,0,21.8,2.9000000000000004,910,125.65
2019,7,24,22,0,0,0,0,21.1,2.8000000000000003,910,136.5
2019,7,24,23,0,0,0,0,20.400000000000002,2.8000000000000003,910,144.42000000000002
2019,7,25,0,0,0,0,0,20,2.9000000000000004,909,147.21
2019,7,25,1,0,0,0,0,19.8,3.3000000000000003,908,143.66
2019,7,25,2,0,0,0,0,19.6,3.4000000000000004,908,135.26
2019,7,25,3,0,0,0,0,19.3,3,908,124.16
2019,7,25,4,0,0,0,0,19.200000000000003,2.7,908,111.67
2019,7,25,5,0,0,0,0,19.1,2.7,908,98.43
2019,7,25,6,0,15,0,15,20,3.6,909,84.63
2019,7,25,7,0,80,0,80,22.1,4.5,910,70.81
2019,7,25,8,0,226,31,209,24.700000000000003,5.1000000000000005,910,56.77
2019,7,25,9,0,542,278,338,26.900000000000002,5.300000000000001,910,42.67
2019,7,25,10,0,633,222,438,28.8,5.2,909,28.62
2019,7,25,11,0,728,245,491,30.200000000000003,4.9,909,15.05
2019,7,25,12,0,764,260,506,30.900000000000002,4.7,908,6.78
2019,7,25,13,0,680,193,495,30.8,4.5,907,16.7
2019,7,25,14,0,582,173,433,29.6,4.5,907,30.400000000000002
2019,7,25,15,0,445,148,340,28.3,4.7,907,44.47
2019,7,25,16,0,257,72,219,26.900000000000002,4.6000000000000005,907,58.58
2019,7,25,17,0,219,421,94,25.200000000000003,3.7,908,72.61
2019,7,25,18,0,28,56,24,23.6,2.8000000000000003,909,86.37
2019,7,25,19,0,0,0,0,22.8,2.9000000000000004,909,100.19
2019,7,25,20,0,0,0,0,22.1,3.3000000000000003,910,113.37
2019,7,25,21,0,0,0,0,21.400000000000002,3.4000000000000004,910,125.76
2019,7,25,22,0,0,0,0,20.8,3.4000000000000004,910,136.65
2019,7,25,23,0,0,0,0,20.3,3.3000000000000003,909,144.61
2019,7,26,0,0,0,0,0,20,3.3000000000000003,909,147.42000000000002
2019,7,26,1,0,0,0,0,19.700000000000003,3.3000000000000003,908,143.85
2019,7,26,2,0,0,0,0,19.400000000000002,3.2,908,135.41
2019,7,26,3,0,0,0,0,19.3,3.1,908,124.28
2019,7,26,4,0,0,0,0,19.3,3.1,908,111.76
2019,7,26,5,0,0,0,0,19.400000000000002,3.1,908,98.5
2019,7,26,6,0,15,0,15,19.900000000000002,3.5,909,84.68
2019,7,26,7,0,68,0,68,21.200000000000003,4.5,910,70.84
2019,7,26,8,0,141,0,141,22.8,5.300000000000001,910,56.79
2019,7,26,9,0,156,4,153,24.6,5.7,910,42.660000000000004
2019,7,26,10,0,297,17,282,26.200000000000003,6.1000000000000005,909,28.59
2019,7,26,11,0,583,99,487,27.5,6.4,909,14.96
2019,7,26,12,0,677,159,519,28.3,6.5,908,6.5600000000000005
2019,7,26,13,0,671,183,496,28.3,6.6000000000000005,907,16.62
2019,7,26,14,0,571,159,433,27.8,6.5,907,30.37
2019,7,26,15,0,380,78,324,26.8,6.300000000000001,907,44.46
2019,7,26,16,0,113,0,113,25.700000000000003,5.9,907,58.59
2019,7,26,17,0,152,121,116,24.6,4.7,908,72.64
2019,7,26,18,0,21,8,21,23.1,3.1,909,86.42
2019,7,26,19,0,0,0,0,22.3,2.7,909,100.25
2019,7,26,20,0,0,0,0,21.6,2.4000000000000004,910,113.46000000000001
2019,7,26,21,0,0,0,0,21.1,2.2,910,125.88000000000001
2019,7,26,22,0,0,0,0,20.400000000000002,2.1,910,136.81
2019,7,26,23,0,0,0,0,19.8,2.3000000000000003,909,144.81
2019,7,27,0,0,0,0,0,19.400000000000002,2.6,908,147.64000000000001
2019,7,27,1,0,0,0,0,19.1,2.8000000000000003,908,144.05
2019,7,27,2,0,0,0,0,19.1,2.9000000000000004,907,135.57
2019,7,27,3,0,0,0,0,19.1,2.8000000000000003,907,124.39
2019,7,27,4,0,0,0,0,19,2.7,907,111.85000000000001
2019,7,27,5,0,0,0,0,18.900000000000002,2.8000000000000003,908,98.56
2019,7,27,6,0,29,0,29,19.6,3.8000000000000003,908,84.72
2019,7,27,7,0,198,227,124,21.1,4.7,909,70.87
2019,7,27,8,0,406,344,217,23.1,5.4,909,56.800000000000004
2019,7,27,9,0,623,480,270,24.900000000000002,5.9,909,42.65
2019,7,27,10,0,737,413,375,26.6,6.2,909,28.560000000000002
2019,7,27,11,0,833,400,447,27.900000000000002,6.4,908,14.870000000000001
2019,7,27,12,0,744,231,513,28.900000000000002,6.5,907,6.34
2019,7,27,13,0,790,365,439,29.400000000000002,6.5,907,16.54
2019,7,27,14,0,640,250,424,29.400000000000002,6.5,906,30.34
2019,7,27,15,0,346,53,308,28.6,6.2,907,44.46
2019,7,27,16,0,326,191,226,27.1,5.6000000000000005,907,58.6
2019,7,27,17,0,181,244,108,25.6,4.800000000000001,908,72.67
2019,7,27,18,0,23,21,21,24,3.9000000000000004,908,86.47
2019,7,27,19,0,0,0,0,23.1,3.7,909,100.32000000000001
2019,7,27,20,0,0,0,0,22.400000000000002,3.3000000000000003,909,113.56
2019,7,27,21,0,0,0,0,21.700000000000003,3.2,910,126.01
2019,7,27,22,0,0,0,0,21,3.4000000000000004,909,136.97
2019,7,27,23,0,0,0,0,20.3,3.5,909,145.02
2019,7,28,0,0,0,0,0,19.8,3.3000000000000003,908,147.87
2019,7,28,1,0,0,0,0,19.6,3.2,907,144.25
2019,7,28,2,0,0,0,0,19.5,3.3000000000000003,907,135.72
2019,7,28,3,0,0,0,0,19.400000000000002,3.7,907,124.51
2019,7,28,4,0,0,0,0,19.400000000000002,3.8000000000000003,907,111.93
2019,7,28,5,0,0,0,0,19.3,3.5,907,98.63
2019,7,28,6,0,38,42,34,20.200000000000003,4.2,908,84.77
2019,7,28,7,0,124,22,117,22.200000000000003,5.6000000000000005,909,70.9
2019,7,28,8,0,381,276,230,24.400000000000002,6.4,909,56.81
2019,7,28,9,0,541,274,340,26.700000000000003,7,909,42.65
2019,7,28,10,0,562,137,442,28.400000000000002,7.4,908,28.52
2019,7,28,11,0,649,153,501,29.6,7.5,908,14.780000000000001
2019,7,28,12,0,737,223,515,30.200000000000003,7.5,907,6.12
2019,7,28,13,0,749,282,478,30,7.4,906,16.47
2019,7,28,14,0,568,156,434,29.1,7.2,906,30.310000000000002
2019,7,28,15,0,337,48,303,28,6.7,906,44.46
2019,7,28,16,0,145,1,144,26.6,6.1000000000000005,907,58.620000000000005
2019,7,28,17,0,11,0,11,25.1,5.1000000000000005,908,72.7
2019,7,28,18,0,4,0,4,23.6,3.9000000000000004,908,86.52
2019,7,28,19,0,0,0,0,22.6,3.2,908,100.4
2019,7,28,20,0,0,0,0,21.8,3,909,113.65
2019,7,28,21,0,0,0,0,21.200000000000003,3,909,126.13000000000001
2019,7,28,22,0,0,0,0,20.6,3.1,909,137.14000000000001
2019,7,28,23,0,0,0,0,20.200000000000003,3.2,908,145.23
2019,7,29,0,0,0,0,0,20,3.3000000000000003,907,148.1
2019,7,29,1,0,0,0,0,19.8,3.5,907,144.45000000000002
2019,7,29,2,0,0,0,0,19.700000000000003,3.7,907,135.88
2019,7,29,3,0,0,0,0,19.6,3.4000000000000004,907,124.63000000000001
2019,7,29,4,0,0,0,0,19.5,3.2,907,112.02
2019,7,29,5,0,0,0,0,19.400000000000002,3,908,98.69
2019,7,29,6,0,19,0,19,20.3,4,908,84.81
2019,7,29,7,0,121,18,115,22.1,5.4,909,70.92
2019,7,29,8,0,233,36,213,24.3,6.2,909,56.82
2019,7,29,9,0,457,142,353,26.1,6.5,909,42.64
2019,7,29,10,0,559,134,442,27.400000000000002,6.5,908,28.48
2019,7,29,11,0,572,91,484,28.3,6.4,908,14.69
2019,7,29,12,0,698,178,521,28.900000000000002,6.300000000000001,907,5.89
2019,7,29,13,0,769,316,466,28.900000000000002,6.300000000000001,906,16.4
2019,7,29,14,0,657,276,419,28.400000000000002,6.300000000000001,906,30.29
2019,7,29,15,0,349,55,310,27.700000000000003,6.1000000000000005,906,44.46
2019,7,29,16,0,124,0,124,26.700000000000003,5.6000000000000005,906,58.64
2019,7,29,17,0,60,0,60,25.5,4.4,907,72.74
2019,7,29,18,0,11,0,11,24.1,3.4000000000000004,908,86.57000000000001
2019,7,29,19,0,0,0,0,23.3,3,908,100.47
2019,7,29,20,0,0,0,0,22.5,2.9000000000000004,909,113.76
2019,7,29,21,0,0,0,0,21.900000000000002,2.9000000000000004,910,126.27
2019,7,29,22,0,0,0,0,21.400000000000002,2.8000000000000003,909,137.31
2019,7,29,23,0,0,0,0,21,2.8000000000000003,909,145.45000000000002
2019,7,30,0,0,0,0,0,20.700000000000003,2.8000000000000003,908,148.33
2019,7,30,1,0,0,0,0,20.5,2.8000000000000003,908,144.66
2019,7,30,2,0,0,0,0,20.3,2.8000000000000003,908,136.04
2019,7,30,3,0,0,0,0,20.200000000000003,2.7,908,124.75
2019,7,30,4,0,0,0,0,20,2.7,908,112.11
2019,7,30,5,0,0,0,0,19.900000000000002,2.7,908,98.75
2019,7,30,6,0,19,0,19,20.8,4.1000000000000005,909,84.85000000000001
2019,7,30,7,0,124,22,117,22.400000000000002,5.5,909,70.95
2019,7,30,8,0,306,119,241,24.3,6.300000000000001,910,56.83
2019,7,30,9,0,467,155,353,26,6.800000000000001,910,42.62
2019,7,30,10,0,493,81,423,27.3,7.1000000000000005,910,28.45
2019,7,30,11,0,542,73,471,28.200000000000003,7.300000000000001,909,14.6
2019,7,30,12,0,599,95,504,28.700000000000003,7.4,908,5.65
2019,7,30,13,0,574,96,482,28.700000000000003,7.4,908,16.34
2019,7,30,14,0,552,138,433,28.5,7.2,907,30.27
2019,7,30,15,0,350,56,310,27.700000000000003,6.9,907,44.47
2019,7,30,16,0,126,0,126,26.6,6.5,908,58.67
2019,7,30,17,0,97,1,97,24.900000000000002,5.7,909,72.78
2019,7,30,18,0,14,0,14,23.1,4.5,909,86.63
2019,7,30,19,0,0,0,0,21.8,3.5,910,100.55
2019,7,30,20,0,0,0,0,20.900000000000002,2.7,911,113.86
2019,7,30,21,0,0,0,0,20.3,2.2,911,126.4
2019,7,30,22,0,0,0,0,19.900000000000002,2.2,911,137.49
2019,7,30,23,0,0,0,0,19.700000000000003,2.6,911,145.67000000000002
2019,7,31,0,0,0,0,0,19.5,3.1,910,148.57
2019,7,31,1,0,0,0,0,19.3,3.3000000000000003,909,144.86
2019,7,31,2,0,0,0,0,19.1,3.3000000000000003,909,136.2
2019,7,31,3,0,0,0,0,19,3.2,908,124.86
2019,7,31,4,0,0,0,0,18.900000000000002,3.1,909,112.19
2019,7,31,5,0,0,0,0,19,3,910,98.81
2019,7,31,6,0,46,153,33,19.700000000000003,3.7,910,84.89
2019,7,31,7,0,159,95,128,21.3,4.6000000000000005,911,70.97
2019,7,31,8,0,393,309,224,23.6,5.300000000000001,911,56.83
2019,7,31,9,0,707,807,113,26.200000000000003,5.7,911,42.61
2019,7,31,10,0,873,855,121,28.400000000000002,6,911,28.41
2019,7,31,11,0,786,340,457,29.900000000000002,6.2,910,14.51
2019,7,31,12,0,903,416,489,30.8,6.2,909,5.42
2019,7,31,13,0,803,382,436,31,6.2,908,16.27
2019,7,31,14,0,726,419,365,30.6,6.2,907,30.26
2019,7,31,15,0,664,653,198,29.8,5.9,907,44.480000000000004
2019,7,31,16,0,466,714,95,28.700000000000003,5.4,908,58.7
2019,7,31,17,0,230,544,70,27.1,4.4,908,72.83
2019,7,31,18,0,29,128,21,24.8,3.5,909,86.69
2019,7,31,19,0,0,0,0,23.700000000000003,3.6,910,100.64
2019,7,31,20,0,0,0,0,22.700000000000003,3.2,911,113.97
2019,7,31,21,0,0,0,0,21.900000000000002,3,911,126.55
2019,7,31,22,0,0,0,0,21.200000000000003,3,911,137.67000000000002
2019,7,31,23,0,0,0,0,20.6,3,910,145.9
2019,8,1,0,0,0,0,0,20.200000000000003,3,910,148.82
2019,8,1,1,0,0,0,0,20.1,3.1,909,145.08
2019,8,1,2,0,0,0,0,20,3.1,909,136.36
2019,8,1,3,0,0,0,0,20,2.9000000000000004,909,124.98
2019,8,1,4,0,0,0,0,19.8,2.7,909,112.28
2019,8,1,5,0,0,0,0,19.700000000000003,2.7,909,98.87
2019,8,1,6,0,38,104,29,20.900000000000002,4.3,910,84.93
2019,8,1,7,0,137,45,123,23.200000000000003,5.6000000000000005,910,70.99
2019,8,1,8,0,388,295,227,25.900000000000002,6.2,911,56.84
2019,8,1,9,0,549,288,337,28.3,6.5,911,42.6
2019,8,1,10,0,703,328,414,30.3,6.4,910,28.37
2019,8,1,11,0,819,389,443,31.6,6.300000000000001,909,14.41
2019,8,1,12,0,844,381,465,32.4,6.1000000000000005,908,5.17
2019,8,1,13,0,810,388,437,32.5,6,907,16.21
2019,8,1,14,0,600,193,434,32.1,5.800000000000001,907,30.25
2019,8,1,15,0,677,777,122,31,5.5,907,44.49
2019,8,1,16,0,458,662,114,29.400000000000002,5,907,58.730000000000004
2019,8,1,17,0,224,492,79,27.6,4.3,908,72.88
2019,8,1,18,0,26,84,22,25.8,3.5,909,86.76
2019,8,1,19,0,0,0,0,24.700000000000003,3.5,910,100.73
2019,8,1,20,0,0,0,0,23.8,3.5,910,114.08
2019,8,1,21,0,0,0,0,23,3.7,911,126.69
2019,8,1,22,0,0,0,0,22.3,3.6,910,137.86
2019,8,1,23,0,0,0,0,21.6,3.7,910,146.13
2019,8,2,0,0,0,0,0,21,3.9000000000000004,909,149.07
2019,8,2,1,0,0,0,0,20.8,4.6000000000000005,908,145.29
2019,8,2,2,0,0,0,0,20.6,4.800000000000001,908,136.52
2019,8,2,3,0,0,0,0,20.5,4.6000000000000005,908,125.10000000000001
2019,8,2,4,0,0,0,0,20.200000000000003,4,908,112.36
2019,8,2,5,0,0,0,0,19.900000000000002,3.5,909,98.93
2019,8,2,6,0,18,0,18,20.8,4.5,909,84.97
2019,8,2,7,0,76,0,76,22.5,5.800000000000001,910,71.01
2019,8,2,8,0,297,104,240,24.400000000000002,6.7,910,56.84
2019,8,2,9,0,349,48,314,26,7.4,910,42.58
2019,8,2,10,0,481,72,417,27,7.7,909,28.330000000000002
2019,8,2,11,0,653,155,503,27.8,7.7,909,14.32
2019,8,2,12,0,487,43,444,28.900000000000002,7.5,908,4.93
2019,8,2,13,0,565,90,479,29.5,7.2,908,16.16
2019,8,2,14,0,404,41,369,28.900000000000002,6.7,907,30.240000000000002
2019,8,2,15,0,366,67,318,28,6.300000000000001,908,44.51
2019,8,2,16,0,26,0,26,26.900000000000002,5.800000000000001,908,58.77
2019,8,2,17,0,101,7,99,25.6,5,909,72.93
2019,8,2,18,0,14,0,14,24.3,4.3,909,86.82000000000001
2019,8,2,19,0,0,0,0,23.3,4.2,910,100.82000000000001
2019,8,2,20,0,0,0,0,22.400000000000002,3.9000000000000004,911,114.2
2019,8,2,21,0,0,0,0,21.6,3.7,911,126.84
2019,8,2,22,0,0,0,0,21.1,3.6,910,138.05
2019,8,2,23,0,0,0,0,20.8,3.6,910,146.37
2019,8,3,0,0,0,0,0,20.5,3.8000000000000003,909,149.32
2019,8,3,1,0,0,0,0,20.400000000000002,4,909,145.51
2019,8,3,2,0,0,0,0,20.3,4.2,909,136.68
2019,8,3,3,0,0,0,0,20.200000000000003,4.4,908,125.22
2019,8,3,4,0,0,0,0,20.200000000000003,4.4,909,112.45
2019,8,3,5,0,0,0,0,20.1,4.3,909,98.99000000000001
2019,8,3,6,0,15,0,15,20.6,4.4,909,85.01
2019,8,3,7,0,97,0,97,22,5.800000000000001,910,71.03
2019,8,3,8,0,320,140,243,23.700000000000003,6.7,910,56.84
2019,8,3,9,0,427,107,348,25.6,7.2,910,42.57
2019,8,3,10,0,520,99,433,27.200000000000003,7.4,910,28.29
2019,8,3,11,0,739,254,493,27.900000000000002,7.4,910,14.23
2019,8,3,12,0,707,186,522,28,7.300000000000001,909,4.68
2019,8,3,13,0,655,164,498,27.6,7.1000000000000005,909,16.11
2019,8,3,14,0,630,233,429,27.3,6.800000000000001,908,30.240000000000002
2019,8,3,15,0,531,292,323,26.900000000000002,6.2,908,44.53
2019,8,3,16,0,368,305,209,26.1,5.5,909,58.800000000000004
2019,8,3,17,0,197,349,95,24.8,4.3,909,72.99
2019,8,3,18,0,26,91,21,23.5,3.5,910,86.9
2019,8,3,19,0,0,0,0,22.700000000000003,3.4000000000000004,910,100.91
2019,8,3,20,0,0,0,0,22.200000000000003,3.7,911,114.32000000000001
2019,8,3,21,0,0,0,0,21.8,3.8000000000000003,911,126.99000000000001
2019,8,3,22,0,0,0,0,21.400000000000002,3.9000000000000004,911,138.25
2019,8,3,23,0,0,0,0,21,4,911,146.61
2019,8,4,0,0,0,0,0,20.6,4,910,149.58
2019,8,4,1,0,0,0,0,20.1,4,909,145.73
2019,8,4,2,0,0,0,0,19.6,3.9000000000000004,909,136.85
2019,8,4,3,0,0,0,0,19.200000000000003,3.7,908,125.34
2019,8,4,4,0,0,0,0,18.900000000000002,3.7,908,112.53
2019,8,4,5,0,0,0,0,18.6,3.7,908,99.05
2019,8,4,6,0,23,0,23,19.3,4.3,909,85.04
2019,8,4,7,0,148,70,126,21.1,5.4,909,71.05
2019,8,4,8,0,170,7,167,23.3,6.9,910,56.84
2019,8,4,9,0,467,153,354,25.200000000000003,7.4,910,42.550000000000004
2019,8,4,10,0,579,152,445,26.700000000000003,7.7,909,28.240000000000002
2019,8,4,11,0,703,207,502,27.8,7.800000000000001,909,14.13
2019,8,4,12,0,796,293,503,28.5,7.7,908,4.43
2019,8,4,13,0,620,130,495,28.6,7.5,908,16.07
2019,8,4,14,0,605,198,434,28.200000000000003,7.1000000000000005,907,30.240000000000002
2019,8,4,15,0,547,326,314,27.200000000000003,6.800000000000001,907,44.550000000000004
2019,8,4,16,0,22,0,22,26,6.300000000000001,907,58.85
2019,8,4,17,0,231,575,63,24.700000000000003,5.4,908,73.05
2019,8,4,18,0,27,149,19,23.400000000000002,4.6000000000000005,908,86.97
2019,8,4,19,0,0,0,0,22.400000000000002,4.5,909,101.01
2019,8,4,20,0,0,0,0,21.6,3.7,909,114.45
2019,8,4,21,0,0,0,0,21,2.8000000000000003,910,127.15
2019,8,4,22,0,0,0,0,20.6,3,910,138.45000000000002
2019,8,4,23,0,0,0,0,20.400000000000002,3.8000000000000003,910,146.86
2019,8,5,0,0,0,0,0,20.3,4.5,909,149.84
2019,8,5,1,0,0,0,0,20.200000000000003,4.7,908,145.95000000000002
2019,8,5,2,0,0,0,0,20.1,4.5,907,137.01
2019,8,5,3,0,0,0,0,20,4.1000000000000005,908,125.45
2019,8,5,4,0,0,0,0,19.900000000000002,3.9000000000000004,908,112.61
2019,8,5,5,0,0,0,0,19.900000000000002,3.9000000000000004,908,99.11
2019,8,5,6,0,14,0,14,20.400000000000002,4.5,909,85.08
2019,8,5,7,0,117,14,113,21.200000000000003,5.6000000000000005,910,71.07000000000001
2019,8,5,8,0,266,66,230,22.1,6.4,910,56.84
2019,8,5,9,0,316,32,292,23.200000000000003,7,910,42.53
2019,8,5,10,0,263,15,251,24.200000000000003,7.6000000000000005,909,28.2
2019,8,5,11,0,629,132,501,24.900000000000002,7.800000000000001,909,14.040000000000001
2019,8,5,12,0,779,272,507,25.6,8.1,908,4.17
2019,8,5,13,0,584,102,486,25.900000000000002,8.3,907,16.03
2019,8,5,14,0,418,46,378,25.700000000000003,8.4,906,30.25
2019,8,5,15,0,138,2,136,25,8.3,906,44.58
2019,8,5,16,0,21,0,21,24,7.4,907,58.89
2019,8,5,17,0,46,0,46,22.700000000000003,6.2,907,73.11
2019,8,5,18,0,8,0,8,21.5,5.300000000000001,908,87.05
2019,8,5,19,0,0,0,0,20.900000000000002,5.300000000000001,909,101.11
2019,8,5,20,0,0,0,0,20.400000000000002,5.2,909,114.57000000000001
2019,8,5,21,0,0,0,0,19.900000000000002,4.4,909,127.31
2019,8,5,22,0,0,0,0,19.6,3.7,909,138.66
2019,8,5,23,0,0,0,0,19.5,3.6,908,147.11
2019,8,6,0,0,0,0,0,19.5,4,907,150.11
2019,8,6,1,0,0,0,0,19.5,4.6000000000000005,906,146.18
2019,8,6,2,0,0,0,0,19.400000000000002,4.5,905,137.18
2019,8,6,3,0,0,0,0,19.400000000000002,4.1000000000000005,905,125.57000000000001
2019,8,6,4,0,0,0,0,19.400000000000002,3.7,906,112.69
2019,8,6,5,0,0,0,0,19.5,4.2,907,99.16
2019,8,6,6,0,14,0,14,20.400000000000002,5.1000000000000005,907,85.11
2019,8,6,7,0,77,0,77,22.3,6.9,908,71.08
2019,8,6,8,0,228,32,210,24.5,8.200000000000001,908,56.84
2019,8,6,9,0,96,0,96,26,8.5,908,42.51
2019,8,6,10,0,466,63,411,26.8,8.700000000000001,908,28.16
2019,8,6,11,0,698,200,504,27.400000000000002,8.9,908,13.950000000000001
2019,8,6,12,0,782,276,507,27.8,8.8,907,3.92
2019,8,6,13,0,556,83,476,27.8,8.700000000000001,906,16
2019,8,6,14,0,308,19,292,27.6,8.5,906,30.26
2019,8,6,15,0,335,47,302,26.5,8,906,44.61
2019,8,6,16,0,26,0,26,24.900000000000002,7.4,906,58.94
2019,8,6,17,0,99,5,97,23.3,6.5,907,73.18
2019,8,6,18,0,12,0,12,21.900000000000002,5.4,908,87.13
2019,8,6,19,0,0,0,0,21,4.6000000000000005,909,101.22
2019,8,6,20,0,0,0,0,20.6,4.1000000000000005,909,114.71000000000001
2019,8,6,21,0,0,0,0,20.200000000000003,3.9000000000000004,909,127.48
2019,8,6,22,0,0,0,0,19.8,4.1000000000000005,909,138.87
2019,8,6,23,0,0,0,0,19.6,4.5,908,147.37
2019,8,7,0,0,0,0,0,19.700000000000003,4.7,907,150.39000000000001
2019,8,7,1,0,0,0,0,19.900000000000002,4.800000000000001,906,146.4
2019,8,7,2,0,0,0,0,20.1,5,906,137.34
2019,8,7,3,0,0,0,0,20.3,5.1000000000000005,905,125.68
2019,8,7,4,0,0,0,0,20.400000000000002,4.9,906,112.77
2019,8,7,5,0,0,0,0,20.700000000000003,5.4,906,99.21000000000001
2019,8,7,6,0,20,0,20,21.1,5.7,907,85.14
2019,8,7,7,0,77,0,77,22.400000000000002,6.7,907,71.10000000000001
2019,8,7,8,0,124,0,124,24.3,8.1,908,56.84
2019,8,7,9,0,175,7,170,25.8,8.9,908,42.49
2019,8,7,10,0,401,36,369,26.700000000000003,9.3,907,28.11
2019,8,7,11,0,452,37,416,27.200000000000003,9.5,907,13.86
2019,8,7,12,0,580,82,498,27.400000000000002,9.5,906,3.66
2019,8,7,13,0,538,73,468,27.3,9.4,905,15.97
2019,8,7,14,0,512,101,425,27.200000000000003,9.200000000000001,905,30.27
2019,8,7,15,0,210,10,203,26.900000000000002,8.9,905,44.65
2019,8,7,16,0,78,0,78,25.8,8.1,905,59
2019,8,7,17,0,12,0,12,24.1,7.1000000000000005,906,73.25
2019,8,7,18,0,4,0,4,22.6,6.2,906,87.21000000000001
2019,8,7,19,0,0,0,0,21.900000000000002,5.9,907,101.33
2019,8,7,20,0,0,0,0,21.700000000000003,5.7,907,114.84
2019,8,7,21,0,0,0,0,21.6,5.9,907,127.65
2019,8,7,22,0,0,0,0,21.6,6.300000000000001,907,139.08
2019,8,7,23,0,0,0,0,21.6,6.800000000000001,906,147.63
2019,8,8,0,0,0,0,0,21.200000000000003,6.9,906,150.66
2019,8,8,1,0,0,0,0,20.6,6.800000000000001,905,146.63
2019,8,8,2,0,0,0,0,20.1,6.6000000000000005,905,137.51
2019,8,8,3,0,0,0,0,20,6.5,905,125.8
2019,8,8,4,0,0,0,0,20.1,6.5,905,112.85000000000001
2019,8,8,5,0,0,0,0,20.3,6.5,906,99.27
2019,8,8,6,0,10,0,10,21.200000000000003,6.7,906,85.17
2019,8,8,7,0,46,0,46,22.700000000000003,7.300000000000001,906,71.11
2019,8,8,8,0,279,79,235,24.6,8.4,907,56.83
2019,8,8,9,0,228,12,219,26,8.9,907,42.46
2019,8,8,10,0,375,29,349,27.3,9.200000000000001,906,28.07
2019,8,8,11,0,546,73,475,28.200000000000003,9.4,905,13.77
2019,8,8,12,0,641,122,519,28.6,9.5,904,3.4
2019,8,8,13,0,532,69,465,28,9.1,904,15.96
2019,8,8,14,0,462,67,404,27.1,8.700000000000001,904,30.29
2019,8,8,15,0,464,175,340,26.200000000000003,8,904,44.69
2019,8,8,16,0,25,0,25,25.1,7.300000000000001,904,59.050000000000004
2019,8,8,17,0,201,333,106,23.900000000000002,6.5,905,73.32000000000001
2019,8,8,18,0,17,13,16,22.900000000000002,6.300000000000001,905,87.3
2019,8,8,19,0,0,0,0,22.5,6.300000000000001,906,101.44
2019,8,8,20,0,0,0,0,22.200000000000003,6.2,907,114.98
2019,8,8,21,0,0,0,0,21.900000000000002,6.1000000000000005,907,127.82000000000001
2019,8,8,22,0,0,0,0,21.8,6,907,139.3
2019,8,8,23,0,0,0,0,21.6,6.1000000000000005,906,147.9
2019,8,9,0,0,0,0,0,21.400000000000002,6.2,906,150.94
2019,8,9,1,0,0,0,0,21.200000000000003,6.2,905,146.86
2019,8,9,2,0,0,0,0,21,6.1000000000000005,905,137.67000000000002
2019,8,9,3,0,0,0,0,20.900000000000002,5.9,905,125.91
2019,8,9,4,0,0,0,0,20.900000000000002,5.800000000000001,906,112.93
2019,8,9,5,0,0,0,0,20.8,6,906,99.32000000000001
2019,8,9,6,0,9,0,9,21.5,6.4,907,85.2
2019,8,9,7,0,74,0,74,23.1,7.5,908,71.12
2019,8,9,8,0,310,124,243,25.1,8.5,908,56.83
2019,8,9,9,0,324,35,298,26.700000000000003,8.9,908,42.44
2019,8,9,10,0,597,168,448,28,8.8,908,28.03
2019,8,9,11,0,756,273,491,28.8,8.700000000000001,907,13.69
2019,8,9,12,0,547,65,483,29.3,8.6,907,3.15
2019,8,9,13,0,356,21,336,29.400000000000002,8.5,906,15.94
2019,8,9,14,0,156,6,150,28.900000000000002,8.4,906,30.32
2019,8,9,15,0,167,5,163,27.400000000000002,8,906,44.74
2019,8,9,16,0,213,33,197,25.900000000000002,7.7,906,59.120000000000005
2019,8,9,17,0,181,286,99,24.200000000000003,6.9,907,73.4
2019,8,9,18,0,16,12,16,22.6,6,908,87.39
2019,8,9,19,0,0,0,0,21.5,5.6000000000000005,909,101.56
2019,8,9,20,0,0,0,0,20.8,5.4,909,115.12
2019,8,9,21,0,0,0,0,20.5,5.4,910,128
2019,8,9,22,0,0,0,0,20.400000000000002,5.800000000000001,909,139.52
2019,8,9,23,0,0,0,0,20.3,6.1000000000000005,908,148.17000000000002
2019,8,10,0,0,0,0,0,20.200000000000003,6.300000000000001,907,151.23
2019,8,10,1,0,0,0,0,20.1,6.300000000000001,907,147.1
2019,8,10,2,0,0,0,0,19.900000000000002,6.2,906,137.83
2019,8,10,3,0,0,0,0,19.700000000000003,6.1000000000000005,906,126.03
2019,8,10,4,0,0,0,0,19.6,6,906,113.01
2019,8,10,5,0,0,0,0,19.5,6,907,99.36
2019,8,10,6,0,11,0,11,20.400000000000002,6.5,908,85.22
2019,8,10,7,0,62,0,62,22.3,7.6000000000000005,908,71.13
2019,8,10,8,0,179,9,174,24.6,8.700000000000001,908,56.82
2019,8,10,9,0,422,100,348,26.6,9.3,908,42.42
2019,8,10,10,0,217,12,206,28.1,9.200000000000001,908,27.98
2019,8,10,11,0,375,23,353,29.1,8.8,907,13.6
2019,8,10,12,0,517,52,465,29.200000000000003,8.3,907,2.9
2019,8,10,13,0,301,17,284,28.8,7.800000000000001,906,15.94
2019,8,10,14,0,211,11,202,28.200000000000003,7.5,906,30.34
2019,8,10,15,0,184,7,179,27.400000000000002,7.4,906,44.78
2019,8,10,16,0,337,231,219,26.200000000000003,7,907,59.18
2019,8,10,17,0,173,247,102,24.8,5.9,908,73.48
2019,8,10,18,0,13,5,13,23.6,4.6000000000000005,908,87.49
2019,8,10,19,0,0,0,0,22.900000000000002,4.5,909,101.68
2019,8,10,20,0,0,0,0,22.3,4.4,909,115.27
2019,8,10,21,0,0,0,0,21.6,4.4,910,128.18
2019,8,10,22,0,0,0,0,21,4.3,910,139.75
2019,8,10,23,0,0,0,0,20.5,4.4,909,148.45000000000002
2019,8,11,0,0,0,0,0,20.200000000000003,4.3,908,151.52
2019,8,11,1,0,0,0,0,20,4.2,908,147.33
2019,8,11,2,0,0,0,0,19.8,4,907,138
2019,8,11,3,0,0,0,0,19.5,3.7,907,126.14
2019,8,11,4,0,0,0,0,19.3,3.5,907,113.08
2019,8,11,5,0,0,0,0,19.1,3.5,908,99.41
2019,8,11,6,0,31,23,29,20,4.4,908,85.25
2019,8,11,7,0,19,0,19,22,5.6000000000000005,908,71.14
2019,8,11,8,0,242,42,219,24.400000000000002,6.6000000000000005,909,56.81
2019,8,11,9,0,596,387,310,26.700000000000003,7.1000000000000005,908,42.39
2019,8,11,10,0,514,92,433,28.700000000000003,7.300000000000001,908,27.94
2019,8,11,11,0,680,177,507,30.1,7.4,907,13.52
2019,8,11,12,0,593,88,504,31,7.300000000000001,906,2.65
2019,8,11,13,0,569,90,482,31,7.1000000000000005,905,15.94
2019,8,11,14,0,511,101,424,30.200000000000003,6.9,905,30.38
2019,8,11,15,0,383,82,325,28.8,6.6000000000000005,905,44.84
2019,8,11,16,0,348,262,214,27,6.1000000000000005,906,59.25
2019,8,11,17,0,184,195,129,25.3,4.9,907,73.56
2019,8,11,18,0,7,1,7,23.8,3.7,907,87.58
2019,8,11,19,0,0,0,0,22.8,3.4000000000000004,908,101.8
2019,8,11,20,0,0,0,0,22.1,3.2,909,115.42
2019,8,11,21,0,0,0,0,21.5,3.3000000000000003,909,128.36
2019,8,11,22,0,0,0,0,21,3.5,909,139.98
2019,8,11,23,0,0,0,0,20.6,3.7,908,148.73
2019,8,12,0,0,0,0,0,20.200000000000003,3.7,908,151.81
2019,8,12,1,0,0,0,0,19.900000000000002,3.8000000000000003,908,147.57
2019,8,12,2,0,0,0,0,19.5,3.9000000000000004,907,138.16
2019,8,12,3,0,0,0,0,19.1,3.9000000000000004,907,126.25
2019,8,12,4,0,0,0,0,18.8,3.8000000000000003,907,113.16
2019,8,12,5,0,0,0,0,18.5,3.7,907,99.46000000000001
2019,8,12,6,0,23,5,22,19.3,4.3,908,85.27
2019,8,12,7,0,148,70,126,21.200000000000003,5.6000000000000005,909,71.14
2019,8,12,8,0,327,152,244,23.5,6.4,909,56.800000000000004
2019,8,12,9,0,527,240,350,25.3,6.7,909,42.37
2019,8,12,10,0,646,229,443,26.8,6.7,909,27.89
2019,8,12,11,0,631,130,504,28,6.6000000000000005,908,13.44
2019,8,12,12,0,702,176,526,28.900000000000002,6.4,907,2.41
2019,8,12,13,0,700,210,498,29.400000000000002,6.300000000000001,906,15.950000000000001
2019,8,12,14,0,651,264,423,29.3,6.2,905,30.42
2019,8,12,15,0,478,199,337,28.6,6.2,905,44.89
2019,8,12,16,0,391,271,253,27.400000000000002,5.800000000000001,906,59.32
2019,8,12,17,0,170,107,140,25.700000000000003,4.6000000000000005,907,73.65
2019,8,12,18,0,4,0,4,23.8,3.3000000000000003,907,87.68
2019,8,12,19,0,0,0,0,22.8,3,908,101.93
2019,8,12,20,0,0,0,0,22,2.9000000000000004,909,115.57000000000001
2019,8,12,21,0,0,0,0,21.400000000000002,3.1,909,128.55
2019,8,12,22,0,0,0,0,20.8,3.8000000000000003,909,140.21
2019,8,12,23,0,0,0,0,20.400000000000002,4.1000000000000005,908,149.02
2019,8,13,0,0,0,0,0,20.1,4.2,907,152.11
2019,8,13,1,0,0,0,0,19.900000000000002,4,906,147.8
2019,8,13,2,0,0,0,0,19.700000000000003,3.6,906,138.33
2019,8,13,3,0,0,0,0,19.6,3.2,906,126.36
2019,8,13,4,0,0,0,0,19.400000000000002,3.1,906,113.23
2019,8,13,5,0,0,0,0,19.400000000000002,3.1,907,99.5
2019,8,13,6,0,22,0,22,20.1,3.9000000000000004,907,85.3
2019,8,13,7,0,146,66,125,21.900000000000002,5.300000000000001,908,71.15
2019,8,13,8,0,329,155,244,24.400000000000002,6.1000000000000005,909,56.79
2019,8,13,9,0,440,118,353,26.6,6.4,909,42.34
2019,8,13,10,0,640,221,445,28.3,6.4,909,27.85
2019,8,13,11,0,660,157,508,29.5,6.2,908,13.36
2019,8,13,12,0,662,139,524,30.400000000000002,6,907,2.19
2019,8,13,13,0,686,193,500,30.700000000000003,5.9,906,15.97
2019,8,13,14,0,628,231,430,30.200000000000003,5.7,906,30.46
2019,8,13,15,0,445,151,338,29.1,5.5,906,44.96
2019,8,13,16,0,179,13,173,27.700000000000003,5.1000000000000005,906,59.4
2019,8,13,17,0,84,0,84,26,4.1000000000000005,907,73.74
2019,8,13,18,0,7,1,7,24.3,3.2,908,87.79
2019,8,13,19,0,0,0,0,23.5,2.9000000000000004,909,102.06
2019,8,13,20,0,0,0,0,22.8,2.6,909,115.73
2019,8,13,21,0,0,0,0,22.3,2.7,910,128.74
2019,8,13,22,0,0,0,0,21.8,2.8000000000000003,910,140.45000000000002
2019,8,13,23,0,0,0,0,21.3,2.9000000000000004,909,149.31
2019,8,14,0,0,0,0,0,20.8,3,908,152.41
2019,8,14,1,0,0,0,0,20.5,3,908,148.04
2019,8,14,2,0,0,0,0,20.3,3.1,907,138.49
2019,8,14,3,0,0,0,0,20.1,3.2,907,126.47
2019,8,14,4,0,0,0,0,19.900000000000002,3.4000000000000004,908,113.3
2019,8,14,5,0,0,0,0,19.700000000000003,3.4000000000000004,908,99.55
2019,8,14,6,0,19,0,19,20.3,3.9000000000000004,909,85.32000000000001
2019,8,14,7,0,97,0,97,21.900000000000002,4.7,910,71.15
2019,8,14,8,0,229,33,211,24,5.2,910,56.78
2019,8,14,9,0,513,215,354,26.200000000000003,5.4,910,42.32
2019,8,14,10,0,584,152,449,27.900000000000002,5.300000000000001,909,27.810000000000002
2019,8,14,11,0,767,285,490,29,5,908,13.290000000000001
2019,8,14,12,0,827,356,472,29.8,4.800000000000001,907,1.98
2019,8,14,13,0,746,270,486,30.1,4.7,906,15.99
2019,8,14,14,0,607,201,433,29.8,4.6000000000000005,906,30.51
2019,8,14,15,0,409,109,332,28.3,4.6000000000000005,906,45.02
2019,8,14,16,0,240,59,209,26.5,4.5,907,59.480000000000004
2019,8,14,17,0,196,369,93,24.700000000000003,3.9000000000000004,908,73.84
2019,8,14,18,0,3,0,3,23.3,2.8000000000000003,909,87.89
2019,8,14,19,0,0,0,0,22.700000000000003,2.5,910,102.19
2019,8,14,20,0,0,0,0,22.1,2.5,911,115.89
2019,8,14,21,0,0,0,0,21.5,2.9000000000000004,911,128.94
2019,8,14,22,0,0,0,0,20.900000000000002,3.2,911,140.69
2019,8,14,23,0,0,0,0,20.5,3.3000000000000003,910,149.6
2019,8,15,0,0,0,0,0,20.200000000000003,3.7,910,152.72
2019,8,15,1,0,0,0,0,19.900000000000002,4.2,909,148.28
2019,8,15,2,0,0,0,0,19.700000000000003,4.2,909,138.65
2019,8,15,3,0,0,0,0,19.400000000000002,4,909,126.58
2019,8,15,4,0,0,0,0,19.200000000000003,3.7,909,113.37
2019,8,15,5,0,0,0,0,19.1,3.4000000000000004,909,99.59
2019,8,15,6,0,37,75,31,19.6,3.9000000000000004,910,85.34
2019,8,15,7,0,149,72,126,20.900000000000002,4.6000000000000005,911,71.16
2019,8,15,8,0,307,117,243,23,5.300000000000001,911,56.77
2019,8,15,9,0,476,160,358,25,5.7,911,42.29
2019,8,15,10,0,807,489,374,26.900000000000002,5.800000000000001,910,27.76
2019,8,15,11,0,558,79,481,28.8,5.7,909,13.22
2019,8,15,12,0,846,377,468,30,5.7,908,1.8
2019,8,15,13,0,414,29,386,30.1,5.5,908,16.02
2019,8,15,14,0,730,425,364,29.5,5.2,907,30.57
2019,8,15,15,0,535,311,316,27.900000000000002,4.6000000000000005,907,45.09
2019,8,15,16,0,415,516,154,26.6,4.1000000000000005,907,59.56
2019,8,15,17,0,9,0,9,25.3,2.8000000000000003,908,73.94
2019,8,15,18,0,2,0,2,23.900000000000002,1.6,909,88
2019,8,15,19,0,0,0,0,23.3,1.5,910,102.33
2019,8,15,20,0,0,0,0,22.8,1.7000000000000002,910,116.05
2019,8,15,21,0,0,0,0,22.3,2,911,129.13
2019,8,15,22,0,0,0,0,21.900000000000002,2.5,911,140.94
2019,8,15,23,0,0,0,0,21.400000000000002,2.9000000000000004,910,149.9
2019,8,16,0,0,0,0,0,21,3.1,909,153.02
2019,8,16,1,0,0,0,0,20.700000000000003,3.3000000000000003,909,148.52
2019,8,16,2,0,0,0,0,20.400000000000002,3.2,908,138.81
2019,8,16,3,0,0,0,0,20.200000000000003,3.1,908,126.68
2019,8,16,4,0,0,0,0,20.1,3.1,908,113.44
2019,8,16,5,0,0,0,0,20,3.1,909,99.63
2019,8,16,6,0,12,0,12,20.5,3.8000000000000003,909,85.36
2019,8,16,7,0,47,0,47,21.900000000000002,4.9,910,71.16
2019,8,16,8,0,403,330,222,24,5.4,910,56.76
2019,8,16,9,0,399,78,341,26,5.5,910,42.26
2019,8,16,10,0,246,14,234,27.6,5.5,910,27.72
2019,8,16,11,0,770,288,489,29,5.300000000000001,909,13.16
2019,8,16,12,0,749,228,521,29.400000000000002,5.1000000000000005,908,1.67
2019,8,16,13,0,556,83,477,28.8,4.9,907,16.06
2019,8,16,14,0,604,198,433,27.8,4.5,907,30.63
2019,8,16,15,0,401,101,330,26.700000000000003,4.1000000000000005,907,45.160000000000004
2019,8,16,16,0,95,0,95,25.5,3.3000000000000003,907,59.65
2019,8,16,17,0,71,0,71,24.1,2,908,74.04
2019,8,16,18,0,7,0,7,22.8,1.5,908,88.11
2019,8,16,19,0,0,0,0,22.200000000000003,1.6,909,102.46000000000001
2019,8,16,20,0,0,0,0,21.8,2.1,909,116.21000000000001
2019,8,16,21,0,0,0,0,21.400000000000002,2.6,910,129.33
2019,8,16,22,0,0,0,0,21,3,909,141.18
2019,8,16,23,0,0,0,0,20.8,3.2,909,150.20000000000002
2019,8,17,0,0,0,0,0,20.6,3.2,908,153.34
2019,8,17,1,0,0,0,0,20.400000000000002,3.3000000000000003,908,148.76
2019,8,17,2,0,0,0,0,20.3,3.1,907,138.98
2019,8,17,3,0,0,0,0,20.1,3,907,126.79
2019,8,17,4,0,0,0,0,20,2.9000000000000004,907,113.5
2019,8,17,5,0,0,0,0,19.900000000000002,2.8000000000000003,907,99.67
2019,8,17,6,0,6,0,6,20.3,3.2,908,85.38
2019,8,17,7,0,20,0,20,21.3,4.4,909,71.16
2019,8,17,8,0,99,0,99,22.8,5.2,909,56.74
2019,8,17,9,0,182,7,177,24.400000000000002,5.6000000000000005,909,42.24
2019,8,17,10,0,293,17,278,25.700000000000003,5.7,909,27.68
2019,8,17,11,0,348,20,329,26.900000000000002,5.6000000000000005,908,13.1
2019,8,17,12,0,346,19,327,27.8,5.6000000000000005,907,1.59
2019,8,17,13,0,399,27,374,27.8,5.300000000000001,906,16.11
2019,8,17,14,0,661,282,418,27.6,5.1000000000000005,906,30.69
2019,8,17,15,0,315,38,288,26.700000000000003,4.800000000000001,906,45.24
2019,8,17,16,0,164,7,160,25.6,4.2,906,59.74
2019,8,17,17,0,49,0,49,24,2.9000000000000004,907,74.14
2019,8,17,18,0,5,0,5,22.6,2.3000000000000003,907,88.22
2019,8,17,19,0,0,0,0,22,2.3000000000000003,908,102.61
2019,8,17,20,0,0,0,0,21.5,2.3000000000000003,909,116.38
2019,8,17,21,0,0,0,0,21.200000000000003,2.5,909,129.54
2019,8,17,22,0,0,0,0,20.900000000000002,2.7,909,141.44
2019,8,17,23,0,0,0,0,20.6,2.9000000000000004,909,150.51
2019,8,18,0,0,0,0,0,20.3,3.1,908,153.65
2019,8,18,1,0,0,0,0,20.1,3.2,907,149
2019,8,18,2,0,0,0,0,19.900000000000002,3.3000000000000003,907,139.13
2019,8,18,3,0,0,0,0,19.8,3.2,907,126.89
2019,8,18,4,0,0,0,0,19.700000000000003,3.1,907,113.57000000000001
2019,8,18,5,0,0,0,0,19.6,3.1,908,99.7
2019,8,18,6,0,7,0,7,19.900000000000002,3.5,909,85.39
2019,8,18,7,0,24,0,24,20.900000000000002,4.1000000000000005,909,71.16
2019,8,18,8,0,119,0,119,22.200000000000003,4.6000000000000005,910,56.730000000000004
2019,8,18,9,0,188,8,182,23.6,4.800000000000001,910,42.21
2019,8,18,10,0,170,8,163,24.700000000000003,4.9,910,27.650000000000002
2019,8,18,11,0,384,23,361,25.3,4.7,909,13.05
2019,8,18,12,0,510,49,461,25.400000000000002,4.5,908,1.57
2019,8,18,13,0,412,29,384,25.200000000000003,4.2,908,16.17
2019,8,18,14,0,362,28,337,24.900000000000002,4,907,30.76
2019,8,18,15,0,215,11,208,24.400000000000002,3.8000000000000003,907,45.32
2019,8,18,16,0,43,0,43,23.700000000000003,2.9000000000000004,908,59.83
2019,8,18,17,0,77,0,77,22.5,1.7000000000000002,908,74.25
2019,8,18,18,0,6,0,6,21.5,1.3,909,88.34
2019,8,18,19,0,0,0,0,21.200000000000003,1.2000000000000002,910,102.75
2019,8,18,20,0,0,0,0,21,1.2000000000000002,910,116.55
2019,8,18,21,0,0,0,0,20.8,1.2000000000000002,911,129.74
2019,8,18,22,0,0,0,0,20.6,1.2000000000000002,911,141.69
2019,8,18,23,0,0,0,0,20.5,1.4000000000000001,910,150.82
2019,8,19,0,0,0,0,0,20.3,1.6,910,153.97
2019,8,19,1,0,0,0,0,20.200000000000003,1.8,909,149.24
2019,8,19,2,0,0,0,0,20.1,2.2,909,139.29
2019,8,19,3,0,0,0,0,20,2.6,908,126.99000000000001
2019,8,19,4,0,0,0,0,19.8,2.2,909,113.63
2019,8,19,5,0,0,0,0,19.5,1.6,909,99.74000000000001
2019,8,19,6,0,21,0,21,20.200000000000003,2.7,910,85.41
2019,8,19,7,0,195,225,123,21.700000000000003,3.6,910,71.16
2019,8,19,8,0,394,303,228,23.900000000000002,3.8000000000000003,911,56.71
2019,8,19,9,0,645,508,269,25.700000000000003,3.5,911,42.19
2019,8,19,10,0,710,319,427,26.8,2.9000000000000004,910,27.61
2019,8,19,11,0,697,193,509,27.5,2.4000000000000004,910,13
2019,8,19,12,0,871,391,480,27.8,2.2,909,1.62
2019,8,19,13,0,846,412,450,27.6,2.1,908,16.23
2019,8,19,14,0,711,394,373,27,1.9000000000000001,907,30.84
2019,8,19,15,0,483,215,332,26.400000000000002,1.7000000000000002,907,45.410000000000004
2019,8,19,16,0,25,0,25,25.5,1.4000000000000001,908,59.93
2019,8,19,17,0,10,0,10,24.5,1.1,908,74.36
2019,8,19,18,0,2,0,2,23.200000000000003,0.6000000000000001,909,88.46000000000001
2019,8,19,19,0,0,0,0,22.8,0.6000000000000001,910,102.9
2019,8,19,20,0,0,0,0,22.400000000000002,0.5,910,116.72
2019,8,19,21,0,0,0,0,22,0.6000000000000001,911,129.95
2019,8,19,22,0,0,0,0,21.6,0.6000000000000001,911,141.95000000000002
2019,8,19,23,0,0,0,0,21.3,0.7000000000000001,910,151.13
2019,8,20,0,0,0,0,0,21.1,0.9,909,154.29
2019,8,20,1,0,0,0,0,20.900000000000002,1.3,909,149.48
2019,8,20,2,0,0,0,0,20.8,1.7000000000000002,908,139.45000000000002
2019,8,20,3,0,0,0,0,20.700000000000003,2,908,127.09
2019,8,20,4,0,0,0,0,20.5,2.3000000000000003,909,113.69
2019,8,20,5,0,0,0,0,20.3,2.6,909,99.78
2019,8,20,6,0,4,0,4,20.6,3.2,910,85.42
2019,8,20,7,0,12,0,12,21.400000000000002,4,911,71.16
2019,8,20,8,0,235,36,215,22.5,4.4,911,56.7
2019,8,20,9,0,311,29,289,23.900000000000002,4.4,911,42.160000000000004
2019,8,20,10,0,455,55,406,24.900000000000002,4,910,27.57
2019,8,20,11,0,549,73,478,25.6,3.6,910,12.96
2019,8,20,12,0,487,42,445,26,3.3000000000000003,909,1.74
2019,8,20,13,0,545,76,472,26.1,3.2,908,16.31
2019,8,20,14,0,578,168,434,25.700000000000003,2.9000000000000004,907,30.92
2019,8,20,15,0,546,344,305,25.3,2.8000000000000003,907,45.5
2019,8,20,16,0,313,194,216,24.6,2.2,907,60.03
2019,8,20,17,0,191,407,82,23.400000000000002,1.2000000000000002,908,74.47
2019,8,20,18,0,9,7,9,22.5,0.9,908,88.58
2019,8,20,19,0,0,0,0,22.200000000000003,0.9,909,103.05
2019,8,20,20,0,0,0,0,22,0.9,910,116.9
2019,8,20,21,0,0,0,0,21.8,0.8,910,130.16
2019,8,20,22,0,0,0,0,21.700000000000003,1.2000000000000002,910,142.21
2019,8,20,23,0,0,0,0,21.5,1.7000000000000002,909,151.45000000000002
2019,8,21,0,0,0,0,0,21.200000000000003,2,908,154.61
2019,8,21,1,0,0,0,0,20.8,2.3000000000000003,907,149.72
2019,8,21,2,0,0,0,0,20.400000000000002,2.9000000000000004,907,139.61
2019,8,21,3,0,0,0,0,19.900000000000002,4.4,908,127.19
2019,8,21,4,0,0,0,0,19.5,5.2,908,113.75
2019,8,21,5,0,0,0,0,19.400000000000002,4.9,908,99.81
2019,8,21,6,0,23,0,23,19.700000000000003,4.1000000000000005,909,85.43
2019,8,21,7,0,153,80,127,20.400000000000002,3.9000000000000004,910,71.16
2019,8,21,8,0,320,136,245,21.5,4.4,910,56.68
2019,8,21,9,0,450,125,357,22.5,4.9,910,42.13
2019,8,21,10,0,626,198,451,23.3,5.1000000000000005,910,27.54
2019,8,21,11,0,720,219,507,23.8,5.2,909,12.93
2019,8,21,12,0,751,230,522,24.200000000000003,5.1000000000000005,908,1.9100000000000001
2019,8,21,13,0,726,243,492,24.200000000000003,5,908,16.39
2019,8,21,14,0,550,138,432,24,4.800000000000001,907,31
2019,8,21,15,0,438,148,334,23.6,4.4,907,45.59
2019,8,21,16,0,217,42,197,22.8,3.6,908,60.14
2019,8,21,17,0,80,0,80,21.8,2.4000000000000004,908,74.59
2019,8,21,18,0,4,0,4,20.900000000000002,1.9000000000000001,909,88.7
2019,8,21,19,0,0,0,0,20.6,2,910,103.2
2019,8,21,20,0,0,0,0,20.5,2.4000000000000004,910,117.07000000000001
2019,8,21,21,0,0,0,0,20.3,2.8000000000000003,910,130.37
2019,8,21,22,0,0,0,0,20.1,3,910,142.47
2019,8,21,23,0,0,0,0,19.900000000000002,3.1,909,151.77
2019,8,22,0,0,0,0,0,19.6,3.2,908,154.94
2019,8,22,1,0,0,0,0,19.400000000000002,3.2,908,149.96
2019,8,22,2,0,0,0,0,19.1,3,907,139.76
2019,8,22,3,0,0,0,0,18.900000000000002,2.7,907,127.28
2019,8,22,4,0,0,0,0,18.8,2.6,907,113.81
2019,8,22,5,0,0,0,0,18.7,2.6,908,99.84
2019,8,22,6,0,11,0,11,19.1,3.2,909,85.44
2019,8,22,7,0,57,0,57,20,3.9000000000000004,910,71.15
2019,8,22,8,0,221,27,206,21.200000000000003,4.5,910,56.67
2019,8,22,9,0,425,100,351,22.3,4.6000000000000005,910,42.11
2019,8,22,10,0,595,160,452,23.200000000000003,4.7,910,27.51
2019,8,22,11,0,699,194,510,23.900000000000002,4.800000000000001,909,12.9
2019,8,22,12,0,821,341,480,24.400000000000002,4.9,908,2.12
2019,8,22,13,0,707,220,497,24.900000000000002,4.9,907,16.48
2019,8,22,14,0,636,247,424,25.200000000000003,4.7,907,31.1
2019,8,22,15,0,357,66,311,24.5,4.2,907,45.69
2019,8,22,16,0,59,0,59,23.5,3.3000000000000003,907,60.25
2019,8,22,17,0,90,5,89,22.3,2,908,74.71000000000001
2019,8,22,18,0,10,21,9,21.3,1.6,908,88.82000000000001
2019,8,22,19,0,0,0,0,21.1,1.9000000000000001,909,103.35000000000001
2019,8,22,20,0,0,0,0,20.900000000000002,2.5,910,117.25
2019,8,22,21,0,0,0,0,20.900000000000002,3.7,910,130.59
2019,8,22,22,0,0,0,0,20.6,4.1000000000000005,910,142.74
2019,8,22,23,0,0,0,0,20,3.9000000000000004,909,152.1
2019,8,23,0,0,0,0,0,19.400000000000002,3.6,909,155.27
2019,8,23,1,0,0,0,0,19,3.5,908,150.21
2019,8,23,2,0,0,0,0,18.6,3.5,908,139.91
2019,8,23,3,0,0,0,0,18.400000000000002,3.3000000000000003,907,127.38000000000001
2019,8,23,4,0,0,0,0,18.3,3.1,908,113.87
2019,8,23,5,0,0,0,0,18.3,3,908,99.87
2019,8,23,6,0,19,0,19,19.1,3.8000000000000003,909,85.46000000000001
2019,8,23,7,0,115,11,112,21,5.2,910,71.15
2019,8,23,8,0,241,40,219,23.400000000000002,6.1000000000000005,910,56.65
2019,8,23,9,0,509,203,358,24.900000000000002,6.2,910,42.08
2019,8,23,10,0,723,356,407,25.700000000000003,6.1000000000000005,910,27.48
2019,8,23,11,0,798,342,465,26.1,5.800000000000001,909,12.88
2019,8,23,12,0,761,242,520,26,5.4,908,2.37
2019,8,23,13,0,797,371,442,25.5,4.800000000000001,908,16.580000000000002
2019,8,23,14,0,742,448,359,24.900000000000002,4.3,907,31.19
2019,8,23,15,0,554,370,296,24.200000000000003,3.9000000000000004,907,45.800000000000004
2019,8,23,16,0,273,119,215,23.200000000000003,3.4000000000000004,908,60.36
2019,8,23,17,0,133,125,100,22.3,2.9000000000000004,908,74.83
2019,8,23,18,0,6,2,6,21.6,3.2,909,88.95
2019,8,23,19,0,0,0,0,21.200000000000003,4,910,103.51
2019,8,23,20,0,0,0,0,20.8,4.5,910,117.44
2019,8,23,21,0,0,0,0,20.1,4.7,911,130.81
2019,8,23,22,0,0,0,0,19.400000000000002,4.6000000000000005,911,143
2019,8,23,23,0,0,0,0,19,4.4,910,152.42000000000002
2019,8,24,0,0,0,0,0,18.7,4.3,909,155.6
2019,8,24,1,0,0,0,0,18.5,4.1000000000000005,908,150.45000000000002
2019,8,24,2,0,0,0,0,18.3,3.7,908,140.07
2019,8,24,3,0,0,0,0,18.1,3.5,908,127.47
2019,8,24,4,0,0,0,0,18,3.4000000000000004,908,113.92
2019,8,24,5,0,0,0,0,17.8,3.2,909,99.9
2019,8,24,6,0,35,109,26,18.7,3.8000000000000003,909,85.47
2019,8,24,7,0,150,74,126,20.900000000000002,4.9,910,71.15
2019,8,24,8,0,309,116,245,23.700000000000003,5.7,910,56.64
2019,8,24,9,0,589,354,327,25.8,5.800000000000001,910,42.06
2019,8,24,10,0,583,147,452,27.200000000000003,5.5,910,27.45
2019,8,24,11,0,640,135,508,27.700000000000003,5.1000000000000005,909,12.870000000000001
2019,8,24,12,0,788,277,511,27.6,4.6000000000000005,908,2.64
2019,8,24,13,0,712,226,495,27.1,4.1000000000000005,907,16.69
2019,8,24,14,0,305,19,289,26.200000000000003,3.9000000000000004,907,31.29
2019,8,24,15,0,346,59,305,25.1,3.7,907,45.9
2019,8,24,16,0,419,592,127,24,3.4000000000000004,907,60.47
2019,8,24,17,0,8,0,8,22.900000000000002,2.6,908,74.96000000000001
2019,8,24,18,0,0,0,0,22,2.2,908,89.07000000000001
2019,8,24,19,0,0,0,0,21.6,2.5,909,103.67
2019,8,24,20,0,0,0,0,21.200000000000003,2.7,910,117.62
2019,8,24,21,0,0,0,0,20.6,2.7,910,131.03
2019,8,24,22,0,0,0,0,20.1,3.3000000000000003,910,143.27
2019,8,24,23,0,0,0,0,19.6,3.5,909,152.76
2019,8,25,0,0,0,0,0,19.200000000000003,3.5,908,155.94
2019,8,25,1,0,0,0,0,19,3.5,908,150.69
2019,8,25,2,0,0,0,0,18.900000000000002,3.4000000000000004,908,140.22
2019,8,25,3,0,0,0,0,18.7,3.4000000000000004,908,127.56
2019,8,25,4,0,0,0,0,18.6,3.4000000000000004,908,113.98
2019,8,25,5,0,0,0,0,18.6,3.3000000000000003,908,99.93
2019,8,25,6,0,24,0,24,19.3,3.8000000000000003,909,85.47
2019,8,25,7,0,116,12,112,21,4.9,910,71.14
2019,8,25,8,0,347,184,245,23,5.6000000000000005,910,56.620000000000005
2019,8,25,9,0,578,327,335,24.5,5.7,910,42.04
2019,8,25,10,0,725,357,407,25.6,5.7,910,27.43
2019,8,25,11,0,742,245,503,26.400000000000002,5.5,909,12.86
2019,8,25,12,0,511,49,462,26.8,5.300000000000001,908,2.93
2019,8,25,13,0,793,364,445,26.8,5.2,907,16.81
2019,8,25,14,0,702,379,378,26.5,5,907,31.400000000000002
2019,8,25,15,0,523,303,312,25.700000000000003,4.800000000000001,906,46.01
2019,8,25,16,0,148,2,147,24.8,4.2,907,60.59
2019,8,25,17,0,161,281,88,23.3,3.2,907,75.09
2019,8,25,18,0,0,0,0,21.900000000000002,2.7,908,89.2
2019,8,25,19,0,0,0,0,21.200000000000003,2.8000000000000003,909,103.83
2019,8,25,20,0,0,0,0,20.700000000000003,3,909,117.81
2019,8,25,21,0,0,0,0,20.1,3.2,910,131.25
2019,8,25,22,0,0,0,0,19.6,3.1,910,143.55
2019,8,25,23,0,0,0,0,19.3,3.2,909,153.09
2019,8,26,0,0,0,0,0,19.1,3.1,909,156.27
2019,8,26,1,0,0,0,0,19,3,908,150.93
2019,8,26,2,0,0,0,0,18.8,2.8000000000000003,907,140.36
2019,8,26,3,0,0,0,0,18.7,2.4000000000000004,907,127.65
2019,8,26,4,0,0,0,0,18.6,2.1,908,114.03
2019,8,26,5,0,0,0,0,18.6,1.9000000000000001,908,99.95
2019,8,26,6,0,28,22,26,19.8,3,909,85.48
2019,8,26,7,0,100,0,100,22,4.4,910,71.13
2019,8,26,8,0,295,96,242,24.3,5.300000000000001,910,56.61
2019,8,26,9,0,278,20,263,26.1,5.7,910,42.02
2019,8,26,10,0,675,263,442,27.3,5.7,909,27.41
2019,8,26,11,0,663,156,511,28.3,5.7,909,12.86
2019,8,26,12,0,847,378,469,28.8,5.800000000000001,908,3.24
2019,8,26,13,0,339,19,321,29,5.800000000000001,907,16.93
2019,8,26,14,0,685,329,404,28.700000000000003,5.9,906,31.52
2019,8,26,15,0,595,507,243,27.700000000000003,5.7,906,46.13
2019,8,26,16,0,390,462,164,26.200000000000003,5.2,907,60.71
2019,8,26,17,0,175,386,77,24.400000000000002,4.2,907,75.22
2019,8,26,18,0,0,0,0,22.8,3.9000000000000004,908,89.33
2019,8,26,19,0,0,0,0,22.1,4.3,909,103.99000000000001
2019,8,26,20,0,0,0,0,21.1,4.2,910,117.99000000000001
2019,8,26,21,0,0,0,0,20.1,3.9000000000000004,910,131.47
2019,8,26,22,0,0,0,0,19.200000000000003,3.6,910,143.82
2019,8,26,23,0,0,0,0,18.6,3.4000000000000004,910,153.43
2019,8,27,0,0,0,0,0,18.3,3.2,909,156.61
2019,8,27,1,0,0,0,0,18.1,3.2,908,151.17000000000002
2019,8,27,2,0,0,0,0,18.1,3,908,140.51
2019,8,27,3,0,0,0,0,18.2,2.9000000000000004,908,127.74000000000001
2019,8,27,4,0,0,0,0,18.3,2.9000000000000004,908,114.08
2019,8,27,5,0,0,0,0,18.3,2.9000000000000004,908,99.98
2019,8,27,6,0,5,0,5,19.3,3.7,909,85.49
2019,8,27,7,0,32,0,32,21.400000000000002,4.9,909,71.13
2019,8,27,8,0,384,268,236,23.700000000000003,5.300000000000001,909,56.59
2019,8,27,9,0,413,87,348,25.700000000000003,5.1000000000000005,909,42
2019,8,27,10,0,624,192,453,27.200000000000003,4.6000000000000005,909,27.39
2019,8,27,11,0,554,75,481,28.1,4.2,908,12.88
2019,8,27,12,0,854,383,471,28.6,4,907,3.5500000000000003
2019,8,27,13,0,624,134,497,28.8,4,906,17.06
2019,8,27,14,0,553,145,430,28.3,4.1000000000000005,906,31.63
2019,8,27,15,0,594,509,242,27.3,4.3,905,46.25
2019,8,27,16,0,355,340,189,26.1,4.1000000000000005,906,60.84
2019,8,27,17,0,161,301,85,24.6,3,906,75.36
2019,8,27,18,0,0,0,0,23.200000000000003,2.4000000000000004,907,89.46000000000001
2019,8,27,19,0,0,0,0,22.700000000000003,2.8000000000000003,908,104.16
2019,8,27,20,0,0,0,0,22,2.9000000000000004,909,118.18
2019,8,27,21,0,0,0,0,21.200000000000003,3,909,131.69
2019,8,27,22,0,0,0,0,20.5,3.1,909,144.1
2019,8,27,23,0,0,0,0,20.1,3.3000000000000003,909,153.77
2019,8,28,0,0,0,0,0,19.700000000000003,3.1,908,156.95000000000002
2019,8,28,1,0,0,0,0,19.5,3,907,151.4
2019,8,28,2,0,0,0,0,19.3,3,907,140.65
2019,8,28,3,0,0,0,0,19.3,3,907,127.83
2019,8,28,4,0,0,0,0,19.3,2.8000000000000003,908,114.13
2019,8,28,5,0,0,0,0,19.200000000000003,2.8000000000000003,908,100
2019,8,28,6,0,21,0,21,19.900000000000002,3.8000000000000003,909,85.5
2019,8,28,7,0,202,251,121,21.700000000000003,4.800000000000001,909,71.12
2019,8,28,8,0,263,59,231,23.900000000000002,5.4,909,56.58
2019,8,28,9,0,508,199,360,25.700000000000003,5.6000000000000005,909,41.980000000000004
2019,8,28,10,0,518,91,438,26.900000000000002,5.5,909,27.37
2019,8,28,11,0,755,261,500,27.5,5.5,908,12.9
2019,8,28,12,0,863,389,475,27.700000000000003,5.4,908,3.88
2019,8,28,13,0,965,876,129,27.5,5,907,17.21
2019,8,28,14,0,348,26,326,26.8,4.6000000000000005,907,31.76
2019,8,28,15,0,245,16,234,25.6,4.3,907,46.37
2019,8,28,16,0,316,228,206,24.400000000000002,3.9000000000000004,907,60.96
2019,8,28,17,0,9,0,9,23,2.8000000000000003,908,75.49
2019,8,28,18,0,0,0,0,21.900000000000002,2,909,89.59
2019,8,28,19,0,0,0,0,21.5,2.1,909,104.33
2019,8,28,20,0,0,0,0,21.1,2.2,910,118.37
2019,8,28,21,0,0,0,0,20.8,2.3000000000000003,910,131.92000000000002
2019,8,28,22,0,0,0,0,20.5,2.4000000000000004,910,144.37
2019,8,28,23,0,0,0,0,20.3,2.5,909,154.11
2019,8,29,0,0,0,0,0,20.1,2.6,908,157.3
2019,8,29,1,0,0,0,0,20,2.7,908,151.64000000000001
2019,8,29,2,0,0,0,0,19.8,2.5,907,140.8
2019,8,29,3,0,0,0,0,19.6,1.9000000000000001,907,127.91
2019,8,29,4,0,0,0,0,19.5,1.6,908,114.17
2019,8,29,5,0,0,0,0,19.400000000000002,1.4000000000000001,908,100.03
2019,8,29,6,0,37,133,26,20.400000000000002,2.5,909,85.5
2019,8,29,7,0,192,206,125,22.200000000000003,3.9000000000000004,910,71.12
2019,8,29,8,0,446,456,195,24.3,4.7,910,56.56
2019,8,29,9,0,326,34,300,26,4.9,910,41.96
2019,8,29,10,0,212,11,202,27.200000000000003,4.9,909,27.36
2019,8,29,11,0,266,15,251,28.1,4.800000000000001,909,12.93
2019,8,29,12,0,862,389,474,28.400000000000002,4.800000000000001,908,4.22
2019,8,29,13,0,383,24,360,28.400000000000002,4.7,907,17.36
2019,8,29,14,0,840,845,122,27.900000000000002,4.5,906,31.89
2019,8,29,15,0,535,342,300,27.1,4.2,906,46.5
2019,8,29,16,0,425,678,97,25.8,3.8000000000000003,906,61.1
2019,8,29,17,0,172,400,73,24.1,2.7,907,75.63
2019,8,29,18,0,0,0,0,22.8,2.2,908,89.73
2019,8,29,19,0,0,0,0,22.200000000000003,2.6,908,104.49000000000001
2019,8,29,20,0,0,0,0,21.8,3.2,909,118.57000000000001
2019,8,29,21,0,0,0,0,21.400000000000002,3.6,909,132.15
2019,8,29,22,0,0,0,0,20.900000000000002,3.8000000000000003,909,144.65
2019,8,29,23,0,0,0,0,20.5,3.9000000000000004,909,154.45000000000002
2019,8,30,0,0,0,0,0,20.200000000000003,3.8000000000000003,908,157.64000000000001
2019,8,30,1,0,0,0,0,20.1,3.8000000000000003,907,151.88
2019,8,30,2,0,0,0,0,20,3.7,906,140.94
2019,8,30,3,0,0,0,0,19.900000000000002,3.6,906,127.99000000000001
2019,8,30,4,0,0,0,0,19.900000000000002,3.6,906,114.22
2019,8,30,5,0,0,0,0,19.8,3.7,907,100.05
2019,8,30,6,0,42,174,28,20.200000000000003,4.3,907,85.51
2019,8,30,7,0,19,0,19,21.5,5.9,908,71.11
2019,8,30,8,0,401,311,229,23.400000000000002,6.7,909,56.550000000000004
2019,8,30,9,0,452,124,360,25.1,6.9,909,41.94
2019,8,30,10,0,456,54,407,26.3,6.6000000000000005,908,27.35
2019,8,30,11,0,608,109,502,26.8,6.4,907,12.96
2019,8,30,12,0,886,398,489,27,6.2,906,4.5600000000000005
2019,8,30,13,0,839,413,445,26.8,5.9,905,17.51
2019,8,30,14,0,694,369,381,26.3,5.6000000000000005,905,32.02
2019,8,30,15,0,582,488,247,25.6,5.2,905,46.63
2019,8,30,16,0,338,299,194,24.900000000000002,4.5,905,61.230000000000004
2019,8,30,17,0,9,0,9,23.700000000000003,2.9000000000000004,906,75.77
2019,8,30,18,0,0,0,0,22.3,2,906,89.86
2019,8,30,19,0,0,0,0,21.8,2.3000000000000003,907,104.66
2019,8,30,20,0,0,0,0,21.3,2.4000000000000004,908,118.76
2019,8,30,21,0,0,0,0,20.900000000000002,2.7,908,132.38
2019,8,30,22,0,0,0,0,20.400000000000002,3,908,144.93
2019,8,30,23,0,0,0,0,20.200000000000003,3.2,907,154.8
2019,8,31,0,0,0,0,0,20,3.3000000000000003,906,157.99
2019,8,31,1,0,0,0,0,19.900000000000002,3.3000000000000003,906,152.11
2019,8,31,2,0,0,0,0,19.8,3.2,905,141.07
2019,8,31,3,0,0,0,0,19.700000000000003,3.1,905,128.07
2019,8,31,4,0,0,0,0,19.6,3,905,114.26
2019,8,31,5,0,0,0,0,19.5,3.1,905,100.07000000000001
2019,8,31,6,0,6,0,6,20.200000000000003,3.8000000000000003,906,85.51
2019,8,31,7,0,32,0,32,21.8,5,906,71.10000000000001
2019,8,31,8,0,110,0,110,23.8,5.7,907,56.53
2019,8,31,9,0,392,70,340,25.6,6,907,41.93
2019,8,31,10,0,447,50,402,27.1,6.2,907,27.35
2019,8,31,11,0,637,131,509,28.200000000000003,6.2,906,13.01
2019,8,31,12,0,748,225,523,28.5,6.300000000000001,905,4.91
2019,8,31,13,0,619,130,495,28.3,6.300000000000001,904,17.68
2019,8,31,14,0,398,41,364,27.5,6.1000000000000005,904,32.160000000000004
2019,8,31,15,0,265,22,250,26.5,5.7,904,46.76
2019,8,31,16,0,86,0,86,25.400000000000002,5.1000000000000005,904,61.370000000000005
2019,8,31,17,0,9,0,9,24.1,3.9000000000000004,905,75.92
2019,8,31,18,0,0,0,0,22.8,3.2,906,90
2019,8,31,19,0,0,0,0,22,3.2,907,104.84
2019,8,31,20,0,0,0,0,21.3,3.2,907,118.96000000000001
2019,8,31,21,0,0,0,0,20.700000000000003,3.1,908,132.6
2019,8,31,22,0,0,0,0,20.200000000000003,3.1,907,145.22
2019,8,31,23,0,0,0,0,19.900000000000002,3,907,155.15
2019,9,1,0,0,0,0,0,19.8,3,906,158.34
2019,9,1,1,0,0,0,0,19.700000000000003,2.9000000000000004,906,152.34
2019,9,1,2,0,0,0,0,19.6,3,906,141.21
2019,9,1,3,0,0,0,0,19.6,2.9000000000000004,906,128.15
2019,9,1,4,0,0,0,0,19.5,2.6,906,114.3
2019,9,1,5,0,0,0,0,19.5,2.7,907,100.09
2019,9,1,6,0,16,0,16,20,3.2,907,85.51
2019,9,1,7,0,112,6,110,21.200000000000003,4.3,908,71.09
2019,9,1,8,0,173,7,169,22.8,5.300000000000001,909,56.52
2019,9,1,9,0,330,36,304,24.1,5.9,909,41.910000000000004
2019,9,1,10,0,466,59,413,24.900000000000002,6.1000000000000005,909,27.34
2019,9,1,11,0,691,183,513,25.400000000000002,6.2,908,13.07
2019,9,1,12,0,613,101,513,25.700000000000003,6.2,907,5.26
2019,9,1,13,0,649,159,498,25.8,6.1000000000000005,907,17.85
2019,9,1,14,0,602,208,426,25.5,5.9,906,32.3
2019,9,1,15,0,529,338,299,25,5.5,906,46.9
2019,9,1,16,0,158,7,155,24.200000000000003,4.9,907,61.51
2019,9,1,17,0,25,0,25,22.900000000000002,3.5,907,76.06
2019,9,1,18,0,0,0,0,21.5,2.3000000000000003,908,90.13
2019,9,1,19,0,0,0,0,20.900000000000002,1.8,909,105.01
2019,9,1,20,0,0,0,0,20.6,1.6,910,119.15
2019,9,1,21,0,0,0,0,20.200000000000003,2,910,132.84
2019,9,1,22,0,0,0,0,19.900000000000002,2.2,910,145.5
2019,9,1,23,0,0,0,0,19.8,2.5,909,155.5
2019,9,2,0,0,0,0,0,19.700000000000003,2.8000000000000003,909,158.69
2019,9,2,1,0,0,0,0,19.6,2.8000000000000003,908,152.57
2019,9,2,2,0,0,0,0,19.5,2.5,908,141.34
2019,9,2,3,0,0,0,0,19.400000000000002,2.2,908,128.22
2019,9,2,4,0,0,0,0,19.3,2.2,908,114.34
2019,9,2,5,0,0,0,0,19.3,2.2,908,100.10000000000001
2019,9,2,6,0,17,0,17,19.900000000000002,3,909,85.51
2019,9,2,7,0,101,0,101,21.200000000000003,3.8000000000000003,910,71.09
2019,9,2,8,0,314,121,247,23,4.800000000000001,910,56.51
2019,9,2,9,0,489,169,363,24.700000000000003,5.5,911,41.9
2019,9,2,10,0,464,58,413,25.8,5.800000000000001,910,27.35
2019,9,2,11,0,670,161,513,26.8,6,910,13.13
2019,9,2,12,0,771,256,517,27.6,6.300000000000001,908,5.62
2019,9,2,13,0,589,107,487,28.1,6.7,907,18.04
2019,9,2,14,0,470,78,404,27.900000000000002,6.6000000000000005,907,32.45
2019,9,2,15,0,295,33,272,27,6.2,907,47.04
2019,9,2,16,0,21,0,21,25.5,5.6000000000000005,907,61.65
2019,9,2,17,0,26,0,26,23.400000000000002,4,908,76.21000000000001
2019,9,2,18,0,0,0,0,21.5,2.9000000000000004,909,90.26
2019,9,2,19,0,0,0,0,20.8,2.9000000000000004,910,105.19
2019,9,2,20,0,0,0,0,20.400000000000002,3.1,910,119.35000000000001
2019,9,2,21,0,0,0,0,19.900000000000002,3.2,910,133.07
2019,9,2,22,0,0,0,0,19.6,3.5,910,145.78
2019,9,2,23,0,0,0,0,19.200000000000003,3.7,909,155.86
2019,9,3,0,0,0,0,0,19,3.7,908,159.04
2019,9,3,1,0,0,0,0,18.7,3.6,907,152.8
2019,9,3,2,0,0,0,0,18.6,3.3000000000000003,906,141.47
2019,9,3,3,0,0,0,0,18.5,3.2,906,128.3
2019,9,3,4,0,0,0,0,18.5,3.1,907,114.38
2019,9,3,5,0,0,0,0,18.5,2.9000000000000004,907,100.12
2019,9,3,6,0,18,0,18,19.3,3.3000000000000003,908,85.52
2019,9,3,7,0,109,3,108,21,4.6000000000000005,909,71.08
2019,9,3,8,0,290,86,242,23.3,5.9,910,56.49
2019,9,3,9,0,390,68,340,25.5,6.5,910,41.89
2019,9,3,10,0,460,56,410,27,6.7,909,27.35
2019,9,3,11,0,252,15,238,28.1,6.7,908,13.21
2019,9,3,12,0,478,39,439,28.700000000000003,6.7,907,5.98
2019,9,3,13,0,607,122,491,28.8,6.5,906,18.23
2019,9,3,14,0,105,0,105,28.400000000000002,6.2,906,32.6
2019,9,3,15,0,132,0,132,27.6,5.9,906,47.19
2019,9,3,16,0,22,0,22,26.3,5.2,906,61.800000000000004
2019,9,3,17,0,9,0,9,24.3,3.8000000000000003,907,76.36
2019,9,3,18,0,0,0,0,22.400000000000002,2.6,908,90.95
2019,9,3,19,0,0,0,0,21.700000000000003,2.7,909,105.36
2019,9,3,20,0,0,0,0,21.200000000000003,2.8000000000000003,910,119.55
2019,9,3,21,0,0,0,0,20.8,2.8000000000000003,910,133.3
2019,9,3,22,0,0,0,0,20.400000000000002,2.8000000000000003,909,146.07
2019,9,3,23,0,0,0,0,20.1,2.8000000000000003,908,156.21
2019,9,4,0,0,0,0,0,19.900000000000002,2.8000000000000003,908,159.39000000000001
2019,9,4,1,0,0,0,0,19.700000000000003,2.8000000000000003,907,153.03
2019,9,4,2,0,0,0,0,19.5,2.7,906,141.6
2019,9,4,3,0,0,0,0,19.3,2.7,906,128.37
2019,9,4,4,0,0,0,0,19.200000000000003,2.9000000000000004,907,114.42
2019,9,4,5,0,0,0,0,19.1,3.1,907,100.13
2019,9,4,6,0,27,20,26,19.5,3.6,908,85.52
2019,9,4,7,0,159,93,129,20.6,4.9,909,71.07000000000001
2019,9,4,8,0,203,17,193,22.400000000000002,6.2,909,56.480000000000004
2019,9,4,9,0,64,0,64,24.3,6.9,909,41.88
2019,9,4,10,0,306,18,290,25.5,7.300000000000001,909,27.36
2019,9,4,11,0,808,357,460,26.200000000000003,7.5,908,13.3
2019,9,4,12,0,335,19,317,26.5,7.800000000000001,907,6.34
2019,9,4,13,0,488,52,439,26.200000000000003,8,906,18.42
2019,9,4,14,0,528,126,422,25.8,7.800000000000001,906,32.76
2019,9,4,15,0,360,77,308,25,7.2,906,47.34
2019,9,4,16,0,139,0,139,23.6,6.300000000000001,907,61.940000000000005
2019,9,4,17,0,148,307,77,22,4.800000000000001,907,76.52
2019,9,4,18,0,0,0,0,20.8,4,908,91.12
2019,9,4,19,0,0,0,0,20.200000000000003,3.6,908,105.54
2019,9,4,20,0,0,0,0,19.900000000000002,3.3000000000000003,908,119.75
2019,9,4,21,0,0,0,0,19.700000000000003,3.1,908,133.53
2019,9,4,22,0,0,0,0,19.5,3.2,908,146.35
2019,9,4,23,0,0,0,0,19.400000000000002,3.3000000000000003,908,156.57
2019,9,5,0,0,0,0,0,19.3,3.4000000000000004,907,159.75
2019,9,5,1,0,0,0,0,19.200000000000003,3.6,906,153.25
2019,9,5,2,0,0,0,0,19.200000000000003,3.6,906,141.72
2019,9,5,3,0,0,0,0,19.1,3.4000000000000004,906,128.43
2019,9,5,4,0,0,0,0,19.1,3.1,906,114.45
2019,9,5,5,0,0,0,0,19,3.2,907,100.15
2019,9,5,6,0,21,0,21,19.6,4,908,85.52
2019,9,5,7,0,127,26,119,21.200000000000003,5.300000000000001,909,71.06
2019,9,5,8,0,103,0,103,23.200000000000003,6.5,909,56.47
2019,9,5,9,0,341,40,311,25.200000000000003,7.300000000000001,909,41.88
2019,9,5,10,0,423,41,387,26.700000000000003,7.800000000000001,908,27.37
2019,9,5,11,0,686,178,513,27.8,8,908,13.39
2019,9,5,12,0,875,397,481,28.3,7.9,906,6.71
2019,9,5,13,0,868,445,446,28.3,7.9,906,18.63
2019,9,5,14,0,667,319,399,28,7.7,905,32.93
2019,9,5,15,0,187,7,182,27.3,7.2,905,47.49
2019,9,5,16,0,22,0,22,26,6.2,906,62.1
2019,9,5,17,0,159,403,67,24,4.800000000000001,907,76.67
2019,9,5,18,0,0,0,0,22.400000000000002,4.1000000000000005,908,91.28
2019,9,5,19,0,0,0,0,21.5,3.8000000000000003,908,105.72
2019,9,5,20,0,0,0,0,20.8,3.6,908,119.95
2019,9,5,21,0,0,0,0,20.3,3.5,908,133.77
2019,9,5,22,0,0,0,0,20.1,3.4000000000000004,908,146.64000000000001
2019,9,5,23,0,0,0,0,19.900000000000002,3.2,908,156.93
2019,9,6,0,0,0,0,0,19.8,3,907,160.1
2019,9,6,1,0,0,0,0,19.700000000000003,3,906,153.47
2019,9,6,2,0,0,0,0,19.6,3.1,906,141.84
2019,9,6,3,0,0,0,0,19.5,3.2,906,128.5
2019,9,6,4,0,0,0,0,19.5,3.1,906,114.49000000000001
2019,9,6,5,0,0,0,0,19.400000000000002,3,907,100.16
2019,9,6,6,0,31,63,26,20.1,3.6,907,85.52
2019,9,6,7,0,149,66,127,21.700000000000003,5.1000000000000005,908,71.05
2019,9,6,8,0,286,81,241,24.1,6.800000000000001,908,56.46
2019,9,6,9,0,384,63,337,26,7.5,908,41.87
2019,9,6,10,0,491,72,427,27.400000000000002,7.6000000000000005,908,27.39
2019,9,6,11,0,735,234,507,28,7.6000000000000005,907,13.5
2019,9,6,12,0,713,188,527,28.200000000000003,7.4,906,7.09
2019,9,6,13,0,739,272,481,27.900000000000002,7.2,906,18.84
2019,9,6,14,0,563,165,424,27.8,7.1000000000000005,905,33.1
2019,9,6,15,0,370,88,310,27.3,6.800000000000001,905,47.64
2019,9,6,16,0,127,0,127,26.3,6.1000000000000005,906,62.25
2019,9,6,17,0,9,0,9,24.700000000000003,4.9,907,76.83
2019,9,6,18,0,0,0,0,23.200000000000003,4,908,91.45
2019,9,6,19,0,0,0,0,22.400000000000002,3.7,909,105.9
2019,9,6,20,0,0,0,0,21.700000000000003,3.5,909,120.15
2019,9,6,21,0,0,0,0,21.200000000000003,3.7,909,134
2019,9,6,22,0,0,0,0,20.700000000000003,3.5,909,146.93
2019,9,6,23,0,0,0,0,20.3,3.1,908,157.29
2019,9,7,0,0,0,0,0,20.1,3,907,160.46
2019,9,7,1,0,0,0,0,19.900000000000002,3,907,153.69
2019,9,7,2,0,0,0,0,19.8,3.2,907,141.96
2019,9,7,3,0,0,0,0,19.6,3.2,907,128.56
2019,9,7,4,0,0,0,0,19.5,3.5,907,114.52
2019,9,7,5,0,0,0,0,19.5,3.7,907,100.17
2019,9,7,6,0,30,48,26,20,4.1000000000000005,908,85.52
2019,9,7,7,0,160,94,129,21.900000000000002,5.4,909,71.05
2019,9,7,8,0,269,62,235,24.3,6.6000000000000005,909,56.45
2019,9,7,9,0,446,116,360,26.5,7.2,909,41.87
2019,9,7,10,0,596,157,456,28,7.4,908,27.41
2019,9,7,11,0,735,235,507,29.1,7.5,908,13.61
2019,9,7,12,0,866,394,475,29.6,7.6000000000000005,906,7.46
2019,9,7,13,0,762,301,478,29.400000000000002,7.6000000000000005,906,19.05
2019,9,7,14,0,409,47,370,28.6,7.4,906,33.27
2019,9,7,15,0,484,259,310,27.6,6.800000000000001,906,47.800000000000004
2019,9,7,16,0,207,47,185,26.200000000000003,5.800000000000001,907,62.410000000000004
2019,9,7,17,0,41,0,41,24.6,4.6000000000000005,908,76.99
2019,9,7,18,0,0,0,0,23.400000000000002,4.1000000000000005,909,91.62
2019,9,7,19,0,0,0,0,22.700000000000003,4.1000000000000005,909,106.08
2019,9,7,20,0,0,0,0,21.900000000000002,4,910,120.35000000000001
2019,9,7,21,0,0,0,0,21.3,3.8000000000000003,910,134.23
2019,9,7,22,0,0,0,0,21.1,4.1000000000000005,910,147.21
2019,9,7,23,0,0,0,0,20.8,4.1000000000000005,910,157.65
2019,9,8,0,0,0,0,0,20.400000000000002,3.6,909,160.81
2019,9,8,1,0,0,0,0,20.200000000000003,3.4000000000000004,908,153.9
2019,9,8,2,0,0,0,0,20.3,3.7,908,142.07
2019,9,8,3,0,0,0,0,20.3,3.8000000000000003,908,128.62
2019,9,8,4,0,0,0,0,20.200000000000003,4,908,114.55
2019,9,8,5,0,0,0,0,20,4.2,908,100.18
2019,9,8,6,0,17,0,17,20.5,4.9,909,85.52
2019,9,8,7,0,90,0,90,22.200000000000003,6,910,71.04
2019,9,8,8,0,266,59,234,24.400000000000002,6.6000000000000005,910,56.44
2019,9,8,9,0,274,19,260,26.700000000000003,6.800000000000001,910,41.87
2019,9,8,10,0,621,186,456,28.3,6.800000000000001,910,27.44
2019,9,8,11,0,495,49,448,28.8,6.7,909,13.74
2019,9,8,12,0,740,220,522,28.5,6.2,908,7.84
2019,9,8,13,0,445,38,409,27.900000000000002,5.800000000000001,908,19.28
2019,9,8,14,0,628,260,411,27.3,5.5,907,33.45
2019,9,8,15,0,481,256,309,26.6,5.1000000000000005,907,47.96
2019,9,8,16,0,325,311,182,25.900000000000002,4.5,908,62.56
2019,9,8,17,0,7,0,7,24.5,3.5,908,77.15
2019,9,8,18,0,0,0,0,23.1,3.4000000000000004,909,91.78
2019,9,8,19,0,0,0,0,22.200000000000003,3.4000000000000004,909,106.26
2019,9,8,20,0,0,0,0,21.400000000000002,3.4000000000000004,910,120.55
2019,9,8,21,0,0,0,0,20.8,3.3000000000000003,911,134.47
2019,9,8,22,0,0,0,0,20.400000000000002,3.4000000000000004,911,147.5
2019,9,8,23,0,0,0,0,20.1,3.8000000000000003,910,158.02
2019,9,9,0,0,0,0,0,19.8,4.3,909,161.17000000000002
2019,9,9,1,0,0,0,0,19.5,4.4,908,154.11
2019,9,9,2,0,0,0,0,19.3,4.4,908,142.19
2019,9,9,3,0,0,0,0,19.1,4.4,908,128.68
2019,9,9,4,0,0,0,0,19,4,908,114.58
2019,9,9,5,0,0,0,0,18.900000000000002,3.9000000000000004,908,100.19
2019,9,9,6,0,21,0,21,19.6,4.6000000000000005,909,85.51
2019,9,9,7,0,124,20,117,21.3,5.800000000000001,910,71.03
2019,9,9,8,0,308,110,247,23.200000000000003,6.2,910,56.44
2019,9,9,9,0,516,207,363,24.8,6.1000000000000005,910,41.87
2019,9,9,10,0,603,165,457,26,6,910,27.47
2019,9,9,11,0,772,286,494,26.8,5.9,909,13.870000000000001
2019,9,9,12,0,836,373,467,27.3,5.800000000000001,908,8.22
2019,9,9,13,0,794,383,433,27.6,5.5,907,19.51
2019,9,9,14,0,676,345,388,27.3,5.2,906,33.63
2019,9,9,15,0,564,487,239,26.8,4.800000000000001,906,48.13
2019,9,9,16,0,322,305,182,25.900000000000002,3.8000000000000003,906,62.730000000000004
2019,9,9,17,0,7,0,7,24.5,2.4000000000000004,907,77.31
2019,9,9,18,0,0,0,0,23.200000000000003,1.9000000000000001,908,91.95
2019,9,9,19,0,0,0,0,22.8,2.2,909,106.44
2019,9,9,20,0,0,0,0,22.200000000000003,2.3000000000000003,909,120.76
2019,9,9,21,0,0,0,0,21.700000000000003,2.5,910,134.7
2019,9,9,22,0,0,0,0,21.200000000000003,2.6,910,147.79
2019,9,9,23,0,0,0,0,20.700000000000003,2.7,909,158.38
2019,9,10,0,0,0,0,0,20.400000000000002,2.7,908,161.53
2019,9,10,1,0,0,0,0,20.3,2.8000000000000003,908,154.32
2019,9,10,2,0,0,0,0,20.1,2.7,907,142.3
2019,9,10,3,0,0,0,0,19.900000000000002,2.5,908,128.74
2019,9,10,4,0,0,0,0,19.8,2.4000000000000004,908,114.60000000000001
2019,9,10,5,0,0,0,0,19.700000000000003,2.2,908,100.2
2019,9,10,6,0,22,0,22,20.400000000000002,2.8000000000000003,909,85.51
2019,9,10,7,0,130,29,120,22.400000000000002,4,910,71.03
2019,9,10,8,0,447,442,202,24.8,4.800000000000001,910,56.43
2019,9,10,9,0,578,316,342,26.8,5,909,41.87
2019,9,10,10,0,465,58,413,28.3,4.800000000000001,909,27.51
2019,9,10,11,0,706,200,511,29.200000000000003,4.6000000000000005,908,14.01
2019,9,10,12,0,578,81,498,29.6,4.5,907,8.6
2019,9,10,13,0,112,0,112,30,4.4,906,19.740000000000002
2019,9,10,14,0,629,265,409,29.700000000000003,4.2,906,33.81
2019,9,10,15,0,479,259,307,29,4,906,48.300000000000004
2019,9,10,16,0,371,509,139,27.8,3.5,906,62.89
2019,9,10,17,0,150,383,67,25.900000000000002,2.3000000000000003,907,77.48
2019,9,10,18,0,0,0,0,24.5,2.1,908,92.13
2019,9,10,19,0,0,0,0,23.900000000000002,2.5,909,106.63
2019,9,10,20,0,0,0,0,23.200000000000003,2.7,910,120.96000000000001
2019,9,10,21,0,0,0,0,22.5,2.9000000000000004,910,134.93
2019,9,10,22,0,0,0,0,21.900000000000002,3.3000000000000003,910,148.07
2019,9,10,23,0,0,0,0,21.5,3.4000000000000004,909,158.75
2019,9,11,0,0,0,0,0,21.1,3.5,908,161.88
2019,9,11,1,0,0,0,0,20.8,3.4000000000000004,907,154.53
2019,9,11,2,0,0,0,0,20.6,3.2,907,142.4
2019,9,11,3,0,0,0,0,20.400000000000002,2,907,128.79
2019,9,11,4,0,0,0,0,20.200000000000003,1.5,908,114.63
2019,9,11,5,0,0,0,0,20.1,2.4000000000000004,909,100.21000000000001
2019,9,11,6,0,24,0,24,20.5,2.8000000000000003,909,85.51
2019,9,11,7,0,157,85,129,21.700000000000003,3.5,910,71.02
2019,9,11,8,0,321,129,249,23.900000000000002,4,911,56.43
2019,9,11,9,0,478,152,365,26,4.3,911,41.88
2019,9,11,10,0,611,174,457,27.400000000000002,4.4,910,27.55
2019,9,11,11,0,578,90,492,28.3,4.5,910,14.16
2019,9,11,12,0,667,146,523,28.900000000000002,4.5,909,8.99
2019,9,11,13,0,652,170,492,29.1,4.3,908,19.990000000000002
2019,9,11,14,0,396,43,360,28.6,3.9000000000000004,908,34
2019,9,11,15,0,360,85,304,27.8,3.4000000000000004,908,48.47
2019,9,11,16,0,291,221,191,26.8,2.9000000000000004,908,63.050000000000004
2019,9,11,17,0,118,193,77,25.1,2,908,77.64
2019,9,11,18,0,0,0,0,24,2,909,92.3
2019,9,11,19,0,0,0,0,23.400000000000002,2.2,910,106.81
2019,9,11,20,0,0,0,0,22.900000000000002,2.4000000000000004,910,121.16
2019,9,11,21,0,0,0,0,22.5,2.8000000000000003,911,135.17000000000002
2019,9,11,22,0,0,0,0,22.200000000000003,3.5,911,148.36
2019,9,11,23,0,0,0,0,21.5,3.4000000000000004,910,159.11
2019,9,12,0,0,0,0,0,21,3.3000000000000003,910,162.24
2019,9,12,1,0,0,0,0,20.6,3.8000000000000003,909,154.73
2019,9,12,2,0,0,0,0,20.3,4.1000000000000005,908,142.5
2019,9,12,3,0,0,0,0,20.1,3.7,908,128.85
2019,9,12,4,0,0,0,0,20,2.3000000000000003,909,114.65
2019,9,12,5,0,0,0,0,19.900000000000002,1.7000000000000002,910,100.22
2019,9,12,6,0,19,0,19,20.200000000000003,2.7,911,85.51
2019,9,12,7,0,133,34,122,21,3.3000000000000003,912,71.01
2019,9,12,8,0,377,242,243,22.900000000000002,4,913,56.42
2019,9,12,9,0,593,349,333,24.5,4.3,913,41.89
2019,9,12,10,0,709,312,432,25.700000000000003,4.2,912,27.59
2019,9,12,11,0,824,387,450,26.6,4.1000000000000005,911,14.32
2019,9,12,12,0,869,401,473,26.900000000000002,4,910,9.370000000000001
2019,9,12,13,0,793,388,429,26.700000000000003,3.9000000000000004,910,20.23
2019,9,12,14,0,732,476,338,26,3.7,909,34.2
2019,9,12,15,0,509,333,288,25.200000000000003,3.5,909,48.64
2019,9,12,16,0,248,120,193,24.1,2.8000000000000003,909,63.22
2019,9,12,17,0,42,0,42,22.900000000000002,2,909,77.81
2019,9,12,18,0,0,0,0,22.200000000000003,2,910,92.47
2019,9,12,19,0,0,0,0,21.900000000000002,2.2,911,106.99000000000001
2019,9,12,20,0,0,0,0,21.5,2.6,912,121.36
2019,9,12,21,0,0,0,0,21.1,2.6,912,135.4
2019,9,12,22,0,0,0,0,20.8,2.7,912,148.64000000000001
2019,9,12,23,0,0,0,0,20.5,2.7,912,159.48
2019,9,13,0,0,0,0,0,20.3,2.8000000000000003,911,162.6
2019,9,13,1,0,0,0,0,20.1,3,910,154.93
2019,9,13,2,0,0,0,0,19.900000000000002,2.7,909,142.6
2019,9,13,3,0,0,0,0,19.700000000000003,2.3000000000000003,910,128.9
2019,9,13,4,0,0,0,0,19.5,2.1,910,114.68
2019,9,13,5,0,0,0,0,19.3,2.1,911,100.22
2019,9,13,6,0,19,0,19,19.8,2.7,911,85.5
2019,9,13,7,0,125,21,118,21,3.6,912,71.01
2019,9,13,8,0,244,40,222,22.8,4.2,913,56.42
2019,9,13,9,0,647,495,278,24.8,4.4,913,41.9
2019,9,13,10,0,426,42,388,26.3,4.4,913,27.64
2019,9,13,11,0,863,415,461,27.200000000000003,4.2,912,14.5
2019,9,13,12,0,625,113,514,27.700000000000003,4.1000000000000005,911,9.76
2019,9,13,13,0,711,244,483,27.8,4,910,20.490000000000002
2019,9,13,14,0,758,525,325,27.6,3.7,909,34.39
2019,9,13,15,0,450,213,309,26.700000000000003,3.4000000000000004,909,48.82
2019,9,13,16,0,21,0,21,25.5,2.5,909,63.39
2019,9,13,17,0,8,0,8,23.8,1.5,909,77.98
2019,9,13,18,0,0,0,0,22.700000000000003,1.4000000000000001,910,92.64
2019,9,13,19,0,0,0,0,22.200000000000003,1.4000000000000001,911,107.18
2019,9,13,20,0,0,0,0,21.700000000000003,1.5,911,121.56
2019,9,13,21,0,0,0,0,21.1,1.6,912,135.63
2019,9,13,22,0,0,0,0,20.6,1.8,912,148.92000000000002
2019,9,13,23,0,0,0,0,20.200000000000003,2.2,911,159.85
2019,9,14,0,0,0,0,0,19.900000000000002,2.5,910,162.95000000000002
2019,9,14,1,0,0,0,0,19.6,2.5,910,155.12
2019,9,14,2,0,0,0,0,19.400000000000002,2.4000000000000004,909,142.70000000000002
2019,9,14,3,0,0,0,0,19.200000000000003,2.3000000000000003,909,128.94
2019,9,14,4,0,0,0,0,19.1,2.2,909,114.7
2019,9,14,5,0,0,0,0,19,2.1,910,100.23
2019,9,14,6,0,35,48,31,19.6,2.6,911,85.5
2019,9,14,7,0,229,368,109,21.400000000000002,3.5,912,71
2019,9,14,8,0,448,442,203,23.900000000000002,4.1000000000000005,912,56.42
2019,9,14,9,0,561,284,350,25.700000000000003,4.2,912,41.92
2019,9,14,10,0,706,308,433,27,4,912,27.7
2019,9,14,11,0,815,375,452,28,3.8000000000000003,911,14.67
2019,9,14,12,0,873,405,474,28.700000000000003,3.6,910,10.15
2019,9,14,13,0,932,807,177,29.1,3.4000000000000004,909,20.740000000000002
2019,9,14,14,0,789,716,200,28.900000000000002,3,908,34.6
2019,9,14,15,0,534,409,266,28.400000000000002,2.7,908,49
2019,9,14,16,0,159,12,154,27.1,2.2,909,63.56
2019,9,14,17,0,8,0,8,25.1,1.1,909,78.14
2019,9,14,18,0,0,0,0,23.700000000000003,1,910,92.82000000000001
2019,9,14,19,0,0,0,0,23,1.2000000000000002,910,107.36
2019,9,14,20,0,0,0,0,22.400000000000002,1.5,911,121.76
2019,9,14,21,0,0,0,0,22,2,912,135.86
2019,9,14,22,0,0,0,0,21.6,2.3000000000000003,911,149.21
2019,9,14,23,0,0,0,0,21.200000000000003,2.4000000000000004,911,160.21
2019,9,15,0,0,0,0,0,20.8,2.2,910,163.31
2019,9,15,1,0,0,0,0,20.5,2.1,910,155.31
2019,9,15,2,0,0,0,0,20.200000000000003,2,909,142.79
2019,9,15,3,0,0,0,0,19.900000000000002,1.9000000000000001,909,128.99
2019,9,15,4,0,0,0,0,19.700000000000003,1.8,910,114.72
2019,9,15,5,0,0,0,0,19.6,1.6,910,100.23
2019,9,15,6,0,17,0,17,20.1,2.4000000000000004,911,85.5
2019,9,15,7,0,19,0,19,21.400000000000002,3.2,912,71
2019,9,15,8,0,171,6,168,23.8,3.8000000000000003,912,56.42
2019,9,15,9,0,423,93,354,26.1,4.2,912,41.94
2019,9,15,10,0,468,60,415,27.700000000000003,4.1000000000000005,911,27.76
2019,9,15,11,0,723,224,507,28.6,3.8000000000000003,910,14.86
2019,9,15,12,0,417,27,390,28.900000000000002,3.5,909,10.540000000000001
2019,9,15,13,0,633,155,489,28.8,3.2,908,21.01
2019,9,15,14,0,778,672,226,28.400000000000002,2.9000000000000004,908,34.800000000000004
2019,9,15,15,0,587,586,203,27.700000000000003,2.6,908,49.18
2019,9,15,16,0,356,439,162,26.6,2,908,63.730000000000004
2019,9,15,17,0,125,188,87,24.8,1.3,909,78.31
2019,9,15,18,0,0,0,0,23.3,1.2000000000000002,910,92.99
2019,9,15,19,0,0,0,0,22.700000000000003,1.4000000000000001,910,107.55
2019,9,15,20,0,0,0,0,22.1,1.7000000000000002,911,121.96000000000001
2019,9,15,21,0,0,0,0,21.6,1.8,911,136.09
2019,9,15,22,0,0,0,0,21.200000000000003,2,911,149.49
2019,9,15,23,0,0,0,0,20.900000000000002,2.5,911,160.58
2019,9,16,0,0,0,0,0,20.700000000000003,2.9000000000000004,910,163.66
2019,9,16,1,0,0,0,0,20.5,3,909,155.5
2019,9,16,2,0,0,0,0,20.3,3.1,909,142.88
2019,9,16,3,0,0,0,0,20,3,909,129.03
2019,9,16,4,0,0,0,0,19.700000000000003,2.8000000000000003,909,114.73
2019,9,16,5,0,0,0,0,19.6,2.8000000000000003,909,100.24000000000001
2019,9,16,6,0,4,0,4,20,3.3000000000000003,910,85.5
2019,9,16,7,0,15,0,15,21.3,4.3,910,71
2019,9,16,8,0,45,0,45,23.400000000000002,5.5,911,56.43
2019,9,16,9,0,179,7,174,25.200000000000003,6,910,41.96
2019,9,16,10,0,327,20,309,26.700000000000003,5.9,909,27.82
2019,9,16,11,0,263,15,249,27.700000000000003,5.6000000000000005,908,15.06
2019,9,16,12,0,607,101,508,28.400000000000002,5.300000000000001,907,10.93
2019,9,16,13,0,406,30,378,29.200000000000003,5.1000000000000005,907,21.27
2019,9,16,14,0,568,188,414,29,4.7,906,35.01
2019,9,16,15,0,311,50,278,27.700000000000003,4.1000000000000005,906,49.370000000000005
2019,9,16,16,0,374,591,115,26,2.9000000000000004,907,63.910000000000004
2019,9,16,17,0,116,240,69,24.1,1.7000000000000002,907,78.49
2019,9,16,18,0,0,0,0,22.900000000000002,1.5,908,93.17
2019,9,16,19,0,0,0,0,22.200000000000003,1.7000000000000002,908,107.73
2019,9,16,20,0,0,0,0,21.6,2.1,909,122.16
2019,9,16,21,0,0,0,0,21.1,2.3000000000000003,909,136.31
2019,9,16,22,0,0,0,0,20.6,2.5,909,149.77
2019,9,16,23,0,0,0,0,20.3,2.6,908,160.95000000000002
2019,9,17,0,0,0,0,0,20.1,2.8000000000000003,907,164.02
2019,9,17,1,0,0,0,0,19.900000000000002,3.1,907,155.68
2019,9,17,2,0,0,0,0,19.8,3,906,142.97
2019,9,17,3,0,0,0,0,19.700000000000003,2.6,906,129.08
2019,9,17,4,0,0,0,0,19.6,2.4000000000000004,907,114.75
2019,9,17,5,0,0,0,0,19.6,2.3000000000000003,908,100.24000000000001
2019,9,17,6,0,15,0,15,19.900000000000002,2.6,908,85.5
2019,9,17,7,0,28,0,28,20.700000000000003,3.2,909,71
2019,9,17,8,0,254,47,228,21.900000000000002,3.9000000000000004,910,56.43
2019,9,17,9,0,252,15,241,23.200000000000003,4.2,910,41.980000000000004
2019,9,17,10,0,444,49,401,24.900000000000002,4.2,909,27.89
2019,9,17,11,0,631,129,506,25.900000000000002,4,908,15.26
2019,9,17,12,0,661,144,520,26.400000000000002,3.9000000000000004,907,11.32
2019,9,17,13,0,549,88,467,26.6,3.7,906,21.55
2019,9,17,14,0,497,111,406,26.5,3.6,906,35.22
2019,9,17,15,0,473,273,296,25.700000000000003,3.3000000000000003,906,49.550000000000004
2019,9,17,16,0,176,28,164,24.3,2.8000000000000003,906,64.08
2019,9,17,17,0,125,324,62,22.700000000000003,1.9000000000000001,907,78.66
2019,9,17,18,0,0,0,0,21.6,1.5,907,93.34
2019,9,17,19,0,0,0,0,21.3,1.4000000000000001,908,107.91
2019,9,17,20,0,0,0,0,21.1,1.2000000000000002,909,122.36
2019,9,17,21,0,0,0,0,21,0.9,909,136.54
2019,9,17,22,0,0,0,0,20.8,0.9,909,150.04
2019,9,17,23,0,0,0,0,20.6,1.1,908,161.31
2019,9,18,0,0,0,0,0,20.400000000000002,1.6,907,164.37
2019,9,18,1,0,0,0,0,20.1,2,906,155.85
2019,9,18,2,0,0,0,0,20,2.2,906,143.06
2019,9,18,3,0,0,0,0,19.8,2,906,129.11
2019,9,18,4,0,0,0,0,19.6,2,907,114.77
2019,9,18,5,0,0,0,0,19.400000000000002,2,907,100.25
2019,9,18,6,0,11,0,11,19.700000000000003,2.8000000000000003,908,85.5
2019,9,18,7,0,49,0,49,20.5,3.3000000000000003,909,70.99
2019,9,18,8,0,48,0,48,22,3.8000000000000003,909,56.44
2019,9,18,9,0,354,45,320,23.6,4,909,42.01
2019,9,18,10,0,526,95,442,25,3.8000000000000003,909,27.97
2019,9,18,11,0,595,102,497,26.1,3.5,908,15.47
2019,9,18,12,0,645,131,517,26.8,3.3000000000000003,907,11.72
2019,9,18,13,0,666,194,486,27,3.2,906,21.82
2019,9,18,14,0,692,431,341,26.6,3.1,906,35.43
2019,9,18,15,0,483,300,289,25.5,2.9000000000000004,906,49.74
2019,9,18,16,0,317,354,163,24.1,2.5,906,64.26
2019,9,18,17,0,29,0,29,22.700000000000003,1.7000000000000002,907,78.83
2019,9,18,18,0,0,0,0,21.900000000000002,1.5,907,93.52
2019,9,18,19,0,0,0,0,21.700000000000003,1.7000000000000002,908,108.10000000000001
2019,9,18,20,0,0,0,0,21.6,2.1,908,122.56
2019,9,18,21,0,0,0,0,21.5,2.5,909,136.77
2019,9,18,22,0,0,0,0,21.400000000000002,3,909,150.32
2019,9,18,23,0,0,0,0,21.1,3.4000000000000004,908,161.68
2019,9,19,0,0,0,0,0,20.8,3.2,908,164.72
2019,9,19,1,0,0,0,0,20.400000000000002,2.8000000000000003,907,156.03
2019,9,19,2,0,0,0,0,20.200000000000003,2.5,907,143.14000000000001
2019,9,19,3,0,0,0,0,19.900000000000002,2.3000000000000003,907,129.15
2019,9,19,4,0,0,0,0,19.700000000000003,2.3000000000000003,907,114.78
2019,9,19,5,0,0,0,0,19.6,2.3000000000000003,908,100.25
2019,9,19,6,0,4,0,4,19.900000000000002,2.6,908,85.49
2019,9,19,7,0,12,0,12,20.6,3,909,71
2019,9,19,8,0,136,0,136,21.400000000000002,3.5,910,56.45
2019,9,19,9,0,407,80,348,22.200000000000003,3.8000000000000003,910,42.04
2019,9,19,10,0,707,312,432,22.6,3.7,910,28.05
2019,9,19,11,0,774,296,489,22.900000000000002,3.4000000000000004,909,15.69
2019,9,19,12,0,806,331,482,23.6,3.1,908,12.11
2019,9,19,13,0,824,431,425,24.5,2.9000000000000004,907,22.1
2019,9,19,14,0,630,292,393,24.900000000000002,2.6,907,35.65
2019,9,19,15,0,425,188,304,24.900000000000002,2.3000000000000003,907,49.93
2019,9,19,16,0,280,235,179,24.3,1.6,907,64.44
2019,9,19,17,0,119,303,61,22.900000000000002,0.9,908,79
2019,9,19,18,0,0,0,0,22,0.8,909,93.69
2019,9,19,19,0,0,0,0,21.700000000000003,0.8,909,108.28
2019,9,19,20,0,0,0,0,21.3,1.1,910,122.76
2019,9,19,21,0,0,0,0,20.900000000000002,1.6,910,136.99
2019,9,19,22,0,0,0,0,20.6,2.3000000000000003,910,150.59
2019,9,19,23,0,0,0,0,20.200000000000003,2.7,910,162.04
2019,9,20,0,0,0,0,0,19.8,2.8000000000000003,909,165.07
2019,9,20,1,0,0,0,0,19.400000000000002,2.8000000000000003,908,156.20000000000002
2019,9,20,2,0,0,0,0,19,2.5,908,143.21
2019,9,20,3,0,0,0,0,18.8,2.2,908,129.19
2019,9,20,4,0,0,0,0,18.6,2,908,114.8
2019,9,20,5,0,0,0,0,18.400000000000002,1.8,909,100.25
2019,9,20,6,0,30,40,26,18.8,2.4000000000000004,910,85.49
2019,9,20,7,0,179,149,131,19.900000000000002,2.8000000000000003,910,71
2019,9,20,8,0,405,312,233,21.900000000000002,3.3000000000000003,911,56.46
2019,9,20,9,0,596,354,332,24.3,3.4000000000000004,910,42.08
2019,9,20,10,0,716,321,433,26.1,3,910,28.14
2019,9,20,11,0,791,329,474,27.400000000000002,2.7,909,15.92
2019,9,20,12,0,812,348,472,27.6,2.3000000000000003,908,12.51
2019,9,20,13,0,698,238,478,27.200000000000003,1.8,907,22.38
2019,9,20,14,0,599,243,402,26.8,1.5,907,35.87
2019,9,20,15,0,340,78,290,26.6,1.2000000000000002,907,50.120000000000005
2019,9,20,16,0,191,47,171,26.3,0.9,907,64.62
2019,9,20,17,0,102,191,67,25.1,0.5,907,79.17
2019,9,20,18,0,0,0,0,24.1,0.5,908,93.87
2019,9,20,19,0,0,0,0,23.200000000000003,0.5,909,108.46000000000001
2019,9,20,20,0,0,0,0,22.400000000000002,0.7000000000000001,910,122.95
2019,9,20,21,0,0,0,0,21.700000000000003,0.9,910,137.21
2019,9,20,22,0,0,0,0,21.1,1.2000000000000002,910,150.86
2019,9,20,23,0,0,0,0,20.700000000000003,1.6,910,162.41
2019,9,21,0,0,0,0,0,20.200000000000003,2,909,165.42000000000002
2019,9,21,1,0,0,0,0,20,2.1,908,156.36
2019,9,21,2,0,0,0,0,19.8,1.9000000000000001,908,143.29
2019,9,21,3,0,0,0,0,19.3,1.2000000000000002,908,129.22
2019,9,21,4,0,0,0,0,18.900000000000002,1,908,114.81
2019,9,21,5,0,0,0,0,18.7,1,908,100.26
2019,9,21,6,0,41,173,28,20,2.1,909,85.49
2019,9,21,7,0,267,591,74,21.8,2.4000000000000004,910,71
2019,9,21,8,0,515,760,95,24.3,2.3000000000000003,910,56.480000000000004
2019,9,21,9,0,733,842,108,26.400000000000002,2,910,42.11
2019,9,21,10,0,473,63,418,28,1.9000000000000001,909,28.23
2019,9,21,11,0,986,888,133,29.1,2,908,16.15
2019,9,21,12,0,550,70,482,29.900000000000002,2,907,12.9
2019,9,21,13,0,717,266,472,30.3,2,906,22.67
2019,9,21,14,0,688,435,337,30.3,1.7000000000000002,906,36.09
2019,9,21,15,0,608,783,108,29.700000000000003,1.2000000000000002,906,50.32
2019,9,21,16,0,369,656,90,29,0.6000000000000001,906,64.8
2019,9,21,17,0,125,383,54,27.3,0.5,907,79.35000000000001
2019,9,21,18,0,0,0,0,25.200000000000003,0.6000000000000001,908,94.04
2019,9,21,19,0,0,0,0,24.200000000000003,0.7000000000000001,908,108.64
2019,9,21,20,0,0,0,0,23.5,0.7000000000000001,909,123.14
2019,9,21,21,0,0,0,0,22.8,0.7000000000000001,910,137.43
2019,9,21,22,0,0,0,0,22.3,0.8,909,151.13
2019,9,21,23,0,0,0,0,21.900000000000002,0.9,909,162.77
2019,9,22,0,0,0,0,0,21.6,1.1,908,165.76
2019,9,22,1,0,0,0,0,21.3,1.3,907,156.52
2019,9,22,2,0,0,0,0,21.1,1.5,907,143.36
2019,9,22,3,0,0,0,0,21,1.6,907,129.25
2019,9,22,4,0,0,0,0,20.900000000000002,1.8,907,114.82000000000001
2019,9,22,5,0,0,0,0,20.700000000000003,1.8,908,100.26
2019,9,22,6,0,4,0,4,20.900000000000002,2,909,85.5
2019,9,22,7,0,13,0,13,21.400000000000002,2.3000000000000003,910,71
2019,9,22,8,0,24,0,24,22.1,2.5,910,56.49
2019,9,22,9,0,349,43,317,22.8,2.4000000000000004,911,42.15
2019,9,22,10,0,130,2,129,23.3,2.2,910,28.32
2019,9,22,11,0,345,20,326,23.700000000000003,2,910,16.39
2019,9,22,12,0,720,210,516,23.900000000000002,1.8,909,13.3
2019,9,22,13,0,603,134,479,24,1.9000000000000001,908,22.96
2019,9,22,14,0,378,40,345,23.900000000000002,1.8,908,36.32
2019,9,22,15,0,185,7,181,23.6,1.6,908,50.51
2019,9,22,16,0,299,322,163,23.1,1.1,908,64.98
2019,9,22,17,0,96,171,65,22.3,0.6000000000000001,908,79.52
2019,9,22,18,0,0,0,0,21.700000000000003,0.5,909,94.22
2019,9,22,19,0,0,0,0,21.6,0.4,910,108.82000000000001
2019,9,22,20,0,0,0,0,21.400000000000002,0.4,910,123.33
2019,9,22,21,0,0,0,0,21.1,0.5,910,137.64000000000001
2019,9,22,22,0,0,0,0,20.8,0.6000000000000001,910,151.39000000000001
2019,9,22,23,0,0,0,0,20.400000000000002,0.7000000000000001,909,163.13
2019,9,23,0,0,0,0,0,20.1,0.9,909,166.1
2019,9,23,1,0,0,0,0,19.900000000000002,1.1,908,156.67000000000002
2019,9,23,2,0,0,0,0,19.8,1.1,908,143.43
2019,9,23,3,0,0,0,0,19.700000000000003,1.2000000000000002,908,129.28
2019,9,23,4,0,0,0,0,19.6,1.2000000000000002,908,114.84
2019,9,23,5,0,0,0,0,19.400000000000002,1.1,909,100.26
2019,9,23,6,0,4,0,4,20.400000000000002,1.9000000000000001,910,85.5
2019,9,23,7,0,11,0,11,21.900000000000002,2.4000000000000004,910,71.01
2019,9,23,8,0,433,396,215,23.700000000000003,2.3000000000000003,911,56.51
2019,9,23,9,0,267,17,254,25.200000000000003,2.1,911,42.2
2019,9,23,10,0,342,22,323,26.1,2,910,28.43
2019,9,23,11,0,181,9,172,26.6,2,909,16.64
2019,9,23,12,0,669,157,517,26.700000000000003,2.1,908,13.700000000000001
2019,9,23,13,0,818,434,419,26.6,2.3000000000000003,907,23.25
2019,9,23,14,0,407,54,364,26.200000000000003,2.3000000000000003,907,36.54
2019,9,23,15,0,38,0,38,25.5,2.2,907,50.71
2019,9,23,16,0,18,0,18,24.6,1.7000000000000002,907,65.16
2019,9,23,17,0,7,0,7,23.3,1.3,908,79.69
2019,9,23,18,0,0,0,0,22.5,1.3,908,94.39
2019,9,23,19,0,0,0,0,22.1,1.5,909,109
2019,9,23,20,0,0,0,0,21.6,1.5,909,123.52
2019,9,23,21,0,0,0,0,21.200000000000003,1.3,909,137.86
2019,9,23,22,0,0,0,0,20.8,1.2000000000000002,909,151.65
2019,9,23,23,0,0,0,0,20.6,1.6,909,163.49
2019,9,24,0,0,0,0,0,20.5,2.4000000000000004,908,166.44
2019,9,24,1,0,0,0,0,20.400000000000002,2.1,907,156.82
2019,9,24,2,0,0,0,0,20,1.2000000000000002,906,143.49
2019,9,24,3,0,0,0,0,19.8,0.8,907,129.31
2019,9,24,4,0,0,0,0,19.700000000000003,0.7000000000000001,907,114.85000000000001
2019,9,24,5,0,0,0,0,19.6,0.6000000000000001,908,100.27
2019,9,24,6,0,21,0,21,20.200000000000003,0.6000000000000001,909,85.5
2019,9,24,7,0,140,45,125,21.1,1.7000000000000002,910,71.02
2019,9,24,8,0,295,90,245,21.5,2.5,910,56.53
2019,9,24,9,0,289,22,272,22.200000000000003,3.1,910,42.25
2019,9,24,10,0,652,230,450,22.900000000000002,3.3000000000000003,910,28.54
2019,9,24,11,0,722,229,502,23.400000000000002,3.2,909,16.89
2019,9,24,12,0,754,255,506,23.700000000000003,3,908,14.09
2019,9,24,13,0,761,356,435,23.8,2.9000000000000004,907,23.55
2019,9,24,14,0,724,507,317,23.6,2.8000000000000003,906,36.77
2019,9,24,15,0,511,404,256,23.3,2.5,906,50.9
2019,9,24,16,0,288,299,164,22.6,2,907,65.34
2019,9,24,17,0,67,27,62,21.900000000000002,1.3,907,79.87
2019,9,24,18,0,0,0,0,21.400000000000002,1,908,94.56
2019,9,24,19,0,0,0,0,21.200000000000003,0.9,908,109.17
2019,9,24,20,0,0,0,0,21,0.8,909,123.71000000000001
2019,9,24,21,0,0,0,0,20.8,0.8,909,138.07
2019,9,24,22,0,0,0,0,20.6,0.8,909,151.91
2019,9,24,23,0,0,0,0,20.400000000000002,0.8,908,163.85
2019,9,25,0,0,0,0,0,20.200000000000003,0.7000000000000001,908,166.78
2019,9,25,1,0,0,0,0,20.1,0.6000000000000001,907,156.97
2019,9,25,2,0,0,0,0,20.1,0.5,907,143.56
2019,9,25,3,0,0,0,0,20.200000000000003,0.2,907,129.34
2019,9,25,4,0,0,0,0,20,0.2,907,114.86
2019,9,25,5,0,0,0,0,19.8,0.30000000000000004,908,100.27
2019,9,25,6,0,4,0,4,20.5,0.8,909,85.5
2019,9,25,7,0,19,0,19,21.700000000000003,1.2000000000000002,909,71.03
2019,9,25,8,0,273,65,237,23.1,1.8,910,56.550000000000004
2019,9,25,9,0,478,154,365,24,2.5,909,42.300000000000004
2019,9,25,10,0,619,189,454,24.3,3.2,909,28.650000000000002
2019,9,25,11,0,795,350,460,24.3,3.8000000000000003,908,17.150000000000002
2019,9,25,12,0,748,249,507,24.200000000000003,4,907,14.49
2019,9,25,13,0,707,261,468,24.3,4.1000000000000005,907,23.84
2019,9,25,14,0,642,335,374,24.200000000000003,4,907,37.01
2019,9,25,15,0,429,216,293,23.900000000000002,3.7,907,51.1
2019,9,25,16,0,100,0,100,23.400000000000002,3,908,65.52
2019,9,25,17,0,90,161,62,22.5,2.4000000000000004,908,80.04
2019,9,25,18,0,0,0,0,21.900000000000002,2.4000000000000004,909,94.73
2019,9,25,19,0,0,0,0,21.6,2.7,910,109.35000000000001
2019,9,25,20,0,0,0,0,21.3,3.6,911,123.9
2019,9,25,21,0,0,0,0,21,4.1000000000000005,911,138.27
2019,9,25,22,0,0,0,0,20.8,4.4,911,152.17000000000002
2019,9,25,23,0,0,0,0,20.6,4.7,911,164.21
2019,9,26,0,0,0,0,0,20.6,4.9,910,167.12
2019,9,26,1,0,0,0,0,20.6,4.800000000000001,910,157.1
2019,9,26,2,0,0,0,0,20.6,4.6000000000000005,910,143.62
2019,9,26,3,0,0,0,0,20.3,3.9000000000000004,910,129.37
2019,9,26,4,0,0,0,0,20.1,3.2,910,114.87
2019,9,26,5,0,0,0,0,19.900000000000002,2.6,911,100.28
2019,9,26,6,0,4,0,4,20.1,2.8000000000000003,912,85.51
2019,9,26,7,0,11,0,11,20.900000000000002,3.5,913,71.04
2019,9,26,8,0,305,104,247,22.3,4,913,56.58
2019,9,26,9,0,550,266,353,23.700000000000003,4.6000000000000005,913,42.36
2019,9,26,10,0,719,341,420,24.8,5.1000000000000005,913,28.77
2019,9,26,11,0,817,392,442,25.400000000000002,5.4,912,17.41
2019,9,26,12,0,839,400,452,25.6,5.4,911,14.89
2019,9,26,13,0,751,338,443,25.6,5.2,911,24.14
2019,9,26,14,0,625,308,380,25.400000000000002,4.9,911,37.24
2019,9,26,15,0,377,133,294,24.900000000000002,4.4,911,51.300000000000004
2019,9,26,16,0,185,50,165,24,3.6,911,65.7
2019,9,26,17,0,112,359,51,22.3,2.1,912,80.21000000000001
2019,9,26,18,0,0,0,0,20.900000000000002,1.5,912,94.91
2019,9,26,19,0,0,0,0,20.5,1.4000000000000001,913,109.52
2019,9,26,20,0,0,0,0,20,1.2000000000000002,913,124.08
2019,9,26,21,0,0,0,0,19.6,1.1,914,138.48
2019,9,26,22,0,0,0,0,19.3,1,914,152.42000000000002
2019,9,26,23,0,0,0,0,19,0.9,914,164.56
2019,9,27,0,0,0,0,0,18.8,0.8,913,167.45000000000002
2019,9,27,1,0,0,0,0,18.7,0.7000000000000001,913,157.24
2019,9,27,2,0,0,0,0,18.7,0.7000000000000001,912,143.67000000000002
2019,9,27,3,0,0,0,0,18.5,0.6000000000000001,913,129.39000000000001
2019,9,27,4,0,0,0,0,18.3,0.5,913,114.88
2019,9,27,5,0,0,0,0,18.2,0.5,914,100.28
2019,9,27,6,0,40,171,26,18.900000000000002,0.5,915,85.51
2019,9,27,7,0,20,0,20,20.8,0.5,915,71.05
2019,9,27,8,0,244,39,222,23.3,1.3,916,56.61
2019,9,27,9,0,432,103,356,24.8,1.7000000000000002,916,42.42
2019,9,27,10,0,661,246,445,26.1,1.9000000000000001,915,28.89
2019,9,27,11,0,774,308,481,27,2,914,17.68
2019,9,27,12,0,610,111,503,27.5,2.1,913,15.280000000000001
2019,9,27,13,0,498,66,439,27.700000000000003,2.2,912,24.44
2019,9,27,14,0,735,551,298,27.5,2.2,911,37.47
2019,9,27,15,0,476,331,270,26.900000000000002,2.2,911,51.5
2019,9,27,16,0,346,603,100,25.8,1.9000000000000001,911,65.88
2019,9,27,17,0,109,336,52,23.900000000000002,1.4000000000000001,912,80.38
2019,9,27,18,0,0,0,0,22.5,1.4000000000000001,912,95.08
2019,9,27,19,0,0,0,0,21.900000000000002,1.8,913,109.69
2019,9,27,20,0,0,0,0,21.3,1.9000000000000001,914,124.26
2019,9,27,21,0,0,0,0,20.6,1.7000000000000002,914,138.68
2019,9,27,22,0,0,0,0,20,1.5,914,152.66
2019,9,27,23,0,0,0,0,19.5,1.4000000000000001,914,164.91
2019,9,28,0,0,0,0,0,19.1,1.3,913,167.78
2019,9,28,1,0,0,0,0,18.900000000000002,1.3,913,157.37
2019,9,28,2,0,0,0,0,18.8,1.3,912,143.73
2019,9,28,3,0,0,0,0,18.7,1.2000000000000002,912,129.41
2019,9,28,4,0,0,0,0,18.5,1.2000000000000002,912,114.89
2019,9,28,5,0,0,0,0,18.400000000000002,1,913,100.28
2019,9,28,6,0,4,0,4,19.3,1.6,914,85.52
2019,9,28,7,0,20,0,20,21,2.2,914,71.06
2019,9,28,8,0,383,257,242,23,2.5,914,56.64
2019,9,28,9,0,561,288,348,25,2.4000000000000004,914,42.480000000000004
2019,9,28,10,0,701,312,429,26.5,2.4000000000000004,913,29.02
2019,9,28,11,0,800,369,449,27.400000000000002,2.6,912,17.96
2019,9,28,12,0,862,419,459,28,2.6,911,15.68
2019,9,28,13,0,809,440,409,28.1,2.7,910,24.75
2019,9,28,14,0,647,358,364,27.700000000000003,2.7,910,37.71
2019,9,28,15,0,580,727,129,27,2.7,910,51.7
2019,9,28,16,0,341,585,104,25.8,2.3000000000000003,910,66.07000000000001
2019,9,28,17,0,104,283,57,23.8,1.5,911,80.55
2019,9,28,18,0,0,0,0,22.400000000000002,1.4000000000000001,912,95.24
2019,9,28,19,0,0,0,0,21.700000000000003,1.6,912,109.86
2019,9,28,20,0,0,0,0,21.200000000000003,1.6,913,124.44
2019,9,28,21,0,0,0,0,20.700000000000003,1.6,913,138.88
2019,9,28,22,0,0,0,0,20.3,1.5,914,152.91
2019,9,28,23,0,0,0,0,19.900000000000002,1.5,913,165.25
2019,9,29,0,0,0,0,0,19.5,1.4000000000000001,913,168.1
2019,9,29,1,0,0,0,0,19.200000000000003,1.4000000000000001,912,157.49
2019,9,29,2,0,0,0,0,19.1,1.2000000000000002,912,143.78
2019,9,29,3,0,0,0,0,19,1.1,912,129.43
2019,9,29,4,0,0,0,0,19,1,912,114.89
2019,9,29,5,0,0,0,0,18.8,1,912,100.29
2019,9,29,6,0,28,25,26,19.900000000000002,1.9000000000000001,913,85.52
2019,9,29,7,0,217,306,118,21.6,2.9000000000000004,914,71.08
2019,9,29,8,0,424,370,220,23.5,3.5,914,56.67
2019,9,29,9,0,717,792,134,24.8,3.9000000000000004,914,42.550000000000004
2019,9,29,10,0,879,846,140,25.700000000000003,4.1000000000000005,914,29.16
2019,9,29,11,0,797,366,450,26.400000000000002,3.8000000000000003,913,18.240000000000002
2019,9,29,12,0,851,415,453,26.8,3.5,912,16.080000000000002
2019,9,29,13,0,827,461,409,27,3.2,911,25.05
2019,9,29,14,0,677,452,321,26.900000000000002,3,911,37.95
2019,9,29,15,0,511,452,232,26.400000000000002,2.7,911,51.910000000000004
2019,9,29,16,0,300,391,142,25.400000000000002,2.2,911,66.25
2019,9,29,17,0,104,348,48,23.3,1.2000000000000002,912,80.73
2019,9,29,18,0,0,0,0,21.700000000000003,1.2000000000000002,912,95.41
2019,9,29,19,0,0,0,0,21.1,1.4000000000000001,913,110.03
2019,9,29,20,0,0,0,0,20.700000000000003,1.5,914,124.62
2019,9,29,21,0,0,0,0,20.3,1.7000000000000002,914,139.07
2019,9,29,22,0,0,0,0,19.900000000000002,1.6,914,153.14000000000001
2019,9,29,23,0,0,0,0,19.5,1.4000000000000001,913,165.6
2019,9,30,0,0,0,0,0,19.200000000000003,1.4000000000000001,913,168.42000000000002
2019,9,30,1,0,0,0,0,18.8,1.4000000000000001,912,157.61
2019,9,30,2,0,0,0,0,18.3,1.3,911,143.82
2019,9,30,3,0,0,0,0,18.1,1.2000000000000002,911,129.45
2019,9,30,4,0,0,0,0,18,1.1,912,114.9
2019,9,30,5,0,0,0,0,17.900000000000002,1.1,912,100.29
2019,9,30,6,0,23,0,23,18.900000000000002,2,913,85.53
2019,9,30,7,0,214,293,119,20.8,2.9000000000000004,914,71.10000000000001
2019,9,30,8,0,387,268,240,22.8,3.7,914,56.71
2019,9,30,9,0,636,483,281,24.400000000000002,3.8000000000000003,914,42.62
2019,9,30,10,0,812,508,369,25.200000000000003,3.8000000000000003,914,29.3
2019,9,30,11,0,889,467,446,25.5,3.8000000000000003,913,18.52
2019,9,30,12,0,904,467,456,25.700000000000003,3.7,912,16.47
2019,9,30,13,0,865,535,382,25.6,3.4000000000000004,911,25.36
2019,9,30,14,0,723,542,297,25.200000000000003,3.2,910,38.18
2019,9,30,15,0,579,749,118,24.5,2.9000000000000004,910,52.11
2019,9,30,16,0,341,618,94,23.400000000000002,2.3000000000000003,911,66.43
2019,9,30,17,0,103,333,50,21.900000000000002,1.5,911,80.89
2019,9,30,18,0,0,0,0,20.700000000000003,1.2000000000000002,912,95.58
2019,9,30,19,0,0,0,0,20.3,1.2000000000000002,913,110.2
2019,9,30,20,0,0,0,0,19.900000000000002,1.1,914,124.79
2019,9,30,21,0,0,0,0,19.6,1,914,139.26
2019,9,30,22,0,0,0,0,19.3,1,914,153.38
2019,9,30,23,0,0,0,0,19.1,1,913,165.94
2019,10,1,0,0,0,0,0,18.8,1.1,912,168.73
2019,10,1,1,0,0,0,0,18.400000000000002,1.2000000000000002,911,157.72
2019,10,1,2,0,0,0,0,18,1.2000000000000002,911,143.87
2019,10,1,3,0,0,0,0,17.6,1.1,911,129.47
2019,10,1,4,0,0,0,0,17.400000000000002,1,911,114.91
2019,10,1,5,0,0,0,0,17.5,0.9,912,100.3
2019,10,1,6,0,40,132,29,18.900000000000002,1.7000000000000002,913,85.54
2019,10,1,7,0,19,0,19,20.8,2.2,913,71.12
2019,10,1,8,0,43,0,43,22.8,2.4000000000000004,914,56.75
2019,10,1,9,0,431,103,355,24.700000000000003,2.2,914,42.69
2019,10,1,10,0,283,16,269,26.200000000000003,1.9000000000000001,913,29.44
2019,10,1,11,0,496,53,445,27.1,1.6,912,18.81
2019,10,1,12,0,794,339,470,27.6,1.4000000000000001,911,16.87
2019,10,1,13,0,281,16,267,27.8,1.2000000000000002,910,25.67
2019,10,1,14,0,751,625,261,27.8,0.9,910,38.42
2019,10,1,15,0,409,203,285,27.3,0.8,909,52.31
2019,10,1,16,0,344,649,86,26.700000000000003,0.6000000000000001,910,66.61
2019,10,1,17,0,7,0,7,25.6,0.5,910,81.06
2019,10,1,18,0,0,0,0,24.5,0.5,911,95.74000000000001
2019,10,1,19,0,0,0,0,23.8,0.7000000000000001,912,110.36
2019,10,1,20,0,0,0,0,22.8,0.8,913,124.96000000000001
2019,10,1,21,0,0,0,0,22.1,0.7000000000000001,913,139.45000000000002
2019,10,1,22,0,0,0,0,21.400000000000002,0.7000000000000001,913,153.6
2019,10,1,23,0,0,0,0,20.8,0.7000000000000001,912,166.27
2019,10,2,0,0,0,0,0,20.3,0.7000000000000001,912,169.04
2019,10,2,1,0,0,0,0,19.700000000000003,0.7000000000000001,911,157.83
2019,10,2,2,0,0,0,0,19.3,0.7000000000000001,911,143.91
2019,10,2,3,0,0,0,0,19.200000000000003,0.7000000000000001,911,129.49
2019,10,2,4,0,0,0,0,19.3,0.6000000000000001,911,114.92
2019,10,2,5,0,0,0,0,19.6,0.2,912,100.31
2019,10,2,6,0,29,31,26,20.200000000000003,0.5,913,85.55
2019,10,2,7,0,178,148,131,22.200000000000003,0.8,914,71.14
2019,10,2,8,0,427,385,216,24.8,0.9,914,56.79
2019,10,2,9,0,599,364,331,26.400000000000002,1.3,914,42.77
2019,10,2,10,0,887,868,132,27.400000000000002,1.4000000000000001,913,29.59
2019,10,2,11,0,987,931,108,27.900000000000002,1.4000000000000001,912,19.1
2019,10,2,12,0,997,928,112,28.1,1.4000000000000001,911,17.26
2019,10,2,13,0,928,911,110,28.1,1.5,910,25.97
2019,10,2,14,0,785,861,112,27.6,1.5,909,38.660000000000004
2019,10,2,15,0,583,789,103,26.8,1.4000000000000001,909,52.51
2019,10,2,16,0,343,657,84,25.8,1.5,910,66.79
2019,10,2,17,0,100,343,48,24.1,1.2000000000000002,910,81.23
2019,10,2,18,0,0,0,0,23,1.2000000000000002,911,95.91
2019,10,2,19,0,0,0,0,22.400000000000002,1.4000000000000001,912,110.53
2019,10,2,20,0,0,0,0,21.900000000000002,1.5,913,125.13000000000001
2019,10,2,21,0,0,0,0,21.5,1.3,913,139.63
2019,10,2,22,0,0,0,0,21.1,1.2000000000000002,913,153.83
2019,10,2,23,0,0,0,0,20.8,1.1,912,166.6
2019,10,3,0,0,0,0,0,20.400000000000002,1,911,169.35
2019,10,3,1,0,0,0,0,20.1,0.9,911,157.93
2019,10,3,2,0,0,0,0,19.8,0.9,910,143.95000000000002
2019,10,3,3,0,0,0,0,19.400000000000002,1,910,129.51
2019,10,3,4,0,0,0,0,19.3,1,910,114.93
2019,10,3,5,0,0,0,0,19.3,1,911,100.31
2019,10,3,6,0,41,150,29,20.3,1.7000000000000002,912,85.56
2019,10,3,7,0,264,564,82,21.8,2.4000000000000004,912,71.16
2019,10,3,8,0,511,746,103,23.5,2.5,913,56.84
2019,10,3,9,0,729,838,115,25.3,2.1,913,42.85
2019,10,3,10,0,891,885,123,26.6,1.9000000000000001,913,29.740000000000002
2019,10,3,11,0,568,92,481,27.5,1.8,912,19.400000000000002
2019,10,3,12,0,340,19,321,27.8,1.5,911,17.650000000000002
2019,10,3,13,0,748,364,422,27.900000000000002,1.1,910,26.28
2019,10,3,14,0,572,240,385,27.700000000000003,0.5,910,38.9
2019,10,3,15,0,565,701,141,27.1,0.1,909,52.72
2019,10,3,16,0,282,358,143,26.3,0.6000000000000001,910,66.98
2019,10,3,17,0,6,0,6,24.700000000000003,0.8,910,81.4
2019,10,3,18,0,0,0,0,23.200000000000003,0.8,911,96.07000000000001
2019,10,3,19,0,0,0,0,22.5,1,912,110.69
2019,10,3,20,0,0,0,0,22.1,1.2000000000000002,912,125.29
2019,10,3,21,0,0,0,0,21.900000000000002,1.1,912,139.81
2019,10,3,22,0,0,0,0,21.700000000000003,0.7000000000000001,912,154.04
2019,10,3,23,0,0,0,0,21.400000000000002,0.6000000000000001,911,166.93
2019,10,4,0,0,0,0,0,21,0.6000000000000001,910,169.64000000000001
2019,10,4,1,0,0,0,0,20.6,0.7000000000000001,910,158.03
2019,10,4,2,0,0,0,0,20.400000000000002,0.8,910,143.99
2019,10,4,3,0,0,0,0,20.200000000000003,0.8,910,129.52
2019,10,4,4,0,0,0,0,20,0.7000000000000001,910,114.93
2019,10,4,5,0,0,0,0,19.900000000000002,0.6000000000000001,911,100.32000000000001
2019,10,4,6,0,36,123,27,20.400000000000002,0.6000000000000001,912,85.58
2019,10,4,7,0,19,0,19,21.400000000000002,1.2000000000000002,912,71.19
2019,10,4,8,0,498,704,113,22.3,1.5,913,56.88
2019,10,4,9,0,715,811,121,23.6,1.6,913,42.94
2019,10,4,10,0,875,864,127,25.1,1.4000000000000001,912,29.900000000000002
2019,10,4,11,0,962,873,141,26.200000000000003,1.3,911,19.7
2019,10,4,12,0,872,438,455,26.900000000000002,1.1,910,18.04
2019,10,4,13,0,908,858,140,27.200000000000003,1.1,909,26.59
2019,10,4,14,0,762,794,146,27.1,1.2000000000000002,909,39.15
2019,10,4,15,0,515,518,203,26.700000000000003,1.3,909,52.92
2019,10,4,16,0,323,569,102,25.8,1.1,909,67.16
2019,10,4,17,0,6,0,6,24.3,0.8,909,81.56
2019,10,4,18,0,0,0,0,23.1,0.8,910,96.23
2019,10,4,19,0,0,0,0,22.400000000000002,0.9,911,110.84
2019,10,4,20,0,0,0,0,21.900000000000002,1,911,125.46000000000001
2019,10,4,21,0,0,0,0,21.5,1.1,911,139.99
2019,10,4,22,0,0,0,0,21,1.2000000000000002,911,154.26
2019,10,4,23,0,0,0,0,20.700000000000003,1.2000000000000002,910,167.25
2019,10,5,0,0,0,0,0,20.3,1.2000000000000002,909,169.94
2019,10,5,1,0,0,0,0,20.1,1.2000000000000002,909,158.12
2019,10,5,2,0,0,0,0,20.1,1.4000000000000001,908,144.02
2019,10,5,3,0,0,0,0,20.1,1.4000000000000001,908,129.54
2019,10,5,4,0,0,0,0,19.900000000000002,1.4000000000000001,909,114.94
2019,10,5,5,0,0,0,0,19.900000000000002,1.7000000000000002,909,100.33
2019,10,5,6,0,18,0,18,20.3,2,910,85.59
2019,10,5,7,0,129,28,120,21,2.1,910,71.22
2019,10,5,8,0,481,606,150,22,1.8,911,56.94
2019,10,5,9,0,711,779,141,23.3,1.3,911,43.03
2019,10,5,10,0,689,301,429,24.400000000000002,1,911,30.07
2019,10,5,11,0,493,54,443,25,1.2000000000000002,910,20
2019,10,5,12,0,852,425,448,25.3,1.5,909,18.44
2019,10,5,13,0,725,318,441,25.3,1.6,909,26.900000000000002
2019,10,5,14,0,701,525,295,24.900000000000002,1.6,908,39.39
2019,10,5,15,0,552,682,143,24.5,1.5,908,53.120000000000005
2019,10,5,16,0,316,529,112,23.900000000000002,1.1,909,67.34
2019,10,5,17,0,75,172,50,22.8,0.7000000000000001,909,81.73
2019,10,5,18,0,0,0,0,22,0.7000000000000001,910,96.39
2019,10,5,19,0,0,0,0,21.6,0.7000000000000001,910,111
2019,10,5,20,0,0,0,0,21.3,0.8,911,125.61
2019,10,5,21,0,0,0,0,21,0.8,911,140.16
2019,10,5,22,0,0,0,0,20.700000000000003,0.9,911,154.46
2019,10,5,23,0,0,0,0,20.5,1,911,167.56
2019,10,6,0,0,0,0,0,20.200000000000003,1.1,910,170.22
2019,10,6,1,0,0,0,0,20,1.2000000000000002,910,158.20000000000002
2019,10,6,2,0,0,0,0,19.700000000000003,1.2000000000000002,910,144.05
2019,10,6,3,0,0,0,0,19.6,1.2000000000000002,910,129.55
2019,10,6,4,0,0,0,0,19.5,1.3,910,114.95
2019,10,6,5,0,0,0,0,19.5,1.3,910,100.34
2019,10,6,6,0,37,105,29,20.200000000000003,2,911,85.61
2019,10,6,7,0,193,204,127,21.3,2.5,911,71.25
2019,10,6,8,0,352,191,248,22.8,2.8000000000000003,912,56.99
2019,10,6,9,0,507,202,359,24.1,2.8000000000000003,912,43.12
2019,10,6,10,0,634,219,445,24.8,2.6,912,30.23
2019,10,6,11,0,822,416,432,25.200000000000003,2.3000000000000003,911,20.3
2019,10,6,12,0,747,272,490,25.400000000000002,2,910,18.82
2019,10,6,13,0,800,454,396,25.3,1.7000000000000002,909,27.21
2019,10,6,14,0,738,685,210,25.200000000000003,1.4000000000000001,909,39.63
2019,10,6,15,0,528,582,180,24.900000000000002,1.1,909,53.33
2019,10,6,16,0,94,0,94,24.400000000000002,0.7000000000000001,909,67.51
2019,10,6,17,0,6,0,6,23.5,0.6000000000000001,909,81.89
2019,10,6,18,0,0,0,0,22.6,0.6000000000000001,910,96.54
2019,10,6,19,0,0,0,0,22,0.7000000000000001,911,111.15
2019,10,6,20,0,0,0,0,21.5,0.7000000000000001,911,125.77
2019,10,6,21,0,0,0,0,21.1,0.7000000000000001,911,140.33
2019,10,6,22,0,0,0,0,20.8,0.7000000000000001,912,154.66
2019,10,6,23,0,0,0,0,20.6,0.7000000000000001,911,167.87
2019,10,7,0,0,0,0,0,20.3,0.7000000000000001,911,170.5
2019,10,7,1,0,0,0,0,20.200000000000003,0.7000000000000001,910,158.28
2019,10,7,2,0,0,0,0,20,0.6000000000000001,910,144.08
2019,10,7,3,0,0,0,0,19.8,0.5,910,129.56
2019,10,7,4,0,0,0,0,19.700000000000003,0.5,910,114.96000000000001
2019,10,7,5,0,0,0,0,19.6,0.5,911,100.35000000000001
2019,10,7,6,0,4,0,4,20.1,0.6000000000000001,912,85.62
2019,10,7,7,0,22,0,22,21.1,1.1,912,71.28
2019,10,7,8,0,247,43,223,22.1,1.5,913,57.04
2019,10,7,9,0,540,259,351,23,2,913,43.22
2019,10,7,10,0,671,276,433,23.8,2.4000000000000004,912,30.41
2019,10,7,11,0,296,17,280,24.700000000000003,2.3000000000000003,911,20.61
2019,10,7,12,0,826,412,438,25.200000000000003,2,910,19.21
2019,10,7,13,0,840,519,380,25.3,1.7000000000000002,909,27.52
2019,10,7,14,0,172,6,167,25.400000000000002,1.4000000000000001,909,39.87
2019,10,7,15,0,40,0,40,25.200000000000003,1.1,909,53.53
2019,10,7,16,0,264,319,143,24.900000000000002,0.7000000000000001,909,67.69
2019,10,7,17,0,65,117,49,24.1,0.4,910,82.05
2019,10,7,18,0,0,0,0,23.6,0.30000000000000004,910,96.7
2019,10,7,19,0,0,0,0,23.400000000000002,0.1,911,111.3
2019,10,7,20,0,0,0,0,22.900000000000002,0.30000000000000004,912,125.92
2019,10,7,21,0,0,0,0,22.1,0.4,912,140.49
2019,10,7,22,0,0,0,0,21.400000000000002,0.5,911,154.86
2019,10,7,23,0,0,0,0,20.900000000000002,0.6000000000000001,911,168.17000000000002
2019,10,8,0,0,0,0,0,20.700000000000003,0.7000000000000001,910,170.76
2019,10,8,1,0,0,0,0,20.5,0.8,909,158.36
2019,10,8,2,0,0,0,0,20.400000000000002,0.9,909,144.11
2019,10,8,3,0,0,0,0,20.3,0.9,909,129.57
2019,10,8,4,0,0,0,0,20.200000000000003,0.9,909,114.96000000000001
2019,10,8,5,0,0,0,0,20.1,0.8,910,100.36
2019,10,8,6,0,34,86,27,20.5,1,911,85.64
2019,10,8,7,0,206,264,121,21.5,1.5,911,71.31
2019,10,8,8,0,461,530,173,23.200000000000003,1.3,912,57.1
2019,10,8,9,0,699,744,158,24.8,0.9,912,43.32
2019,10,8,10,0,800,506,365,25.900000000000002,0.7000000000000001,911,30.580000000000002
2019,10,8,11,0,671,188,495,26.6,0.6000000000000001,911,20.92
2019,10,8,12,0,590,107,489,27,0.5,910,19.6
2019,10,8,13,0,649,214,460,27,0.4,909,27.830000000000002
2019,10,8,14,0,618,345,354,26.900000000000002,0.4,908,40.11
2019,10,8,15,0,445,317,257,26.400000000000002,0.30000000000000004,908,53.730000000000004
2019,10,8,16,0,312,546,107,26.1,0.30000000000000004,908,67.87
2019,10,8,17,0,80,214,51,24.8,0.30000000000000004,909,82.21000000000001
2019,10,8,18,0,0,0,0,24,0.4,910,96.85000000000001
2019,10,8,19,0,0,0,0,23.1,0.6000000000000001,911,111.45
2019,10,8,20,0,0,0,0,22.3,0.7000000000000001,911,126.07000000000001
2019,10,8,21,0,0,0,0,21.8,0.8,912,140.65
2019,10,8,22,0,0,0,0,21.6,0.9,911,155.05
2019,10,8,23,0,0,0,0,21.5,0.6000000000000001,910,168.47
2019,10,9,0,0,0,0,0,21.400000000000002,0.2,909,171.02
2019,10,9,1,0,0,0,0,21,0.4,908,158.43
2019,10,9,2,0,0,0,0,20.6,0.5,908,144.13
2019,10,9,3,0,0,0,0,20.3,0.4,909,129.58
2019,10,9,4,0,0,0,0,20.1,0.4,910,114.97
2019,10,9,5,0,0,0,0,20.200000000000003,0.2,910,100.37
2019,10,9,6,0,26,14,25,20.6,0.1,910,85.66
2019,10,9,7,0,254,550,78,21.5,0.2,911,71.35000000000001
2019,10,9,8,0,494,708,110,22.400000000000002,0.5,911,57.17
2019,10,9,9,0,705,790,131,23.5,0.7000000000000001,911,43.42
2019,10,9,10,0,477,72,416,24.700000000000003,0.7000000000000001,911,30.76
2019,10,9,11,0,215,12,204,25.6,0.7000000000000001,910,21.23
2019,10,9,12,0,522,66,460,26.200000000000003,0.7000000000000001,909,19.98
2019,10,9,13,0,755,407,396,26.3,0.7000000000000001,908,28.14
2019,10,9,14,0,587,289,367,26.1,0.8,908,40.36
2019,10,9,15,0,466,381,241,25.700000000000003,0.9,908,53.93
2019,10,9,16,0,291,422,134,24.900000000000002,0.9,908,68.04
2019,10,9,17,0,68,127,51,23.5,0.6000000000000001,908,82.37
2019,10,9,18,0,0,0,0,22.6,0.6000000000000001,909,97
2019,10,9,19,0,0,0,0,22.200000000000003,0.7000000000000001,910,111.59
2019,10,9,20,0,0,0,0,21.900000000000002,0.8,910,126.21000000000001
2019,10,9,21,0,0,0,0,21.6,0.9,910,140.8
2019,10,9,22,0,0,0,0,21.3,1.1,910,155.23
2019,10,9,23,0,0,0,0,20.900000000000002,1.5,909,168.75
2019,10,10,0,0,0,0,0,20.5,1.9000000000000001,908,171.27
2019,10,10,1,0,0,0,0,20.1,2.1,907,158.49
2019,10,10,2,0,0,0,0,19.8,1.7000000000000002,908,144.16
2019,10,10,3,0,0,0,0,19.6,1.4000000000000001,909,129.59
2019,10,10,4,0,0,0,0,19.700000000000003,0.9,910,114.98
2019,10,10,5,0,0,0,0,19.5,0.5,910,100.38
2019,10,10,6,0,20,0,20,19.900000000000002,0.4,911,85.68
2019,10,10,7,0,147,64,127,21.200000000000003,0.1,911,71.39
2019,10,10,8,0,320,134,247,22.8,0.9,912,57.230000000000004
2019,10,10,9,0,435,113,353,24.200000000000003,1.6,912,43.53
2019,10,10,10,0,278,16,265,25,2,911,30.95
2019,10,10,11,0,906,676,277,25.5,2.1,911,21.55
2019,10,10,12,0,916,681,277,25.900000000000002,2,910,20.37
2019,10,10,13,0,852,678,255,26.1,1.7000000000000002,909,28.45
2019,10,10,14,0,717,651,223,26,1.5,909,40.6
2019,10,10,15,0,481,430,229,25.6,1,909,54.13
2019,10,10,16,0,290,422,134,25.1,0.5,909,68.22
2019,10,10,17,0,68,135,50,24.1,0.30000000000000004,909,82.53
2019,10,10,18,0,0,0,0,23.200000000000003,0.4,910,97.14
2019,10,10,19,0,0,0,0,22.5,0.5,911,111.73
2019,10,10,20,0,0,0,0,21.900000000000002,0.6000000000000001,911,126.35000000000001
2019,10,10,21,0,0,0,0,21.400000000000002,0.6000000000000001,911,140.95000000000002
2019,10,10,22,0,0,0,0,21.1,0.6000000000000001,911,155.4
2019,10,10,23,0,0,0,0,20.700000000000003,0.7000000000000001,911,169.03
2019,10,11,0,0,0,0,0,20.400000000000002,0.8,910,171.52
2019,10,11,1,0,0,0,0,20.1,0.9,909,158.55
2019,10,11,2,0,0,0,0,20,0.8,909,144.18
2019,10,11,3,0,0,0,0,19.8,0.7000000000000001,909,129.6
2019,10,11,4,0,0,0,0,19.6,0.7000000000000001,910,114.99000000000001
2019,10,11,5,0,0,0,0,19.400000000000002,0.7000000000000001,910,100.4
2019,10,11,6,0,4,0,4,20.3,1.3,911,85.71000000000001
2019,10,11,7,0,227,374,108,21.700000000000003,2.2,911,71.43
2019,10,11,8,0,395,304,231,23.5,2.3000000000000003,912,57.300000000000004
2019,10,11,9,0,564,314,337,24.700000000000003,1.8,912,43.64
2019,10,11,10,0,771,472,367,25.5,1.5,912,31.14
2019,10,11,11,0,910,700,260,25.900000000000002,1.6,911,21.86
2019,10,11,12,0,732,262,487,26.400000000000002,1.9000000000000001,910,20.75
2019,10,11,13,0,507,82,435,26.6,2.1,909,28.76
2019,10,11,14,0,578,280,366,26.400000000000002,2.2,908,40.84
2019,10,11,15,0,527,626,162,26,2.1,908,54.33
2019,10,11,16,0,231,221,150,25.1,1.7000000000000002,908,68.39
2019,10,11,17,0,33,0,33,23.400000000000002,1.2000000000000002,909,82.68
2019,10,11,18,0,0,0,0,22.3,1.1,910,97.29
2019,10,11,19,0,0,0,0,21.8,1.3,910,111.87
2019,10,11,20,0,0,0,0,21.5,1.5,911,126.49000000000001
2019,10,11,21,0,0,0,0,21.200000000000003,1.7000000000000002,911,141.09
2019,10,11,22,0,0,0,0,20.900000000000002,1.9000000000000001,911,155.57
2019,10,11,23,0,0,0,0,20.6,2,910,169.3
2019,10,12,0,0,0,0,0,20.3,2.1,910,171.75
2019,10,12,1,0,0,0,0,20.1,1.9000000000000001,909,158.61
2019,10,12,2,0,0,0,0,19.900000000000002,1.8,909,144.20000000000002
2019,10,12,3,0,0,0,0,19.700000000000003,1.5,909,129.61
2019,10,12,4,0,0,0,0,19.400000000000002,1.3,909,115
2019,10,12,5,0,0,0,0,19.200000000000003,1.1,910,100.41
2019,10,12,6,0,37,115,29,20.200000000000003,1.7000000000000002,911,85.73
2019,10,12,7,0,19,0,19,21.8,2.4000000000000004,912,71.47
2019,10,12,8,0,42,0,42,23.6,2.6,912,57.370000000000005
2019,10,12,9,0,442,122,354,25.200000000000003,2.6,912,43.76
2019,10,12,10,0,622,212,441,26.3,2.5,912,31.330000000000002
2019,10,12,11,0,617,139,489,27,2.5,911,22.18
2019,10,12,12,0,789,371,442,27.200000000000003,2.3000000000000003,910,21.13
2019,10,12,13,0,882,834,152,27,2.2,909,29.07
2019,10,12,14,0,744,817,128,26.700000000000003,2.1,909,41.08
2019,10,12,15,0,544,741,114,26.3,2,908,54.53
2019,10,12,16,0,307,596,89,25.5,1.6,909,68.56
2019,10,12,17,0,75,263,42,23.900000000000002,1.1,909,82.83
2019,10,12,18,0,0,0,0,22.700000000000003,1.1,910,97.43
2019,10,12,19,0,0,0,0,22.200000000000003,1.3,911,112.01
2019,10,12,20,0,0,0,0,21.700000000000003,1.5,912,126.62
2019,10,12,21,0,0,0,0,21.3,1.8,912,141.23
2019,10,12,22,0,0,0,0,21,2.1,912,155.73
2019,10,12,23,0,0,0,0,20.700000000000003,2,912,169.56
2019,10,13,0,0,0,0,0,20.5,1.8,911,171.96
2019,10,13,1,0,0,0,0,20.400000000000002,1.5,910,158.66
2019,10,13,2,0,0,0,0,20.1,1.2000000000000002,910,144.21
2019,10,13,3,0,0,0,0,19.8,1,910,129.62
2019,10,13,4,0,0,0,0,19.6,0.9,910,115.01
2019,10,13,5,0,0,0,0,19.400000000000002,0.9,911,100.43
2019,10,13,6,0,41,215,25,20.3,1.6,911,85.76
2019,10,13,7,0,186,187,127,21.700000000000003,2.4000000000000004,912,71.52
2019,10,13,8,0,413,362,219,23.400000000000002,2.6,912,57.44
2019,10,13,9,0,664,577,248,25,2.6,912,43.88
2019,10,13,10,0,618,208,440,26.3,2.6,912,31.52
2019,10,13,11,0,429,35,397,27.200000000000003,2.6,911,22.5
2019,10,13,12,0,701,226,491,27.700000000000003,2.5,910,21.5
2019,10,13,13,0,736,385,400,27.8,2.4000000000000004,909,29.37
2019,10,13,14,0,561,259,367,27.400000000000002,2.3000000000000003,908,41.32
2019,10,13,15,0,546,762,106,26.8,2.3000000000000003,908,54.72
2019,10,13,16,0,307,614,84,25.700000000000003,1.9000000000000001,909,68.73
2019,10,13,17,0,74,279,40,23.900000000000002,1.4000000000000001,910,82.98
2019,10,13,18,0,0,0,0,22.6,1.3,910,97.57000000000001
2019,10,13,19,0,0,0,0,22.1,1.4000000000000001,911,112.14
2019,10,13,20,0,0,0,0,21.700000000000003,1.3,912,126.75
2019,10,13,21,0,0,0,0,21.400000000000002,1.2000000000000002,913,141.36
2019,10,13,22,0,0,0,0,21.200000000000003,1.1,913,155.89000000000001
2019,10,13,23,0,0,0,0,20.900000000000002,1,912,169.8
2019,10,14,0,0,0,0,0,20.700000000000003,0.9,912,172.17000000000002
2019,10,14,1,0,0,0,0,20.5,0.8,911,158.70000000000002
2019,10,14,2,0,0,0,0,20.400000000000002,0.8,910,144.23
2019,10,14,3,0,0,0,0,20.200000000000003,0.8,910,129.63
2019,10,14,4,0,0,0,0,20,0.8,911,115.02
2019,10,14,5,0,0,0,0,19.900000000000002,0.8,911,100.44
2019,10,14,6,0,41,217,25,20.6,1.3,912,85.79
2019,10,14,7,0,267,628,68,21.700000000000003,2.2,912,71.57000000000001
2019,10,14,8,0,513,796,86,23.200000000000003,2.6,912,57.52
2019,10,14,9,0,726,876,96,24.900000000000002,3,912,44
2019,10,14,10,0,881,916,102,26.200000000000003,3.1,912,31.720000000000002
2019,10,14,11,0,962,915,119,27,2.9000000000000004,911,22.82
2019,10,14,12,0,778,355,449,27.5,2.6,910,21.88
2019,10,14,13,0,800,486,378,27.6,2.5,910,29.68
2019,10,14,14,0,751,854,111,27.400000000000002,2.5,909,41.550000000000004
2019,10,14,15,0,538,700,135,27,2.5,909,54.92
2019,10,14,16,0,309,650,75,25.900000000000002,2.1,909,68.9
2019,10,14,17,0,71,277,38,24,1.4000000000000001,909,83.13
2019,10,14,18,0,0,0,0,22.700000000000003,1.5,910,97.7
2019,10,14,19,0,0,0,0,22,1.7000000000000002,911,112.27
2019,10,14,20,0,0,0,0,21.400000000000002,1.8,912,126.88000000000001
2019,10,14,21,0,0,0,0,21,1.7000000000000002,912,141.49
2019,10,14,22,0,0,0,0,20.8,1.6,912,156.03
2019,10,14,23,0,0,0,0,20.6,1.4000000000000001,912,170.04
2019,10,15,0,0,0,0,0,20.5,1.3,911,172.37
2019,10,15,1,0,0,0,0,20.3,1.2000000000000002,910,158.74
2019,10,15,2,0,0,0,0,20.200000000000003,1,910,144.24
2019,10,15,3,0,0,0,0,20,0.9,910,129.64000000000001
2019,10,15,4,0,0,0,0,19.900000000000002,0.8,910,115.03
2019,10,15,5,0,0,0,0,19.700000000000003,0.9,911,100.46000000000001
2019,10,15,6,0,37,144,27,20.5,1.5,911,85.82000000000001
2019,10,15,7,0,137,47,123,21.700000000000003,2.5,912,71.62
2019,10,15,8,0,41,0,41,23,2.9000000000000004,912,57.6
2019,10,15,9,0,598,406,307,24.400000000000002,3.2,912,44.12
2019,10,15,10,0,493,85,420,25.700000000000003,3.4000000000000004,912,31.93
2019,10,15,11,0,676,206,486,26.5,3.5,911,23.14
2019,10,15,12,0,723,261,482,26.8,3.6,910,22.25
2019,10,15,13,0,773,456,378,26.400000000000002,3.5,909,29.98
2019,10,15,14,0,683,550,273,25.900000000000002,3.4000000000000004,909,41.79
2019,10,15,15,0,472,444,218,25.3,3,909,55.11
2019,10,15,16,0,302,623,80,24.400000000000002,2.3000000000000003,909,69.06
2019,10,15,17,0,71,291,37,22.900000000000002,1.5,910,83.27
2019,10,15,18,0,0,0,0,21.900000000000002,1.4000000000000001,911,97.84
2019,10,15,19,0,0,0,0,21.5,1.6,911,112.39
2019,10,15,20,0,0,0,0,21.200000000000003,1.7000000000000002,912,127
2019,10,15,21,0,0,0,0,20.8,1.7000000000000002,912,141.61
2019,10,15,22,0,0,0,0,20.700000000000003,1.6,912,156.17000000000002
2019,10,15,23,0,0,0,0,20.400000000000002,1.4000000000000001,912,170.27
2019,10,16,0,0,0,0,0,20.200000000000003,1.2000000000000002,911,172.55
2019,10,16,1,0,0,0,0,20,1,910,158.78
2019,10,16,2,0,0,0,0,19.700000000000003,0.9,910,144.25
2019,10,16,3,0,0,0,0,19.5,0.9,910,129.64000000000001
2019,10,16,4,0,0,0,0,19.400000000000002,1.1,910,115.04
2019,10,16,5,0,0,0,0,19.200000000000003,1.1,910,100.48
2019,10,16,6,0,11,0,11,19.900000000000002,1.6,911,85.85000000000001
2019,10,16,7,0,65,0,65,21.200000000000003,2.4000000000000004,911,71.67
2019,10,16,8,0,186,11,180,22.8,2.7,912,57.68
2019,10,16,9,0,486,185,354,24.700000000000003,3.3000000000000003,912,44.25
2019,10,16,10,0,569,154,438,25.8,3.8000000000000003,912,32.13
2019,10,16,11,0,611,139,484,26.200000000000003,4,911,23.46
2019,10,16,12,0,693,223,487,26.1,4.1000000000000005,910,22.62
2019,10,16,13,0,718,353,413,25.8,4,910,30.28
2019,10,16,14,0,582,311,351,25.3,3.8000000000000003,909,42.03
2019,10,16,15,0,513,624,157,24.700000000000003,3.4000000000000004,909,55.300000000000004
2019,10,16,16,0,254,361,126,23.700000000000003,2.7,909,69.22
2019,10,16,17,0,5,0,5,22.1,1.6,909,83.41
2019,10,16,18,0,0,0,0,21,1.6,910,97.97
2019,10,16,19,0,0,0,0,20.8,2,911,112.51
2019,10,16,20,0,0,0,0,20.5,2.3000000000000003,912,127.11
2019,10,16,21,0,0,0,0,20.200000000000003,2.3000000000000003,912,141.73
2019,10,16,22,0,0,0,0,19.8,1.8,912,156.3
2019,10,16,23,0,0,0,0,19.5,1.5,912,170.48
2019,10,17,0,0,0,0,0,19.3,1.3,911,172.71
2019,10,17,1,0,0,0,0,19.200000000000003,1.2000000000000002,910,158.81
2019,10,17,2,0,0,0,0,19,1,910,144.26
2019,10,17,3,0,0,0,0,18.8,0.8,910,129.65
2019,10,17,4,0,0,0,0,18.7,0.8,910,115.05
2019,10,17,5,0,0,0,0,18.7,0.9,911,100.51
2019,10,17,6,0,19,0,19,19.400000000000002,1.6,912,85.89
2019,10,17,7,0,145,66,125,20.5,2.4000000000000004,912,71.73
2019,10,17,8,0,184,10,179,21.8,2.8000000000000003,913,57.77
2019,10,17,9,0,237,13,227,23.6,3.3000000000000003,913,44.39
2019,10,17,10,0,436,54,391,25,3.5,912,32.34
2019,10,17,11,0,566,103,472,25.900000000000002,3.4000000000000004,911,23.78
2019,10,17,12,0,710,248,482,26.3,3.3000000000000003,910,22.990000000000002
2019,10,17,13,0,646,235,444,26.400000000000002,3.1,909,30.59
2019,10,17,14,0,449,114,365,25.900000000000002,3,908,42.26
2019,10,17,15,0,371,191,262,25,2.9000000000000004,908,55.49
2019,10,17,16,0,284,527,98,24.1,2.5,909,69.39
2019,10,17,17,0,56,151,39,22.400000000000002,1.5,909,83.55
2019,10,17,18,0,0,0,0,21.3,1.4000000000000001,910,98.09
2019,10,17,19,0,0,0,0,21,1.7000000000000002,911,112.63
2019,10,17,20,0,0,0,0,20.6,1.8,912,127.22
2019,10,17,21,0,0,0,0,20.3,1.8,912,141.84
2019,10,17,22,0,0,0,0,20.200000000000003,1.9000000000000001,911,156.43
2019,10,17,23,0,0,0,0,20,1.8,911,170.68
2019,10,18,0,0,0,0,0,19.900000000000002,1.8,910,172.87
2019,10,18,1,0,0,0,0,19.8,1.8,910,158.84
2019,10,18,2,0,0,0,0,19.700000000000003,1.9000000000000001,909,144.27
2019,10,18,3,0,0,0,0,19.5,2,909,129.66
2019,10,18,4,0,0,0,0,19.3,2,910,115.07000000000001
2019,10,18,5,0,0,0,0,19.1,1.9000000000000001,911,100.53
2019,10,18,6,0,7,0,7,19.5,2.4000000000000004,912,85.93
2019,10,18,7,0,49,0,49,20.400000000000002,3.1,912,71.79
2019,10,18,8,0,147,0,147,21.900000000000002,3.4000000000000004,913,57.86
2019,10,18,9,0,341,45,309,23.700000000000003,3.5,913,44.52
2019,10,18,10,0,281,16,268,25,3.4000000000000004,912,32.55
2019,10,18,11,0,514,71,450,25.700000000000003,3.3000000000000003,911,24.1
2019,10,18,12,0,401,29,374,26.200000000000003,3.3000000000000003,910,23.35
2019,10,18,13,0,376,30,350,26.200000000000003,3.3000000000000003,909,30.88
2019,10,18,14,0,582,320,346,25.700000000000003,3.2,908,42.49
2019,10,18,15,0,524,722,116,24.900000000000002,3.1,908,55.68
2019,10,18,16,0,285,546,94,23.900000000000002,2.6,909,69.54
2019,10,18,17,0,34,0,34,22.400000000000002,1.7000000000000002,910,83.69
2019,10,18,18,0,0,0,0,21.6,1.8,910,98.22
2019,10,18,19,0,0,0,0,21.3,2.1,911,112.74000000000001
2019,10,18,20,0,0,0,0,21,2,912,127.33
2019,10,18,21,0,0,0,0,20.700000000000003,1.6,912,141.95000000000002
2019,10,18,22,0,0,0,0,20.400000000000002,1.3,912,156.54
2019,10,18,23,0,0,0,0,20.1,1,911,170.87
2019,10,19,0,0,0,0,0,19.900000000000002,0.9,911,173.01
2019,10,19,1,0,0,0,0,19.700000000000003,0.8,910,158.86
2019,10,19,2,0,0,0,0,19.5,0.9,910,144.28
2019,10,19,3,0,0,0,0,19.400000000000002,1,910,129.67000000000002
2019,10,19,4,0,0,0,0,19.400000000000002,1.2000000000000002,910,115.08
2019,10,19,5,0,0,0,0,19.3,1.4000000000000001,911,100.55
2019,10,19,6,0,29,61,24,19.8,2.1,912,85.97
2019,10,19,7,0,197,249,120,20.900000000000002,2.7,913,71.85000000000001
2019,10,19,8,0,380,282,231,22.5,3.1,913,57.95
2019,10,19,9,0,564,336,326,24.200000000000003,3.2,913,44.660000000000004
2019,10,19,10,0,719,415,371,25.5,3.2,913,32.77
2019,10,19,11,0,778,391,422,26.3,3.3000000000000003,912,24.42
2019,10,19,12,0,791,405,420,26.6,3.4000000000000004,911,23.72
2019,10,19,13,0,618,203,445,26.3,3.4000000000000004,910,31.18
2019,10,19,14,0,651,506,279,25.900000000000002,3.4000000000000004,909,42.72
2019,10,19,15,0,349,158,261,25.1,3.3000000000000003,909,55.870000000000005
2019,10,19,16,0,285,561,91,24,2.8000000000000003,910,69.7
2019,10,19,17,0,63,257,35,22.3,1.8,910,83.82000000000001
2019,10,19,18,0,0,0,0,21.3,1.9000000000000001,911,98.34
2019,10,19,19,0,0,0,0,20.900000000000002,2.4000000000000004,911,112.85000000000001
2019,10,19,20,0,0,0,0,20.6,2.6,912,127.43
2019,10,19,21,0,0,0,0,20.400000000000002,2.8000000000000003,912,142.05
2019,10,19,22,0,0,0,0,20.200000000000003,2.8000000000000003,912,156.65
2019,10,19,23,0,0,0,0,19.900000000000002,2.4000000000000004,912,171.04
2019,10,20,0,0,0,0,0,19.700000000000003,1.9000000000000001,911,173.13
2019,10,20,1,0,0,0,0,19.5,1.6,911,158.88
2019,10,20,2,0,0,0,0,19.400000000000002,1.3,910,144.29
2019,10,20,3,0,0,0,0,19.200000000000003,1.1,910,129.68
2019,10,20,4,0,0,0,0,19,1,910,115.10000000000001
2019,10,20,5,0,0,0,0,18.900000000000002,0.9,911,100.58
2019,10,20,6,0,20,0,20,19.700000000000003,1.4000000000000001,912,86.01
2019,10,20,7,0,120,20,114,20.900000000000002,2.1,913,71.91
2019,10,20,8,0,386,302,227,22.3,2.3000000000000003,913,58.04
2019,10,20,9,0,342,46,309,23.900000000000002,2.4000000000000004,913,44.800000000000004
2019,10,20,10,0,317,20,300,25,2.6,912,32.99
2019,10,20,11,0,493,61,438,25.8,2.8000000000000003,911,24.740000000000002
2019,10,20,12,0,213,12,202,26.1,3,910,24.080000000000002
2019,10,20,13,0,622,210,443,26.200000000000003,3.1,909,31.470000000000002
2019,10,20,14,0,684,590,252,25.700000000000003,3,909,42.95
2019,10,20,15,0,243,35,224,24.8,3,909,56.050000000000004
2019,10,20,16,0,12,0,12,23.6,2.7,909,69.85000000000001
2019,10,20,17,0,5,0,5,22.3,2.1,910,83.95
2019,10,20,18,0,0,0,0,21.6,2.4000000000000004,910,98.46000000000001
2019,10,20,19,0,0,0,0,21.200000000000003,2.8000000000000003,911,112.96000000000001
2019,10,20,20,0,0,0,0,20.700000000000003,3.1,912,127.53
2019,10,20,21,0,0,0,0,19.900000000000002,3.1,912,142.14000000000001
2019,10,20,22,0,0,0,0,19.3,2.8000000000000003,912,156.75
2019,10,20,23,0,0,0,0,18.8,2.1,911,171.20000000000002
2019,10,21,0,0,0,0,0,18.5,1.6,911,173.24
2019,10,21,1,0,0,0,0,18.3,1.3,910,158.9
2019,10,21,2,0,0,0,0,18.3,1.1,910,144.3
2019,10,21,3,0,0,0,0,18.2,1,909,129.69
2019,10,21,4,0,0,0,0,17.900000000000002,0.8,910,115.12
2019,10,21,5,0,0,0,0,17.8,0.7000000000000001,910,100.61
2019,10,21,6,0,18,0,18,18.900000000000002,1.3,911,86.05
2019,10,21,7,0,137,51,121,20.1,2.1,912,71.98
2019,10,21,8,0,218,27,204,21.6,2.2,912,58.14
2019,10,21,9,0,396,85,336,23.400000000000002,2.2,912,44.95
2019,10,21,10,0,487,87,415,25,2,912,33.21
2019,10,21,11,0,398,30,371,25.700000000000003,1.8,910,25.060000000000002
2019,10,21,12,0,638,170,484,25.8,1.6,909,24.43
2019,10,21,13,0,688,314,420,25.5,1.6,908,31.76
2019,10,21,14,0,604,378,328,25,1.7000000000000002,908,43.17
2019,10,21,15,0,43,0,43,24.400000000000002,1.8,908,56.230000000000004
2019,10,21,16,0,14,0,14,23.5,1.5,908,70
2019,10,21,17,0,5,0,5,22.3,1.1,909,84.08
2019,10,21,18,0,0,0,0,21.5,1.1,909,98.57000000000001
2019,10,21,19,0,0,0,0,21.1,1.5,910,113.06
2019,10,21,20,0,0,0,0,20.8,1.8,911,127.62
2019,10,21,21,0,0,0,0,20.5,2.1,911,142.23
2019,10,21,22,0,0,0,0,20.200000000000003,1.9000000000000001,911,156.84
2019,10,21,23,0,0,0,0,19.900000000000002,1.9000000000000001,910,171.34
2019,10,22,0,0,0,0,0,19.700000000000003,1.5,909,173.33
2019,10,22,1,0,0,0,0,19.5,1.3,909,158.91
2019,10,22,2,0,0,0,0,19.3,1,908,144.3
2019,10,22,3,0,0,0,0,19.1,0.8,908,129.7
2019,10,22,4,0,0,0,0,18.900000000000002,0.6000000000000001,909,115.13
2019,10,22,5,0,0,0,0,18.900000000000002,0.5,909,100.64
2019,10,22,6,0,11,0,11,19.6,0.4,910,86.10000000000001
2019,10,22,7,0,76,0,76,21,0.30000000000000004,911,72.05
2019,10,22,8,0,191,13,184,22.6,1.1,911,58.24
2019,10,22,9,0,384,76,330,24.1,1.7000000000000002,911,45.1
2019,10,22,10,0,459,69,401,25.3,2.2,910,33.43
2019,10,22,11,0,540,90,459,25.900000000000002,2.5,909,25.38
2019,10,22,12,0,493,61,438,26.5,2.7,908,24.79
2019,10,22,13,0,574,156,441,26.200000000000003,2.9000000000000004,907,32.05
2019,10,22,14,0,140,1,139,25.5,3,907,43.4
2019,10,22,15,0,112,0,112,24.700000000000003,2.9000000000000004,907,56.410000000000004
2019,10,22,16,0,13,0,13,23.5,2.4000000000000004,907,70.15
2019,10,22,17,0,10,0,10,22.3,1.6,908,84.2
2019,10,22,18,0,0,0,0,21.6,1.6,909,98.68
2019,10,22,19,0,0,0,0,21.3,1.6,910,113.15
2019,10,22,20,0,0,0,0,21.1,1.5,910,127.71000000000001
2019,10,22,21,0,0,0,0,21,1.5,910,142.31
2019,10,22,22,0,0,0,0,20.8,1.7000000000000002,910,156.93
2019,10,22,23,0,0,0,0,20.5,2,910,171.46
2019,10,23,0,0,0,0,0,20.1,2.7,909,173.4
2019,10,23,1,0,0,0,0,19.6,3.1,909,158.92000000000002
2019,10,23,2,0,0,0,0,19.200000000000003,3,908,144.31
2019,10,23,3,0,0,0,0,19,2.6,908,129.71
2019,10,23,4,0,0,0,0,18.8,2.2,909,115.15
2019,10,23,5,0,0,0,0,18.6,1.8,909,100.67
2019,10,23,6,0,19,0,19,18.8,2,910,86.14
2019,10,23,7,0,173,158,124,19.8,2.7,910,72.12
2019,10,23,8,0,388,316,222,21.3,3.3000000000000003,911,58.34
2019,10,23,9,0,471,174,348,23.1,3.8000000000000003,911,45.25
2019,10,23,10,0,651,280,418,24.3,3.9000000000000004,910,33.65
2019,10,23,11,0,687,238,472,25.200000000000003,4,909,25.7
2019,10,23,12,0,844,474,415,25.6,3.9000000000000004,908,25.13
2019,10,23,13,0,778,495,360,25.5,3.8000000000000003,907,32.34
2019,10,23,14,0,625,467,287,25.1,3.6,907,43.62
2019,10,23,15,0,461,476,199,24.5,3.1,907,56.58
2019,10,23,16,0,250,410,112,23.6,2.4000000000000004,907,70.29
2019,10,23,17,0,55,226,32,22,1.2000000000000002,908,84.32000000000001
2019,10,23,18,0,0,0,0,20.900000000000002,1,909,98.78
2019,10,23,19,0,0,0,0,20.6,0.9,909,113.25
2019,10,23,20,0,0,0,0,20.3,0.8,910,127.79
2019,10,23,21,0,0,0,0,20.1,0.8,910,142.39000000000001
2019,10,23,22,0,0,0,0,20,0.9,910,157
2019,10,23,23,0,0,0,0,19.8,1.2000000000000002,910,171.57
2019,10,24,0,0,0,0,0,19.6,1.7000000000000002,909,173.46
2019,10,24,1,0,0,0,0,19.400000000000002,2,909,158.93
2019,10,24,2,0,0,0,0,19.1,2.2,908,144.32
2019,10,24,3,0,0,0,0,18.6,2.4000000000000004,908,129.72
2019,10,24,4,0,0,0,0,18.2,2.4000000000000004,908,115.18
2019,10,24,5,0,0,0,0,18,2.4000000000000004,909,100.71000000000001
2019,10,24,6,0,32,130,23,18.2,2.9000000000000004,910,86.19
2019,10,24,7,0,205,307,111,19.5,3.9000000000000004,911,72.19
2019,10,24,8,0,328,169,239,21.3,4.9,911,58.45
2019,10,24,9,0,563,348,318,23.3,5.5,911,45.4
2019,10,24,10,0,620,235,425,24.700000000000003,5.6000000000000005,910,33.88
2019,10,24,11,0,702,262,466,25.5,5.5,909,26.02
2019,10,24,12,0,717,279,465,25.700000000000003,5.300000000000001,908,25.48
2019,10,24,13,0,706,366,397,25.5,5,908,32.62
2019,10,24,14,0,571,326,336,24.900000000000002,4.800000000000001,907,43.84
2019,10,24,15,0,233,31,216,24,4.4,908,56.76
2019,10,24,16,0,11,0,11,23.200000000000003,3.5,908,70.44
2019,10,24,17,0,5,0,5,21.6,1.9000000000000001,908,84.44
2019,10,24,18,0,0,0,0,20.5,1.5,909,98.89
2019,10,24,19,0,0,0,0,20,1.4000000000000001,910,113.34
2019,10,24,20,0,0,0,0,19.6,1.4000000000000001,911,127.87
2019,10,24,21,0,0,0,0,19.3,1.3,911,142.46
2019,10,24,22,0,0,0,0,19.1,1.4000000000000001,911,157.07
2019,10,24,23,0,0,0,0,18.8,1.4000000000000001,910,171.66
2019,10,25,0,0,0,0,0,18.7,1.6,910,173.51
2019,10,25,1,0,0,0,0,18.7,1.8,909,158.93
2019,10,25,2,0,0,0,0,18.7,1.8,909,144.32
2019,10,25,3,0,0,0,0,18.6,1.8,909,129.73
2019,10,25,4,0,0,0,0,18.5,1.6,909,115.2
2019,10,25,5,0,0,0,0,18.3,1.5,909,100.75
2019,10,25,6,0,19,0,19,18.8,2.2,910,86.25
2019,10,25,7,0,123,28,115,19.900000000000002,3.1,911,72.27
2019,10,25,8,0,147,0,147,21.3,3.8000000000000003,911,58.56
2019,10,25,9,0,442,139,345,22.700000000000003,4.2,912,45.56
2019,10,25,10,0,625,246,422,24.1,4.5,911,34.11
2019,10,25,11,0,685,242,468,25.200000000000003,4.6000000000000005,910,26.34
2019,10,25,12,0,597,136,474,25.700000000000003,4.6000000000000005,909,25.82
2019,10,25,13,0,688,331,410,25.700000000000003,4.6000000000000005,908,32.9
2019,10,25,14,0,191,7,185,25.200000000000003,4.3,907,44.050000000000004
2019,10,25,15,0,28,0,28,24.3,3.7,907,56.93
2019,10,25,16,0,90,0,90,23.200000000000003,2.8000000000000003,908,70.57000000000001
2019,10,25,17,0,19,0,19,21.8,2,909,84.55
2019,10,25,18,0,0,0,0,20.8,1.8,910,98.98
2019,10,25,19,0,0,0,0,20.3,1.8,911,113.42
2019,10,25,20,0,0,0,0,20,1.8,911,127.94
2019,10,25,21,0,0,0,0,19.6,1.9000000000000001,911,142.52
2019,10,25,22,0,0,0,0,19.3,1.8,911,157.13
2019,10,25,23,0,0,0,0,19.200000000000003,1.8,910,171.74
2019,10,26,0,0,0,0,0,19,1.8,910,173.53
2019,10,26,1,0,0,0,0,18.8,1.7000000000000002,909,158.93
2019,10,26,2,0,0,0,0,18.5,1.5,909,144.32
2019,10,26,3,0,0,0,0,18.2,1.4000000000000001,909,129.75
2019,10,26,4,0,0,0,0,18,1.2000000000000002,909,115.22
2019,10,26,5,0,0,0,0,17.900000000000002,1.2000000000000002,910,100.78
2019,10,26,6,0,33,163,22,18.5,1.8,911,86.3
2019,10,26,7,0,218,389,100,20,2.7,912,72.35000000000001
2019,10,26,8,0,435,490,180,21.8,3.6,912,58.67
2019,10,26,9,0,601,472,271,23.700000000000003,4,912,45.72
2019,10,26,10,0,621,242,421,24.8,4,912,34.34
2019,10,26,11,0,377,27,354,25.5,3.8000000000000003,911,26.66
2019,10,26,12,0,839,481,407,25.900000000000002,3.6,910,26.16
2019,10,26,13,0,719,416,371,25.900000000000002,3.4000000000000004,909,33.18
2019,10,26,14,0,589,377,319,25.700000000000003,3.2,909,44.27
2019,10,26,15,0,341,165,251,25,2.9000000000000004,909,57.09
2019,10,26,16,0,13,0,13,23.900000000000002,2.3000000000000003,909,70.71000000000001
2019,10,26,17,0,5,0,5,22.200000000000003,1.3,910,84.66
2019,10,26,18,0,0,0,0,21.400000000000002,1.1,910,99.08
2019,10,26,19,0,0,0,0,21.1,1.1,911,113.5
2019,10,26,20,0,0,0,0,20.900000000000002,1,912,128.01
2019,10,26,21,0,0,0,0,20.8,0.9,912,142.58
2019,10,26,22,0,0,0,0,20.6,1.1,911,157.18
2019,10,26,23,0,0,0,0,20.5,1.6,911,171.8
2019,10,27,0,0,0,0,0,20.200000000000003,1.9000000000000001,911,173.54
2019,10,27,1,0,0,0,0,19.8,2.1,910,158.93
2019,10,27,2,0,0,0,0,19.3,2,910,144.33
2019,10,27,3,0,0,0,0,18.900000000000002,1.5,910,129.76
2019,10,27,4,0,0,0,0,18.7,1.3,910,115.25
2019,10,27,5,0,0,0,0,18.3,1.1,911,100.83
2019,10,27,6,0,6,0,6,18.5,1.3,912,86.36
2019,10,27,7,0,256,666,55,19.200000000000003,1.8,913,72.43
2019,10,27,8,0,104,0,104,19.900000000000002,1.8,913,58.79
2019,10,27,9,0,415,110,338,21.200000000000003,1.5,913,45.88
2019,10,27,10,0,651,294,409,23.3,1,912,34.57
2019,10,27,11,0,800,448,400,25.1,0.5,911,26.97
2019,10,27,12,0,149,4,145,26,0.30000000000000004,910,26.5
2019,10,27,13,0,207,10,198,26.3,0.4,910,33.45
2019,10,27,14,0,535,266,345,26.200000000000003,0.6000000000000001,909,44.47
2019,10,27,15,0,353,193,249,25.6,0.8,909,57.26
2019,10,27,16,0,273,587,80,25,0.8,909,70.84
2019,10,27,17,0,54,280,29,23.5,0.6000000000000001,910,84.77
2019,10,27,18,0,0,0,0,22.200000000000003,0.6000000000000001,911,99.17
2019,10,27,19,0,0,0,0,21.6,0.7000000000000001,911,113.58
2019,10,27,20,0,0,0,0,21.1,0.7000000000000001,912,128.07
2019,10,27,21,0,0,0,0,20.700000000000003,0.7000000000000001,912,142.63
2019,10,27,22,0,0,0,0,20.400000000000002,0.7000000000000001,912,157.23
2019,10,27,23,0,0,0,0,20.200000000000003,0.8,912,171.84
2019,10,28,0,0,0,0,0,20.1,0.9,911,173.54
2019,10,28,1,0,0,0,0,20,1.1,910,158.93
2019,10,28,2,0,0,0,0,19.900000000000002,1.3,910,144.33
2019,10,28,3,0,0,0,0,19.8,1.3,910,129.78
2019,10,28,4,0,0,0,0,19.5,1.1,910,115.28
2019,10,28,5,0,0,0,0,19.200000000000003,1,911,100.87
2019,10,28,6,0,20,0,20,19.5,1.6,912,86.42
2019,10,28,7,0,163,138,122,20.700000000000003,2.5,913,72.52
2019,10,28,8,0,381,314,218,22.3,3.1,913,58.9
2019,10,28,9,0,307,33,284,24.1,3.6,913,46.04
2019,10,28,10,0,651,296,407,25.200000000000003,3.9000000000000004,913,34.800000000000004
2019,10,28,11,0,749,363,426,25.700000000000003,4,912,27.29
2019,10,28,12,0,641,189,473,25.8,4.1000000000000005,911,26.830000000000002
2019,10,28,13,0,696,362,394,25.6,4.1000000000000005,910,33.72
2019,10,28,14,0,388,75,334,25,3.8000000000000003,910,44.68
2019,10,28,15,0,383,267,239,24.3,3.4000000000000004,910,57.42
2019,10,28,16,0,52,0,52,23.3,2.5,910,70.97
2019,10,28,17,0,12,0,12,21.700000000000003,1.4000000000000001,910,84.87
2019,10,28,18,0,0,0,0,20.8,1.2000000000000002,911,99.25
2019,10,28,19,0,0,0,0,20.3,1.2000000000000002,912,113.65
2019,10,28,20,0,0,0,0,19.900000000000002,1.4000000000000001,913,128.13
2019,10,28,21,0,0,0,0,19.5,1.6,913,142.68
2019,10,28,22,0,0,0,0,19.3,1.6,913,157.26
2019,10,28,23,0,0,0,0,19.1,1.3,912,171.86
2019,10,29,0,0,0,0,0,19,1.3,911,173.52
2019,10,29,1,0,0,0,0,18.8,1.3,911,158.92000000000002
2019,10,29,2,0,0,0,0,18.6,1.3,910,144.34
2019,10,29,3,0,0,0,0,18.3,1.2000000000000002,910,129.79
2019,10,29,4,0,0,0,0,18.2,1.4000000000000001,911,115.31
2019,10,29,5,0,0,0,0,18.1,1.5,912,100.91
2019,10,29,6,0,30,143,22,18.7,2.3000000000000003,912,86.48
2019,10,29,7,0,224,442,92,20.6,3.5,913,72.60000000000001
2019,10,29,8,0,414,426,194,22.200000000000003,5.1000000000000005,914,59.02
2019,10,29,9,0,462,174,341,22.6,5.800000000000001,914,46.21
2019,10,29,10,0,543,148,422,22.400000000000002,6,914,35.04
2019,10,29,11,0,460,52,414,21.700000000000003,5.6000000000000005,913,27.6
2019,10,29,12,0,483,62,429,21.3,4.9,912,27.16
2019,10,29,13,0,593,197,430,21.3,4.4,911,33.99
2019,10,29,14,0,419,104,345,21.3,4,910,44.88
2019,10,29,15,0,293,94,242,20.900000000000002,3.4000000000000004,910,57.57
2019,10,29,16,0,170,114,133,20.200000000000003,2.4000000000000004,910,71.09
2019,10,29,17,0,43,144,30,18.900000000000002,1.4000000000000001,911,84.97
2019,10,29,18,0,0,0,0,18.400000000000002,1.3,911,99.34
2019,10,29,19,0,0,0,0,18.3,1.4000000000000001,912,113.71000000000001
2019,10,29,20,0,0,0,0,18.400000000000002,1.4000000000000001,912,128.19
2019,10,29,21,0,0,0,0,18.3,1.4000000000000001,912,142.72
2019,10,29,22,0,0,0,0,18.3,1.5,912,157.29
2019,10,29,23,0,0,0,0,18.5,1.6,911,171.87
2019,10,30,0,0,0,0,0,18.7,1.9000000000000001,911,173.49
2019,10,30,1,0,0,0,0,18.8,2.2,910,158.91
2019,10,30,2,0,0,0,0,18.8,2.3000000000000003,910,144.34
2019,10,30,3,0,0,0,0,18.8,2.6,910,129.81
2019,10,30,4,0,0,0,0,18.7,2.8000000000000003,910,115.34
2019,10,30,5,0,0,0,0,18.6,2.7,911,100.96000000000001
2019,10,30,6,0,18,0,18,18.8,3,911,86.54
2019,10,30,7,0,105,4,104,19.700000000000003,3.8000000000000003,912,72.69
2019,10,30,8,0,96,0,96,21.200000000000003,4.6000000000000005,912,59.15
2019,10,30,9,0,51,0,51,22.8,5.1000000000000005,912,46.38
2019,10,30,10,0,391,41,358,23.5,5.2,912,35.27
2019,10,30,11,0,733,322,448,24.1,4.9,911,27.91
2019,10,30,12,0,732,325,444,24.6,4.7,910,27.48
2019,10,30,13,0,688,348,400,24.400000000000002,4.4,909,34.25
2019,10,30,14,0,425,113,346,23.8,3.7,909,45.08
2019,10,30,15,0,373,251,239,23.1,2.9000000000000004,908,57.730000000000004
2019,10,30,16,0,168,109,132,22.200000000000003,2.1,908,71.22
2019,10,30,17,0,5,0,5,21.400000000000002,1.5,909,85.07000000000001
2019,10,30,18,0,0,0,0,21.1,1.7000000000000002,909,99.41
2019,10,30,19,0,0,0,0,21,2.1,910,113.78
2019,10,30,20,0,0,0,0,20.700000000000003,2.4000000000000004,911,128.23
2019,10,30,21,0,0,0,0,20.5,2.6,911,142.75
2019,10,30,22,0,0,0,0,20.200000000000003,2.4000000000000004,911,157.31
2019,10,30,23,0,0,0,0,19.900000000000002,2.5,910,171.86
2019,10,31,0,0,0,0,0,19.700000000000003,2.5,910,173.44
2019,10,31,1,0,0,0,0,19.5,2.9000000000000004,910,158.9
2019,10,31,2,0,0,0,0,19.3,3,909,144.35
2019,10,31,3,0,0,0,0,19.200000000000003,3.1,909,129.83
2019,10,31,4,0,0,0,0,19.200000000000003,3,909,115.37
2019,10,31,5,0,0,0,0,19.1,2.8000000000000003,910,101.01
2019,10,31,6,0,10,0,10,19.400000000000002,3.2,910,86.61
2019,10,31,7,0,90,0,90,20.400000000000002,3.9000000000000004,911,72.79
2019,10,31,8,0,171,7,168,21.700000000000003,4.5,911,59.27
2019,10,31,9,0,530,302,322,23.3,4.9,911,46.550000000000004
2019,10,31,10,0,314,21,297,24.5,5.1000000000000005,911,35.51
2019,10,31,11,0,373,27,350,25.1,5.2,910,28.22
2019,10,31,12,0,127,1,127,25,5.2,909,27.8
2019,10,31,13,0,284,16,271,24.700000000000003,5.2,909,34.51
2019,10,31,14,0,539,290,335,24.1,4.9,908,45.28
2019,10,31,15,0,410,361,219,23.6,4.3,908,57.88
2019,10,31,16,0,209,268,123,22.6,3.2,909,71.33
2019,10,31,17,0,35,74,29,21.400000000000002,2.1,909,85.16
2019,10,31,18,0,0,0,0,20.8,2.1,910,99.49000000000001
2019,10,31,19,0,0,0,0,20.5,2.1,911,113.83
2019,10,31,20,0,0,0,0,20.3,2.1,912,128.28
2019,10,31,21,0,0,0,0,20.200000000000003,2.1,912,142.78
2019,10,31,22,0,0,0,0,20,2,912,157.32
2019,10,31,23,0,0,0,0,19.900000000000002,2,911,171.83
2019,11,1,0,0,0,0,0,19.6,1.8,911,173.39000000000001
2019,11,1,1,0,0,0,0,19.3,1.6,910,158.89000000000001
2019,11,1,2,0,0,0,0,19.1,1.4000000000000001,910,144.35
2019,11,1,3,0,0,0,0,18.8,1.1,910,129.85
2019,11,1,4,0,0,0,0,18.5,0.9,910,115.41
2019,11,1,5,0,0,0,0,18.3,0.7000000000000001,911,101.06
2019,11,1,6,0,31,171,21,18.8,1,911,86.67
2019,11,1,7,0,246,618,64,19.700000000000003,1.5,912,72.88
2019,11,1,8,0,484,792,81,21,1.7000000000000002,913,59.4
2019,11,1,9,0,690,874,91,23,2.1,913,46.72
2019,11,1,10,0,840,915,97,24.8,2.4000000000000004,912,35.75
2019,11,1,11,0,925,955,86,25.900000000000002,2.5,911,28.52
2019,11,1,12,0,634,189,467,26.400000000000002,2.5,910,28.12
2019,11,1,13,0,857,940,84,26.400000000000002,2.5,909,34.77
2019,11,1,14,0,711,893,85,26.200000000000003,2.4000000000000004,909,45.47
2019,11,1,15,0,508,812,78,25.6,2.3000000000000003,909,58.03
2019,11,1,16,0,272,657,63,24.5,1.7000000000000002,909,71.45
2019,11,1,17,0,48,252,27,22.6,1.1,910,85.24
2019,11,1,18,0,0,0,0,21.400000000000002,0.9,910,99.56
2019,11,1,19,0,0,0,0,20.900000000000002,0.9,911,113.89
2019,11,1,20,0,0,0,0,20.5,0.9,912,128.31
2019,11,1,21,0,0,0,0,20,0.9,912,142.8
2019,11,1,22,0,0,0,0,19.6,1,912,157.32
2019,11,1,23,0,0,0,0,19.400000000000002,1,911,171.79
2019,11,2,0,0,0,0,0,19.200000000000003,1.1,911,173.32
2019,11,2,1,0,0,0,0,19.1,1.1,910,158.88
2019,11,2,2,0,0,0,0,19.200000000000003,1,910,144.36
2019,11,2,3,0,0,0,0,19.200000000000003,1,910,129.87
2019,11,2,4,0,0,0,0,19.1,1,910,115.44
2019,11,2,5,0,0,0,0,19,1,911,101.11
2019,11,2,6,0,28,103,22,19.700000000000003,1.4000000000000001,912,86.74
2019,11,2,7,0,107,9,104,21.200000000000003,2.3000000000000003,913,72.98
2019,11,2,8,0,245,57,216,22.700000000000003,2.5,913,59.53
2019,11,2,9,0,385,89,325,24.200000000000003,2.5,913,46.89
2019,11,2,10,0,837,898,111,25.200000000000003,2.6,913,35.980000000000004
2019,11,2,11,0,924,938,102,26.1,2.6,912,28.830000000000002
2019,11,2,12,0,602,156,465,26.6,2.7,911,28.43
2019,11,2,13,0,854,919,102,26.6,2.7,910,35.02
2019,11,2,14,0,714,900,85,26.400000000000002,2.6,910,45.660000000000004
2019,11,2,15,0,512,828,76,25.8,2.4000000000000004,910,58.17
2019,11,2,16,0,274,678,60,24.700000000000003,1.8,910,71.56
2019,11,2,17,0,49,296,25,22.5,1.2000000000000002,911,85.33
2019,11,2,18,0,0,0,0,21.3,1.2000000000000002,911,99.62
2019,11,2,19,0,0,0,0,20.700000000000003,1.3,912,113.94
2019,11,2,20,0,0,0,0,20.200000000000003,1.4000000000000001,913,128.35
2019,11,2,21,0,0,0,0,19.8,1.5,913,142.82
2019,11,2,22,0,0,0,0,19.400000000000002,1.4000000000000001,913,157.32
2019,11,2,23,0,0,0,0,19,1.2000000000000002,913,171.74
2019,11,3,0,0,0,0,0,18.8,1,913,173.24
2019,11,3,1,0,0,0,0,18.7,0.9,912,158.86
2019,11,3,2,0,0,0,0,18.6,0.8,912,144.37
2019,11,3,3,0,0,0,0,18.5,0.8,912,129.89000000000001
2019,11,3,4,0,0,0,0,18.400000000000002,0.8,912,115.48
2019,11,3,5,0,0,0,0,18.2,0.8,913,101.17
2019,11,3,6,0,31,162,22,19.1,1.3,913,86.81
2019,11,3,7,0,248,623,67,21,2.2,914,73.08
2019,11,3,8,0,491,810,82,22.6,2.4000000000000004,914,59.660000000000004
2019,11,3,9,0,701,897,90,24.400000000000002,2.5,914,47.07
2019,11,3,10,0,849,933,96,25.8,2.6,914,36.22
2019,11,3,11,0,930,956,95,26.700000000000003,2.5,913,29.13
2019,11,3,12,0,574,130,459,27,2.5,912,28.740000000000002
2019,11,3,13,0,853,929,95,26.8,2.4000000000000004,911,35.27
2019,11,3,14,0,709,892,88,26.3,2.3000000000000003,911,45.85
2019,11,3,15,0,507,817,78,25.6,2.2,911,58.31
2019,11,3,16,0,271,670,60,24.5,1.8,911,71.66
2019,11,3,17,0,47,284,25,22.3,1.2000000000000002,912,85.41
2019,11,3,18,0,0,0,0,21,1.2000000000000002,912,99.69
2019,11,3,19,0,0,0,0,20.400000000000002,1.4000000000000001,913,113.98
2019,11,3,20,0,0,0,0,19.8,1.3,914,128.38
2019,11,3,21,0,0,0,0,19,1.2000000000000002,914,142.83
2019,11,3,22,0,0,0,0,18.400000000000002,1,914,157.31
2019,11,3,23,0,0,0,0,17.8,0.9,913,171.67000000000002
2019,11,4,0,0,0,0,0,17.3,0.9,913,173.15
2019,11,4,1,0,0,0,0,16.900000000000002,0.9,912,158.85
2019,11,4,2,0,0,0,0,16.7,0.8,912,144.37
2019,11,4,3,0,0,0,0,16.6,0.8,912,129.92000000000002
2019,11,4,4,0,0,0,0,16.7,0.7000000000000001,912,115.52
2019,11,4,5,0,0,0,0,16.7,0.7000000000000001,913,101.22
2019,11,4,6,0,26,80,21,17.7,0.8,914,86.89
2019,11,4,7,0,230,461,97,19.700000000000003,1.2000000000000002,915,73.18
2019,11,4,8,0,466,659,134,22.900000000000002,1.7000000000000002,915,59.79
2019,11,4,9,0,670,758,156,25,2.2,915,47.25
2019,11,4,10,0,821,818,163,26.3,2.3000000000000003,914,36.46
2019,11,4,11,0,923,921,120,27.3,2.3000000000000003,913,29.43
2019,11,4,12,0,927,923,120,27.8,2.3000000000000003,912,29.04
2019,11,4,13,0,853,904,117,28,2.2,911,35.51
2019,11,4,14,0,709,873,103,27.900000000000002,2.1,911,46.03
2019,11,4,15,0,506,793,91,27.3,2,911,58.45
2019,11,4,16,0,268,631,71,26.200000000000003,1.6,911,71.77
2019,11,4,17,0,46,236,27,22.900000000000002,1.1,912,85.48
2019,11,4,18,0,0,0,0,21,1.1,912,99.74000000000001
2019,11,4,19,0,0,0,0,20.200000000000003,1.3,913,114.02
2019,11,4,20,0,0,0,0,19.5,1.4000000000000001,914,128.4
2019,11,4,21,0,0,0,0,18.900000000000002,1.4000000000000001,914,142.84
2019,11,4,22,0,0,0,0,18.3,1.2000000000000002,914,157.29
2019,11,4,23,0,0,0,0,17.7,1.1,913,171.59
2019,11,5,0,0,0,0,0,17.400000000000002,0.9,913,173.05
2019,11,5,1,0,0,0,0,17.2,0.9,912,158.83
2019,11,5,2,0,0,0,0,17.3,0.9,912,144.38
2019,11,5,3,0,0,0,0,17.5,0.7000000000000001,911,129.94
2019,11,5,4,0,0,0,0,17.900000000000002,0.5,911,115.56
2019,11,5,5,0,0,0,0,17.900000000000002,0.4,912,101.28
2019,11,5,6,0,28,128,21,18.400000000000002,0.30000000000000004,912,86.96000000000001
2019,11,5,7,0,238,555,79,20.400000000000002,0.4,913,73.28
2019,11,5,8,0,476,733,108,23.400000000000002,1.4000000000000001,913,59.92
2019,11,5,9,0,626,598,221,25.5,2.4000000000000004,913,47.42
2019,11,5,10,0,763,567,308,26.6,2.6,913,36.69
2019,11,5,11,0,912,897,133,27.3,2.7,912,29.72
2019,11,5,12,0,914,893,135,27.8,2.7,911,29.34
2019,11,5,13,0,838,866,135,27.900000000000002,2.6,910,35.75
2019,11,5,14,0,688,791,141,27.6,2.4000000000000004,909,46.21
2019,11,5,15,0,485,688,126,27.1,2.2,909,58.58
2019,11,5,16,0,250,477,102,26,1.6,909,71.87
2019,11,5,17,0,38,102,31,23.6,1,910,85.56
2019,11,5,18,0,0,0,0,22.3,0.9,910,99.8
2019,11,5,19,0,0,0,0,21.6,1,911,114.05
2019,11,5,20,0,0,0,0,21,1,912,128.42000000000002
2019,11,5,21,0,0,0,0,20.400000000000002,1,912,142.84
2019,11,5,22,0,0,0,0,19.900000000000002,0.9,912,157.27
2019,11,5,23,0,0,0,0,19.400000000000002,0.9,911,171.5
2019,11,6,0,0,0,0,0,19.1,0.8,911,172.95000000000002
2019,11,6,1,0,0,0,0,19,0.7000000000000001,910,158.81
2019,11,6,2,0,0,0,0,19,0.7000000000000001,910,144.39000000000001
2019,11,6,3,0,0,0,0,19.1,0.6000000000000001,909,129.97
2019,11,6,4,0,0,0,0,19.1,0.5,910,115.61
2019,11,6,5,0,0,0,0,18.900000000000002,0.5,910,101.34
2019,11,6,6,0,22,59,19,19.200000000000003,0.4,911,87.04
2019,11,6,7,0,223,426,101,21.1,0.6000000000000001,912,73.38
2019,11,6,8,0,456,629,142,24.1,0.4,912,60.06
2019,11,6,9,0,619,586,224,25.8,1,912,47.6
2019,11,6,10,0,810,788,180,26.8,1.3,911,36.93
2019,11,6,11,0,814,504,378,27.5,1.5,910,30.01
2019,11,6,12,0,822,509,380,27.900000000000002,1.6,909,29.63
2019,11,6,13,0,762,542,324,28,1.7000000000000002,908,35.980000000000004
2019,11,6,14,0,666,692,189,27.8,1.7000000000000002,908,46.38
2019,11,6,15,0,410,393,206,27.200000000000003,1.7000000000000002,908,58.71
2019,11,6,16,0,16,0,16,26,1.5,908,71.96000000000001
2019,11,6,17,0,4,0,4,23.5,1.1,909,85.62
2019,11,6,18,0,0,0,0,22,1.2000000000000002,909,99.85000000000001
2019,11,6,19,0,0,0,0,21.1,1.5,910,114.09
2019,11,6,20,0,0,0,0,20.5,1.6,911,128.43
2019,11,6,21,0,0,0,0,20,1.5,911,142.84
2019,11,6,22,0,0,0,0,19.6,1.3,911,157.24
2019,11,6,23,0,0,0,0,19.200000000000003,1.1,910,171.39000000000001
2019,11,7,0,0,0,0,0,18.8,0.9,910,172.83
2019,11,7,1,0,0,0,0,18.6,0.8,909,158.79
2019,11,7,2,0,0,0,0,18.400000000000002,0.7000000000000001,909,144.4
2019,11,7,3,0,0,0,0,18.1,0.7000000000000001,908,130
2019,11,7,4,0,0,0,0,18,0.7000000000000001,909,115.65
2019,11,7,5,0,0,0,0,17.900000000000002,0.6000000000000001,909,101.41
2019,11,7,6,0,21,51,18,18.5,0.5,910,87.12
2019,11,7,7,0,183,271,106,20.400000000000002,0.6000000000000001,910,73.49
2019,11,7,8,0,458,665,128,23.5,0.5,911,60.2
2019,11,7,9,0,660,759,151,25.400000000000002,1.5,911,47.78
2019,11,7,10,0,568,198,411,26.5,1.7000000000000002,910,37.160000000000004
2019,11,7,11,0,863,730,232,27.1,1.4000000000000001,910,30.3
2019,11,7,12,0,632,201,457,27.3,1.1,909,29.92
2019,11,7,13,0,633,284,404,26.900000000000002,0.8,908,36.21
2019,11,7,14,0,541,323,319,26.200000000000003,0.7000000000000001,908,46.550000000000004
2019,11,7,15,0,155,2,155,25.6,0.7000000000000001,908,58.83
2019,11,7,16,0,22,0,22,24.700000000000003,0.9,908,72.05
2019,11,7,17,0,10,0,10,23.400000000000002,0.7000000000000001,909,85.69
2019,11,7,18,0,0,0,0,22.5,0.7000000000000001,909,99.89
2019,11,7,19,0,0,0,0,21.900000000000002,0.7000000000000001,910,114.11
2019,11,7,20,0,0,0,0,21.5,0.8,911,128.44
2019,11,7,21,0,0,0,0,21.1,0.7000000000000001,911,142.83
2019,11,7,22,0,0,0,0,20.900000000000002,0.6000000000000001,911,157.20000000000002
2019,11,7,23,0,0,0,0,20.6,0.5,910,171.27
2019,11,8,0,0,0,0,0,20.5,0.5,909,172.72
2019,11,8,1,0,0,0,0,20.200000000000003,0.5,909,158.77
2019,11,8,2,0,0,0,0,20.1,0.4,909,144.41
2019,11,8,3,0,0,0,0,20,0.30000000000000004,909,130.03
2019,11,8,4,0,0,0,0,20,0.30000000000000004,909,115.7
2019,11,8,5,0,0,0,0,19.700000000000003,0.5,910,101.47
2019,11,8,6,0,7,0,7,19.8,0.8,911,87.2
2019,11,8,7,0,38,0,38,20.8,2,911,73.60000000000001
2019,11,8,8,0,304,160,225,22.200000000000003,2.4000000000000004,912,60.34
2019,11,8,9,0,480,232,325,23.700000000000003,2.5,912,47.97
2019,11,8,10,0,531,153,409,25,2.3000000000000003,911,37.4
2019,11,8,11,0,730,374,408,25.8,2.1,910,30.59
2019,11,8,12,0,772,451,382,25.900000000000002,1.9000000000000001,909,30.2
2019,11,8,13,0,695,427,351,25.6,1.7000000000000002,908,36.44
2019,11,8,14,0,617,542,245,25.1,1.5,908,46.71
2019,11,8,15,0,306,134,237,24.5,1.1,908,58.95
2019,11,8,16,0,12,0,12,23.900000000000002,1,909,72.14
2019,11,8,17,0,4,0,4,22.700000000000003,0.6000000000000001,909,85.75
2019,11,8,18,0,0,0,0,22.200000000000003,0.6000000000000001,910,99.93
2019,11,8,19,0,0,0,0,21.8,0.6000000000000001,911,114.13
2019,11,8,20,0,0,0,0,21.3,0.7000000000000001,911,128.45
2019,11,8,21,0,0,0,0,21,0.7000000000000001,912,142.81
2019,11,8,22,0,0,0,0,20.700000000000003,0.7000000000000001,911,157.16
2019,11,8,23,0,0,0,0,20.400000000000002,0.8,911,171.15
2019,11,9,0,0,0,0,0,20.200000000000003,0.9,910,172.59
2019,11,9,1,0,0,0,0,19.900000000000002,0.9,909,158.76
2019,11,9,2,0,0,0,0,19.6,0.9,909,144.42000000000002
2019,11,9,3,0,0,0,0,19.3,0.8,908,130.06
2019,11,9,4,0,0,0,0,19.1,0.7000000000000001,909,115.75
2019,11,9,5,0,0,0,0,19,0.6000000000000001,910,101.54
2019,11,9,6,0,16,24,15,19.5,0.7000000000000001,911,87.29
2019,11,9,7,0,140,96,113,21.1,1,911,73.71000000000001
2019,11,9,8,0,379,370,197,22.900000000000002,0.9,912,60.480000000000004
2019,11,9,9,0,447,179,328,24.5,1.3,912,48.15
2019,11,9,10,0,670,388,362,25.5,1.7000000000000002,911,37.63
2019,11,9,11,0,835,655,273,26.200000000000003,2.1,911,30.87
2019,11,9,12,0,837,644,282,26.3,2.3000000000000003,910,30.48
2019,11,9,13,0,766,616,272,26,2.5,909,36.660000000000004
2019,11,9,14,0,620,509,272,25.5,2.5,909,46.87
2019,11,9,15,0,396,363,210,24.8,2.4000000000000004,909,59.06
2019,11,9,16,0,211,208,148,23.6,2,909,72.22
2019,11,9,17,0,20,18,19,22.200000000000003,1.3,910,85.8
2019,11,9,18,0,0,0,0,21.6,1.3,910,99.97
2019,11,9,19,0,0,0,0,21.3,1.6,911,114.15
2019,11,9,20,0,0,0,0,21.1,1.6,911,128.44
2019,11,9,21,0,0,0,0,21,1.5,912,142.79
2019,11,9,22,0,0,0,0,20.8,1.4000000000000001,911,157.11
2019,11,9,23,0,0,0,0,20.700000000000003,1.3,911,171.02
2019,11,10,0,0,0,0,0,20.400000000000002,1.2000000000000002,910,172.47
2019,11,10,1,0,0,0,0,20.200000000000003,1,910,158.74
2019,11,10,2,0,0,0,0,20,0.9,910,144.44
2019,11,10,3,0,0,0,0,19.8,0.9,910,130.09
2019,11,10,4,0,0,0,0,19.6,0.8,910,115.8
2019,11,10,5,0,0,0,0,19.5,0.8,910,101.61
2019,11,10,6,0,16,32,15,19.8,0.9,911,87.37
2019,11,10,7,0,77,0,77,20.8,1.7000000000000002,911,73.82000000000001
2019,11,10,8,0,371,350,200,22.1,2.2,912,60.620000000000005
2019,11,10,9,0,515,312,308,24,2.9000000000000004,912,48.33
2019,11,10,10,0,664,375,368,25.400000000000002,2.9000000000000004,911,37.87
2019,11,10,11,0,750,433,380,25.700000000000003,2.3000000000000003,911,31.150000000000002
2019,11,10,12,0,782,472,377,25.700000000000003,1.7000000000000002,910,30.75
2019,11,10,13,0,775,673,236,25.700000000000003,1.4000000000000001,910,36.87
2019,11,10,14,0,638,623,214,25.8,1.3,909,47.03
2019,11,10,15,0,448,529,177,25.5,1.1,909,59.17
2019,11,10,16,0,165,133,124,24.900000000000002,0.8,909,72.3
2019,11,10,17,0,26,22,25,23.700000000000003,0.6000000000000001,910,85.85000000000001
2019,11,10,18,0,0,0,0,22.8,0.7000000000000001,910,100
2019,11,10,19,0,0,0,0,21.900000000000002,0.8,911,114.16
2019,11,10,20,0,0,0,0,21.3,1,911,128.44
2019,11,10,21,0,0,0,0,20.700000000000003,1.2000000000000002,911,142.76
2019,11,10,22,0,0,0,0,20.200000000000003,1.5,911,157.05
2019,11,10,23,0,0,0,0,19.700000000000003,1.8,910,170.87
2019,11,11,0,0,0,0,0,19.1,2,910,172.34
2019,11,11,1,0,0,0,0,18.3,1.8,909,158.72
2019,11,11,2,0,0,0,0,17.6,1.4000000000000001,909,144.45000000000002
2019,11,11,3,0,0,0,0,17.1,1.1,909,130.13
2019,11,11,4,0,0,0,0,16.8,1,910,115.85000000000001
2019,11,11,5,0,0,0,0,16.400000000000002,0.9,910,101.68
2019,11,11,6,0,17,40,15,17.2,1.2000000000000002,911,87.46000000000001
2019,11,11,7,0,209,379,104,19.3,2,912,73.94
2019,11,11,8,0,419,549,151,22.1,2.4000000000000004,912,60.77
2019,11,11,9,0,642,701,178,23.900000000000002,2.6,912,48.51
2019,11,11,10,0,794,767,190,24.900000000000002,2.6,912,38.1
2019,11,11,11,0,863,755,219,25.6,2.6,911,31.43
2019,11,11,12,0,873,778,206,26.1,2.6,910,31.02
2019,11,11,13,0,805,773,188,26.1,2.6,909,37.08
2019,11,11,14,0,656,683,192,25.900000000000002,2.3000000000000003,909,47.18
2019,11,11,15,0,460,583,162,25.200000000000003,1.8,909,59.28
2019,11,11,16,0,233,399,112,24.200000000000003,1.3,909,72.37
2019,11,11,17,0,32,79,26,21.900000000000002,0.8,910,85.9
2019,11,11,18,0,0,0,0,20.700000000000003,1,910,100.03
2019,11,11,19,0,0,0,0,20.200000000000003,1.1,911,114.17
2019,11,11,20,0,0,0,0,19.8,1.2000000000000002,911,128.43
2019,11,11,21,0,0,0,0,19.5,1.3,912,142.73
2019,11,11,22,0,0,0,0,19.1,1.2000000000000002,911,156.99
2019,11,11,23,0,0,0,0,18.8,1.2000000000000002,911,170.73
2019,11,12,0,0,0,0,0,18.400000000000002,1.1,911,172.21
2019,11,12,1,0,0,0,0,18.1,1.1,910,158.70000000000002
2019,11,12,2,0,0,0,0,18,1.2000000000000002,910,144.47
2019,11,12,3,0,0,0,0,18,1.2000000000000002,910,130.17000000000002
2019,11,12,4,0,0,0,0,17.900000000000002,1.2000000000000002,910,115.91
2019,11,12,5,0,0,0,0,17.7,1.1,911,101.76
2019,11,12,6,0,21,92,17,18.3,1.4000000000000001,912,87.55
2019,11,12,7,0,225,547,75,20,2.4000000000000004,913,74.06
2019,11,12,8,0,465,758,96,21.700000000000003,2.8000000000000003,913,60.910000000000004
2019,11,12,9,0,674,860,106,23.3,3.1,913,48.7
2019,11,12,10,0,827,912,111,24.6,3.3000000000000003,913,38.33
2019,11,12,11,0,911,940,111,25.5,3.3000000000000003,912,31.7
2019,11,12,12,0,916,943,110,26,3.3000000000000003,911,31.28
2019,11,12,13,0,843,924,107,26.1,3.3000000000000003,910,37.29
2019,11,12,14,0,691,850,114,25.900000000000002,3.2,910,47.33
2019,11,12,15,0,490,764,101,25.3,3,910,59.38
2019,11,12,16,0,254,584,78,23.900000000000002,2.2,910,72.44
2019,11,12,17,0,38,177,26,21.5,1.3,911,85.94
2019,11,12,18,0,0,0,0,20.400000000000002,1.5,911,100.05
2019,11,12,19,0,0,0,0,19.8,1.6,912,114.18
2019,11,12,20,0,0,0,0,19.3,1.8,913,128.42000000000002
2019,11,12,21,0,0,0,0,18.6,1.8,913,142.70000000000002
2019,11,12,22,0,0,0,0,18,1.8,913,156.92000000000002
2019,11,12,23,0,0,0,0,17.8,1.9000000000000001,913,170.57
2019,11,13,0,0,0,0,0,17.7,2,912,172.07
2019,11,13,1,0,0,0,0,17.5,1.9000000000000001,912,158.68
2019,11,13,2,0,0,0,0,17.2,1.7000000000000002,911,144.48
2019,11,13,3,0,0,0,0,16.900000000000002,1.5,911,130.21
2019,11,13,4,0,0,0,0,16.6,1.4000000000000001,912,115.97
2019,11,13,5,0,0,0,0,16.400000000000002,1.4000000000000001,912,101.83
2019,11,13,6,0,20,88,16,16.900000000000002,2,913,87.64
2019,11,13,7,0,222,530,78,19,3,914,74.17
2019,11,13,8,0,459,739,101,21.200000000000003,3.6,914,61.06
2019,11,13,9,0,667,844,113,22.900000000000002,3.8000000000000003,914,48.88
2019,11,13,10,0,820,899,117,24.400000000000002,3.8000000000000003,914,38.56
2019,11,13,11,0,896,898,135,25.400000000000002,3.7,913,31.970000000000002
2019,11,13,12,0,899,896,135,26,3.5,912,31.54
2019,11,13,13,0,827,876,131,26.200000000000003,3.3000000000000003,911,37.49
2019,11,13,14,0,676,795,139,26,3.1,910,47.47
2019,11,13,15,0,418,456,186,25.400000000000002,2.9000000000000004,910,59.480000000000004
2019,11,13,16,0,245,518,89,24,2.2,910,72.5
2019,11,13,17,0,36,136,26,21.200000000000003,1.4000000000000001,911,85.98
2019,11,13,18,0,0,0,0,20,1.5,912,100.07000000000001
2019,11,13,19,0,0,0,0,19.700000000000003,1.7000000000000002,912,114.18
2019,11,13,20,0,0,0,0,19.5,1.8,913,128.4
2019,11,13,21,0,0,0,0,19.3,1.9000000000000001,913,142.66
2019,11,13,22,0,0,0,0,19.1,2.1,913,156.85
2019,11,13,23,0,0,0,0,18.7,1.9000000000000001,913,170.41
2019,11,14,0,0,0,0,0,18.3,1.8,912,171.94
2019,11,14,1,0,0,0,0,18,1.7000000000000002,912,158.67000000000002
2019,11,14,2,0,0,0,0,17.6,1.6,911,144.5
2019,11,14,3,0,0,0,0,17.1,1.3,911,130.25
2019,11,14,4,0,0,0,0,16.8,1.3,911,116.03
2019,11,14,5,0,0,0,0,16.6,1.2000000000000002,912,101.91
2019,11,14,6,0,20,93,17,17.3,1.8,913,87.73
2019,11,14,7,0,15,0,15,19.400000000000002,2.9000000000000004,914,74.29
2019,11,14,8,0,36,0,36,21.8,3.6,914,61.21
2019,11,14,9,0,399,124,318,23.6,3.8000000000000003,914,49.07
2019,11,14,10,0,465,98,389,24.900000000000002,3.7,913,38.79
2019,11,14,11,0,73,0,73,26,3.7,912,32.230000000000004
2019,11,14,12,0,180,8,173,26.6,3.7,911,31.79
2019,11,14,13,0,643,326,385,26.8,3.6,910,37.68
2019,11,14,14,0,383,90,322,26.5,3.4000000000000004,909,47.6
2019,11,14,15,0,288,113,230,25.700000000000003,3.1,909,59.57
2019,11,14,16,0,213,364,104,24.5,2.4000000000000004,910,72.56
2019,11,14,17,0,37,180,25,22.5,1.5,910,86.02
2019,11,14,18,0,0,0,0,21.6,1.5,911,100.08
2019,11,14,19,0,0,0,0,21.1,1.5,912,114.17
2019,11,14,20,0,0,0,0,20.6,1.6,912,128.37
2019,11,14,21,0,0,0,0,20.400000000000002,2,912,142.61
2019,11,14,22,0,0,0,0,20.200000000000003,2.2,912,156.77
2019,11,14,23,0,0,0,0,20,2.1,912,170.24
2019,11,15,0,0,0,0,0,19.700000000000003,1.8,911,171.8
2019,11,15,1,0,0,0,0,19.400000000000002,1.6,911,158.65
2019,11,15,2,0,0,0,0,19.1,1.3,910,144.52
2019,11,15,3,0,0,0,0,18.7,1.1,910,130.29
2019,11,15,4,0,0,0,0,18.5,1.1,911,116.09
2019,11,15,5,0,0,0,0,18.2,1,911,101.99000000000001
2019,11,15,6,0,20,152,15,18.7,1.6,912,87.82000000000001
2019,11,15,7,0,98,8,96,20,2.6,913,74.41
2019,11,15,8,0,234,62,205,21.700000000000003,3,914,61.36
2019,11,15,9,0,502,305,303,23.900000000000002,3.2,914,49.25
2019,11,15,10,0,282,17,269,25.400000000000002,3.3000000000000003,913,39.01
2019,11,15,11,0,140,2,138,26.400000000000002,3.3000000000000003,912,32.49
2019,11,15,12,0,96,0,96,26.900000000000002,3.2,911,32.03
2019,11,15,13,0,152,4,149,27,3.1,910,37.87
2019,11,15,14,0,314,41,287,26.700000000000003,2.9000000000000004,910,47.74
2019,11,15,15,0,347,240,226,26.1,2.6,909,59.660000000000004
2019,11,15,16,0,229,465,90,24.900000000000002,1.9000000000000001,910,72.62
2019,11,15,17,0,33,128,24,22.700000000000003,1.1,910,86.05
2019,11,15,18,0,0,0,0,21.400000000000002,1,911,100.09
2019,11,15,19,0,0,0,0,20.8,1,912,114.16
2019,11,15,20,0,0,0,0,20.3,1.1,912,128.35
2019,11,15,21,0,0,0,0,19.900000000000002,1.2000000000000002,912,142.56
2019,11,15,22,0,0,0,0,19.6,1.3,912,156.69
2019,11,15,23,0,0,0,0,19.6,1.5,912,170.08
2019,11,16,0,0,0,0,0,19.6,1.7000000000000002,911,171.67000000000002
2019,11,16,1,0,0,0,0,19.5,2,910,158.64000000000001
2019,11,16,2,0,0,0,0,19.400000000000002,2.4000000000000004,909,144.55
2019,11,16,3,0,0,0,0,19.200000000000003,2.3000000000000003,909,130.34
2019,11,16,4,0,0,0,0,18.900000000000002,1.8,910,116.15
2019,11,16,5,0,0,0,0,18.5,1.3,911,102.07000000000001
2019,11,16,6,0,2,0,2,19,1.8,912,87.92
2019,11,16,7,0,15,0,15,20.400000000000002,2.9000000000000004,913,74.54
2019,11,16,8,0,157,4,155,22.200000000000003,3.3000000000000003,913,61.51
2019,11,16,9,0,469,240,313,23.900000000000002,3.4000000000000004,914,49.43
2019,11,16,10,0,266,15,254,25.3,3.4000000000000004,913,39.24
2019,11,16,11,0,627,223,439,26.3,3.3000000000000003,912,32.74
2019,11,16,12,0,705,342,415,26.900000000000002,3.2,911,32.27
2019,11,16,13,0,542,172,407,27.1,3.2,910,38.050000000000004
2019,11,16,14,0,572,447,273,26.8,3.1,910,47.86
2019,11,16,15,0,479,783,84,26.200000000000003,3,910,59.74
2019,11,16,16,0,250,622,65,24.900000000000002,2.3000000000000003,910,72.67
2019,11,16,17,0,38,217,23,22.6,1.4000000000000001,911,86.07000000000001
2019,11,16,18,0,0,0,0,21.5,1.5,912,100.10000000000001
2019,11,16,19,0,0,0,0,21,1.9000000000000001,913,114.15
2019,11,16,20,0,0,0,0,20.5,2.1,913,128.31
2019,11,16,21,0,0,0,0,19.900000000000002,2.1,913,142.51
2019,11,16,22,0,0,0,0,19.400000000000002,2,913,156.6
2019,11,16,23,0,0,0,0,19.200000000000003,1.9000000000000001,912,169.9
2019,11,17,0,0,0,0,0,18.900000000000002,1.7000000000000002,912,171.53
2019,11,17,1,0,0,0,0,18.6,1.6,911,158.63
2019,11,17,2,0,0,0,0,18.2,1.4000000000000001,911,144.57
2019,11,17,3,0,0,0,0,17.8,1.3,911,130.39000000000001
2019,11,17,4,0,0,0,0,17.400000000000002,1.2000000000000002,911,116.22
2019,11,17,5,0,0,0,0,17,1.1,912,102.16
2019,11,17,6,0,20,147,14,17.5,1.6,913,88.01
2019,11,17,7,0,228,639,59,19.200000000000003,2.4000000000000004,913,74.66
2019,11,17,8,0,469,825,77,21.3,2.5,914,61.660000000000004
2019,11,17,9,0,676,909,87,23.400000000000002,2.8000000000000003,914,49.620000000000005
2019,11,17,10,0,828,950,94,24.8,2.8000000000000003,913,39.46
2019,11,17,11,0,907,962,100,25.700000000000003,2.8000000000000003,912,32.99
2019,11,17,12,0,910,958,102,26.200000000000003,2.8000000000000003,911,32.51
2019,11,17,13,0,834,933,101,26.3,2.8000000000000003,910,38.230000000000004
2019,11,17,14,0,688,877,101,26,2.7,910,47.980000000000004
2019,11,17,15,0,487,788,90,25.5,2.6,910,59.82
2019,11,17,16,0,252,609,71,24,2,910,72.72
2019,11,17,17,0,37,190,24,20.8,1.2000000000000002,911,86.09
2019,11,17,18,0,0,0,0,19.6,1.4000000000000001,912,100.10000000000001
2019,11,17,19,0,0,0,0,19.200000000000003,1.6,913,114.13
2019,11,17,20,0,0,0,0,18.8,1.8,913,128.28
2019,11,17,21,0,0,0,0,18.400000000000002,1.8,913,142.45000000000002
2019,11,17,22,0,0,0,0,18,1.6,913,156.51
2019,11,17,23,0,0,0,0,17.6,1.5,913,169.73
2019,11,18,0,0,0,0,0,17.3,1.5,912,171.39000000000001
2019,11,18,1,0,0,0,0,17.5,1.5,911,158.62
2019,11,18,2,0,0,0,0,17.6,1.7000000000000002,911,144.6
2019,11,18,3,0,0,0,0,17.5,1.7000000000000002,911,130.44
2019,11,18,4,0,0,0,0,17.400000000000002,1.6,912,116.29
2019,11,18,5,0,0,0,0,17.2,1.6,912,102.24000000000001
2019,11,18,6,0,15,43,13,17.8,2.3000000000000003,913,88.11
2019,11,18,7,0,205,450,87,19.900000000000002,3.3000000000000003,913,74.79
2019,11,18,8,0,435,673,117,22.3,3.9000000000000004,914,61.81
2019,11,18,9,0,348,75,299,24.400000000000002,4.1000000000000005,914,49.800000000000004
2019,11,18,10,0,452,93,381,25.8,3.9000000000000004,913,39.68
2019,11,18,11,0,212,11,203,26.700000000000003,3.7,912,33.24
2019,11,18,12,0,635,234,438,27.1,3.6,911,32.74
2019,11,18,13,0,570,214,403,27.200000000000003,3.5,910,38.4
2019,11,18,14,0,649,738,156,27,3.4000000000000004,910,48.1
2019,11,18,15,0,405,430,190,26.400000000000002,3.2,910,59.9
2019,11,18,16,0,230,432,102,25.1,2.5,910,72.76
2019,11,18,17,0,31,76,26,23.200000000000003,1.8,911,86.11
2019,11,18,18,0,0,0,0,22.400000000000002,2.2,911,100.09
2019,11,18,19,0,0,0,0,22,2.5,912,114.11
2019,11,18,20,0,0,0,0,21.6,2.4000000000000004,912,128.24
2019,11,18,21,0,0,0,0,21.200000000000003,2.2,912,142.39000000000001
2019,11,18,22,0,0,0,0,20.8,2.1,912,156.42000000000002
2019,11,18,23,0,0,0,0,20.200000000000003,1.7000000000000002,912,169.55
2019,11,19,0,0,0,0,0,19.700000000000003,1.4000000000000001,911,171.26
2019,11,19,1,0,0,0,0,19.3,1.2000000000000002,911,158.61
2019,11,19,2,0,0,0,0,18.900000000000002,1.1,910,144.63
2019,11,19,3,0,0,0,0,18.5,0.9,911,130.49
2019,11,19,4,0,0,0,0,18.1,0.9,911,116.36
2019,11,19,5,0,0,0,0,17.8,0.9,912,102.33
2019,11,19,6,0,18,133,13,18.6,1.2000000000000002,912,88.21000000000001
2019,11,19,7,0,221,623,58,20.6,2.2,913,74.91
2019,11,19,8,0,458,813,76,22.400000000000002,2.4000000000000004,914,61.96
2019,11,19,9,0,663,898,86,24.200000000000003,2.5,914,49.980000000000004
2019,11,19,10,0,815,942,92,25.6,2.6,913,39.9
2019,11,19,11,0,898,974,86,26.6,2.7,912,33.480000000000004
2019,11,19,12,0,902,973,86,27.1,2.7,911,32.96
2019,11,19,13,0,832,957,84,27.400000000000002,2.8000000000000003,910,38.57
2019,11,19,14,0,689,910,83,27.200000000000003,2.7,909,48.21
2019,11,19,15,0,491,836,73,26.700000000000003,2.5,909,59.96
2019,11,19,16,0,258,679,57,25.6,1.7000000000000002,910,72.8
2019,11,19,17,0,37,210,23,23.400000000000002,0.9,910,86.12
2019,11,19,18,0,0,0,0,22.8,0.6000000000000001,911,100.09
2019,11,19,19,0,0,0,0,22.400000000000002,0.30000000000000004,911,114.08
2019,11,19,20,0,0,0,0,21.5,0.2,912,128.19
2019,11,19,21,0,0,0,0,21,0.30000000000000004,912,142.32
2019,11,19,22,0,0,0,0,20.3,0.2,912,156.32
2019,11,19,23,0,0,0,0,19.900000000000002,0.30000000000000004,911,169.37
2019,11,20,0,0,0,0,0,19.700000000000003,0,910,171.13
2019,11,20,1,0,0,0,0,19.400000000000002,0.4,910,158.6
2019,11,20,2,0,0,0,0,19.3,0.7000000000000001,909,144.66
2019,11,20,3,0,0,0,0,19.5,0.9,910,130.54
2019,11,20,4,0,0,0,0,19.6,1.1,910,116.43
2019,11,20,5,0,0,0,0,19.400000000000002,1,911,102.42
2019,11,20,6,0,5,0,5,19.6,1.3,911,88.31
2019,11,20,7,0,84,0,84,21.200000000000003,2.4000000000000004,912,75.04
2019,11,20,8,0,308,215,207,23,3.3000000000000003,912,62.120000000000005
2019,11,20,9,0,589,599,205,24.6,3.8000000000000003,912,50.17
2019,11,20,10,0,672,466,316,25.6,3.8000000000000003,912,40.11
2019,11,20,11,0,594,189,437,26.3,3.8000000000000003,911,33.72
2019,11,20,12,0,673,298,423,26.400000000000002,3.9000000000000004,910,33.17
2019,11,20,13,0,651,361,369,26.1,3.9000000000000004,909,38.730000000000004
2019,11,20,14,0,340,59,301,25.5,3.8000000000000003,909,48.32
2019,11,20,15,0,288,121,228,24.400000000000002,3.5,909,60.03
2019,11,20,16,0,11,0,11,23.200000000000003,2.7,910,72.83
2019,11,20,17,0,4,0,4,21.6,1.6,910,86.13
2019,11,20,18,0,0,0,0,20.8,1.5,911,100.07000000000001
2019,11,20,19,0,0,0,0,20.400000000000002,1.4000000000000001,912,114.05
2019,11,20,20,0,0,0,0,20.1,1.5,912,128.14000000000001
2019,11,20,21,0,0,0,0,19.900000000000002,1.4000000000000001,912,142.25
2019,11,20,22,0,0,0,0,19.700000000000003,1.3,912,156.21
2019,11,20,23,0,0,0,0,19.5,1.2000000000000002,912,169.19
2019,11,21,0,0,0,0,0,19.400000000000002,1.4000000000000001,911,171
2019,11,21,1,0,0,0,0,19.3,1.5,911,158.59
2019,11,21,2,0,0,0,0,19.1,1.4000000000000001,910,144.70000000000002
2019,11,21,3,0,0,0,0,18.900000000000002,1.3,910,130.6
2019,11,21,4,0,0,0,0,18.7,1.2000000000000002,911,116.51
2019,11,21,5,0,0,0,0,18.6,1.2000000000000002,911,102.51
2019,11,21,6,0,2,0,2,19.1,1.7000000000000002,912,88.42
2019,11,21,7,0,14,0,14,20.5,2.8000000000000003,913,75.17
2019,11,21,8,0,322,258,201,21.900000000000002,3.5,913,62.27
2019,11,21,9,0,397,136,310,24,4.2,913,50.35
2019,11,21,10,0,298,21,282,25.400000000000002,4.5,913,40.33
2019,11,21,11,0,148,4,145,26.200000000000003,4.5,912,33.95
2019,11,21,12,0,406,41,372,26.700000000000003,4.4,911,33.38
2019,11,21,13,0,117,0,117,26.8,4.3,910,38.88
2019,11,21,14,0,210,10,204,26.6,4.1000000000000005,910,48.42
2019,11,21,15,0,367,309,213,26,3.9000000000000004,910,60.09
2019,11,21,16,0,235,484,93,24.700000000000003,3,910,72.86
2019,11,21,17,0,34,111,26,22.5,1.9000000000000001,911,86.13
2019,11,21,18,0,0,0,0,21.5,2.2,912,100.06
2019,11,21,19,0,0,0,0,20.8,2.5,913,114.02
2019,11,21,20,0,0,0,0,20.1,2.4000000000000004,913,128.09
2019,11,21,21,0,0,0,0,19.5,2.3000000000000003,914,142.18
2019,11,21,22,0,0,0,0,19.200000000000003,2.2,914,156.11
2019,11,21,23,0,0,0,0,18.900000000000002,2.2,913,169.01
2019,11,22,0,0,0,0,0,18.6,2.3000000000000003,913,170.87
2019,11,22,1,0,0,0,0,18.2,2.2,912,158.59
2019,11,22,2,0,0,0,0,18,2.7,912,144.73
2019,11,22,3,0,0,0,0,17.6,2.9000000000000004,912,130.66
2019,11,22,4,0,0,0,0,17.3,2.9000000000000004,912,116.59
2019,11,22,5,0,0,0,0,16.900000000000002,2.6,913,102.61
2019,11,22,6,0,15,106,13,17,2.6,913,88.52
2019,11,22,7,0,14,0,14,18.7,3.7,914,75.3
2019,11,22,8,0,311,232,203,20.8,4.2,914,62.42
2019,11,22,9,0,662,910,84,22.6,4.2,915,50.53
2019,11,22,10,0,490,135,387,24.1,4.2,914,40.54
2019,11,22,11,0,552,144,432,25.200000000000003,4.2,913,34.18
2019,11,22,12,0,262,14,250,25.8,4.1000000000000005,913,33.59
2019,11,22,13,0,541,181,401,25.900000000000002,4.1000000000000005,912,39.03
2019,11,22,14,0,470,220,324,25.6,3.8000000000000003,911,48.51
2019,11,22,15,0,340,235,223,24.900000000000002,3.5,911,60.14
2019,11,22,16,0,219,427,94,23.5,2.6,911,72.88
2019,11,22,17,0,39,193,26,20.400000000000002,1.5,912,86.13
2019,11,22,18,0,0,0,0,18.900000000000002,1.6,913,100.04
2019,11,22,19,0,0,0,0,18.2,1.7000000000000002,914,113.98
2019,11,22,20,0,0,0,0,17.400000000000002,1.7000000000000002,914,128.03
2019,11,22,21,0,0,0,0,16.7,1.7000000000000002,914,142.1
2019,11,22,22,0,0,0,0,16,1.7000000000000002,914,156
2019,11,22,23,0,0,0,0,15.3,1.6,914,168.82
2019,11,23,0,0,0,0,0,15.100000000000001,1.7000000000000002,913,170.75
2019,11,23,1,0,0,0,0,15.200000000000001,2,913,158.59
2019,11,23,2,0,0,0,0,15.100000000000001,2.2,912,144.77
2019,11,23,3,0,0,0,0,14.9,2.2,912,130.72
2019,11,23,4,0,0,0,0,14.700000000000001,2.3000000000000003,913,116.67
2019,11,23,5,0,0,0,0,14.5,2.3000000000000003,913,102.7
2019,11,23,6,0,15,95,12,14.8,2.7,914,88.62
2019,11,23,7,0,219,626,61,16.8,3.1,915,75.43
2019,11,23,8,0,460,824,81,19.700000000000003,3.5,915,62.58
2019,11,23,9,0,668,912,91,22.400000000000002,3.7,915,50.71
2019,11,23,10,0,820,952,99,24.200000000000003,3.8000000000000003,915,40.75
2019,11,23,11,0,900,967,102,25.200000000000003,3.8000000000000003,913,34.4
2019,11,23,12,0,904,963,104,25.700000000000003,3.8000000000000003,912,33.79
2019,11,23,13,0,830,939,102,25.8,3.7,911,39.17
2019,11,23,14,0,686,886,100,25.5,3.5,911,48.6
2019,11,23,15,0,487,802,88,24.900000000000002,3.3000000000000003,911,60.19
2019,11,23,16,0,255,634,69,23.5,2.5,911,72.9
2019,11,23,17,0,39,214,25,20.8,1.5,912,86.12
2019,11,23,18,0,0,0,0,19.8,1.7000000000000002,912,100.01
2019,11,23,19,0,0,0,0,19.1,2,913,113.94
2019,11,23,20,0,0,0,0,18.1,1.9000000000000001,914,127.97
2019,11,23,21,0,0,0,0,17.3,1.9000000000000001,914,142.02
2019,11,23,22,0,0,0,0,16.900000000000002,2.1,913,155.89000000000001
2019,11,23,23,0,0,0,0,16.8,2.3000000000000003,913,168.64000000000001
2019,11,24,0,0,0,0,0,16.6,2.3000000000000003,912,170.62
2019,11,24,1,0,0,0,0,16.2,2.2,912,158.59
2019,11,24,2,0,0,0,0,15.9,2,912,144.81
2019,11,24,3,0,0,0,0,15.600000000000001,2,912,130.79
2019,11,24,4,0,0,0,0,15.3,1.9000000000000001,912,116.75
2019,11,24,5,0,0,0,0,15.200000000000001,1.8,912,102.8
2019,11,24,6,0,13,78,12,15.700000000000001,2.3000000000000003,913,88.72
2019,11,24,7,0,211,598,62,18.1,3.3000000000000003,914,75.57000000000001
2019,11,24,8,0,452,813,79,20.8,3.9000000000000004,914,62.730000000000004
2019,11,24,9,0,659,904,88,22.8,3.9000000000000004,914,50.89
2019,11,24,10,0,809,946,95,24.3,3.8000000000000003,914,40.95
2019,11,24,11,0,888,946,109,25.3,3.6,913,34.62
2019,11,24,12,0,893,945,110,26,3.5,912,33.980000000000004
2019,11,24,13,0,822,924,107,26.200000000000003,3.3000000000000003,911,39.31
2019,11,24,14,0,674,846,116,26,3.1,910,48.68
2019,11,24,15,0,480,764,100,25.400000000000002,2.8000000000000003,910,60.230000000000004
2019,11,24,16,0,251,602,74,24,2,911,72.91
2019,11,24,17,0,39,211,24,21.6,1.2000000000000002,911,86.12
2019,11,24,18,0,0,0,0,20.400000000000002,1.4000000000000001,912,99.98
2019,11,24,19,0,0,0,0,19.8,1.8,913,113.89
2019,11,24,20,0,0,0,0,19.200000000000003,2.4000000000000004,913,127.91
2019,11,24,21,0,0,0,0,18.400000000000002,2.6,914,141.93
2019,11,24,22,0,0,0,0,17.8,2.5,913,155.77
2019,11,24,23,0,0,0,0,17.7,2.7,913,168.46
2019,11,25,0,0,0,0,0,17.400000000000002,2.6,912,170.51
2019,11,25,1,0,0,0,0,17,2.4000000000000004,912,158.59
2019,11,25,2,0,0,0,0,16.6,2.2,911,144.86
2019,11,25,3,0,0,0,0,16.1,2.1,911,130.85
2019,11,25,4,0,0,0,0,15.700000000000001,2.2,912,116.83
2019,11,25,5,0,0,0,0,15.4,2.3000000000000003,912,102.9
2019,11,25,6,0,2,0,2,15.600000000000001,2.7,913,88.83
2019,11,25,7,0,35,0,35,17.7,3.4000000000000004,914,75.7
2019,11,25,8,0,361,423,169,20.6,3.9000000000000004,915,62.88
2019,11,25,9,0,653,887,95,23.1,4.3,914,51.06
2019,11,25,10,0,472,122,380,24.700000000000003,4.4,914,41.15
2019,11,25,11,0,510,108,421,25.8,4.3,912,34.83
2019,11,25,12,0,296,17,281,26.400000000000002,4.1000000000000005,911,34.160000000000004
2019,11,25,13,0,820,925,106,26.6,3.9000000000000004,910,39.44
2019,11,25,14,0,677,868,105,26.400000000000002,3.7,909,48.76
2019,11,25,15,0,355,280,216,25.700000000000003,3.4000000000000004,909,60.27
2019,11,25,16,0,249,601,73,24.3,2.6,910,72.92
2019,11,25,17,0,38,180,26,21.700000000000003,1.6,911,86.10000000000001
2019,11,25,18,0,0,0,0,20.5,1.9000000000000001,911,99.95
2019,11,25,19,0,0,0,0,19.900000000000002,2.3000000000000003,912,113.84
2019,11,25,20,0,0,0,0,19.1,2.3000000000000003,913,127.84
2019,11,25,21,0,0,0,0,18.5,2.3000000000000003,913,141.84
2019,11,25,22,0,0,0,0,18.3,2.5,913,155.65
2019,11,25,23,0,0,0,0,18.1,2.6,912,168.28
2019,11,26,0,0,0,0,0,17.7,2.6,912,170.39000000000001
2019,11,26,1,0,0,0,0,17.3,2.7,911,158.6
2019,11,26,2,0,0,0,0,16.8,2.4000000000000004,911,144.9
2019,11,26,3,0,0,0,0,16.3,2.3000000000000003,911,130.92000000000002
2019,11,26,4,0,0,0,0,15.9,2,911,116.92
2019,11,26,5,0,0,0,0,15.600000000000001,1.9000000000000001,912,103
2019,11,26,6,0,12,68,11,16,2.4000000000000004,912,88.93
2019,11,26,7,0,210,601,63,18.2,3.6,913,75.83
2019,11,26,8,0,451,814,82,20.3,4.2,914,63.04
2019,11,26,9,0,662,909,93,22.1,4.3,914,51.24
2019,11,26,10,0,816,953,100,23.6,4.5,913,41.35
2019,11,26,11,0,897,962,109,24.8,4.6000000000000005,912,35.04
2019,11,26,12,0,905,966,107,25.5,4.6000000000000005,911,34.34
2019,11,26,13,0,835,953,100,25.700000000000003,4.6000000000000005,910,39.56
2019,11,26,14,0,693,908,95,25.400000000000002,4.5,909,48.83
2019,11,26,15,0,495,832,82,24.700000000000003,4.2,909,60.300000000000004
2019,11,26,16,0,262,676,63,23.3,3.2,909,72.92
2019,11,26,17,0,42,252,24,20.900000000000002,2.1,910,86.08
2019,11,26,18,0,0,0,0,19.900000000000002,2.3000000000000003,911,99.91
2019,11,26,19,0,0,0,0,19.400000000000002,2.8000000000000003,912,113.79
2019,11,26,20,0,0,0,0,18.6,2.7,912,127.77
2019,11,26,21,0,0,0,0,17.900000000000002,2.4000000000000004,913,141.75
2019,11,26,22,0,0,0,0,17.2,1.9000000000000001,912,155.53
2019,11,26,23,0,0,0,0,17.2,1.8,912,168.1
2019,11,27,0,0,0,0,0,17.1,1.9000000000000001,911,170.28
2019,11,27,1,0,0,0,0,17,1.8,910,158.61
2019,11,27,2,0,0,0,0,16.8,1.8,910,144.95000000000002
2019,11,27,3,0,0,0,0,16.7,1.8,910,130.99
2019,11,27,4,0,0,0,0,16.7,2,910,117
2019,11,27,5,0,0,0,0,16.8,2.2,911,103.11
2019,11,27,6,0,0,0,0,17.2,3,912,89.04
2019,11,27,7,0,8,0,8,18.6,3.5,913,75.97
2019,11,27,8,0,113,0,113,20.5,4,913,63.190000000000005
2019,11,27,9,0,262,26,245,23,4.6000000000000005,913,51.410000000000004
2019,11,27,10,0,168,5,164,24.8,4.9,912,41.54
2019,11,27,11,0,195,9,188,26,4.800000000000001,911,35.24
2019,11,27,12,0,107,0,107,26.700000000000003,4.7,910,34.51
2019,11,27,13,0,670,444,329,26.900000000000002,4.5,909,39.68
2019,11,27,14,0,577,503,246,26.6,4.3,909,48.9
2019,11,27,15,0,409,462,180,25.8,4,909,60.33
2019,11,27,16,0,236,492,92,24.1,3,909,72.92
2019,11,27,17,0,34,109,27,21.900000000000002,2,910,86.06
2019,11,27,18,0,0,0,0,21,2.3000000000000003,911,99.87
2019,11,27,19,0,0,0,0,20.5,2.6,912,113.73
2019,11,27,20,0,0,0,0,20.1,2.6,912,127.7
2019,11,27,21,0,0,0,0,19.700000000000003,2.3000000000000003,913,141.66
2019,11,27,22,0,0,0,0,19.3,2,912,155.41
2019,11,27,23,0,0,0,0,19,1.8,912,167.92000000000002
2019,11,28,0,0,0,0,0,18.8,2.2,912,170.17000000000002
2019,11,28,1,0,0,0,0,18.6,2.4000000000000004,911,158.62
2019,11,28,2,0,0,0,0,18.400000000000002,2.4000000000000004,910,145
2019,11,28,3,0,0,0,0,18.2,2.5,910,131.06
2019,11,28,4,0,0,0,0,18.1,2.6,911,117.09
2019,11,28,5,0,0,0,0,18,2.4000000000000004,912,103.21000000000001
2019,11,28,6,0,0,0,0,18.400000000000002,2.7,912,89.15
2019,11,28,7,0,61,0,61,19.900000000000002,3.5,913,76.10000000000001
2019,11,28,8,0,175,18,167,22.1,4.4,914,63.34
2019,11,28,9,0,88,0,88,24.400000000000002,5.300000000000001,913,51.59
2019,11,28,10,0,145,2,144,25.8,5.800000000000001,913,41.74
2019,11,28,11,0,91,0,91,26.400000000000002,5.9,912,35.43
2019,11,28,12,0,616,229,428,26.700000000000003,5.7,911,34.68
2019,11,28,13,0,606,292,381,26.5,5.4,910,39.79
2019,11,28,14,0,667,892,82,26.1,5,910,48.96
2019,11,28,15,0,479,822,72,25.3,4.6000000000000005,910,60.35
2019,11,28,16,0,254,672,56,24,3.7,910,72.92
2019,11,28,17,0,41,267,23,21.900000000000002,2.1,911,86.04
2019,11,28,18,0,0,0,0,20.900000000000002,1.9000000000000001,911,99.83
2019,11,28,19,0,0,0,0,20.1,1.8,912,113.67
2019,11,28,20,0,0,0,0,19.5,1.8,913,127.62
2019,11,28,21,0,0,0,0,19.700000000000003,2.2,913,141.56
2019,11,28,22,0,0,0,0,19.700000000000003,2.5,913,155.29
2019,11,28,23,0,0,0,0,19.6,2.5,912,167.75
2019,11,29,0,0,0,0,0,19.5,2.7,911,170.07
2019,11,29,1,0,0,0,0,19.200000000000003,2.7,911,158.64000000000001
2019,11,29,2,0,0,0,0,18.900000000000002,2.4000000000000004,910,145.06
2019,11,29,3,0,0,0,0,18.6,2.1,910,131.14000000000001
2019,11,29,4,0,0,0,0,18.3,2,911,117.19
2019,11,29,5,0,0,0,0,18.1,2,912,103.31
2019,11,29,6,0,0,0,0,18.5,2.3000000000000003,913,89.26
2019,11,29,7,0,126,134,94,20,3.2,914,76.23
2019,11,29,8,0,268,153,200,22,4,914,63.49
2019,11,29,9,0,377,127,298,23.900000000000002,4.3,914,51.76
2019,11,29,10,0,89,0,89,25.3,4.4,914,41.92
2019,11,29,11,0,312,20,296,26.1,4.4,912,35.62
2019,11,29,12,0,374,33,347,26.6,4.3,911,34.84
2019,11,29,13,0,541,190,395,26.8,4.2,910,39.89
2019,11,29,14,0,364,82,310,26.6,4.1000000000000005,910,49.01
2019,11,29,15,0,244,61,213,25.900000000000002,4,910,60.370000000000005
2019,11,29,16,0,215,400,97,24.6,3.3000000000000003,910,72.91
2019,11,29,17,0,37,150,27,22.400000000000002,2.2,911,86.01
2019,11,29,18,0,0,0,0,21.200000000000003,2.2,911,99.78
2019,11,29,19,0,0,0,0,20.400000000000002,2.2,912,113.60000000000001
2019,11,29,20,0,0,0,0,19.900000000000002,2.2,912,127.54
2019,11,29,21,0,0,0,0,19.5,2.2,913,141.47
2019,11,29,22,0,0,0,0,19.3,2.4000000000000004,913,155.16
2019,11,29,23,0,0,0,0,19.1,2.5,912,167.57
2019,11,30,0,0,0,0,0,18.8,2.4000000000000004,912,169.97
2019,11,30,1,0,0,0,0,18.5,2.2,911,158.66
2019,11,30,2,0,0,0,0,18.400000000000002,2.3000000000000003,911,145.11
2019,11,30,3,0,0,0,0,18.1,2.2,911,131.22
2019,11,30,4,0,0,0,0,17.900000000000002,2.3000000000000003,911,117.28
2019,11,30,5,0,0,0,0,17.6,2.3000000000000003,911,103.42
2019,11,30,6,0,0,0,0,18,2.9000000000000004,912,89.36
2019,11,30,7,0,169,405,73,19.400000000000002,4,913,76.37
2019,11,30,8,0,350,418,164,21.400000000000002,4.5,914,63.64
2019,11,30,9,0,495,366,269,23.6,4.800000000000001,913,51.93
2019,11,30,10,0,339,35,313,25.200000000000003,4.9,912,42.11
2019,11,30,11,0,344,26,323,26.200000000000003,5,911,35.81
2019,11,30,12,0,340,25,320,26.8,5.1000000000000005,910,34.99
2019,11,30,13,0,489,128,391,27,5.2,909,39.99
2019,11,30,14,0,311,43,282,26.8,5.1000000000000005,909,49.06
2019,11,30,15,0,223,40,203,25.900000000000002,4.5,909,60.38
2019,11,30,16,0,91,0,91,24.3,3.4000000000000004,910,72.89
2019,11,30,17,0,17,0,17,22.8,2.4000000000000004,910,85.97
2019,11,30,18,0,0,0,0,22.200000000000003,2.4000000000000004,911,99.73
2019,11,30,19,0,0,0,0,21.700000000000003,2.2,912,113.54
2019,11,30,20,0,0,0,0,21.3,2.2,912,127.45
2019,11,30,21,0,0,0,0,20.900000000000002,1.9000000000000001,912,141.37
2019,11,30,22,0,0,0,0,20.700000000000003,2.1,912,155.04
2019,11,30,23,0,0,0,0,20.6,2.5,912,167.4
2019,12,1,0,0,0,0,0,20.5,2.3000000000000003,911,169.87
2019,12,1,1,0,0,0,0,20.400000000000002,2.1,910,158.68
2019,12,1,2,0,0,0,0,20.3,2.2,910,145.17000000000002
2019,12,1,3,0,0,0,0,20.200000000000003,2.3000000000000003,910,131.3
2019,12,1,4,0,0,0,0,20.1,2,910,117.37
2019,12,1,5,0,0,0,0,20.200000000000003,2,910,103.53
2019,12,1,6,0,0,0,0,20.3,2.6,911,89.47
2019,12,1,7,0,44,0,44,20.900000000000002,3.1,912,76.5
2019,12,1,8,0,35,0,35,21.8,4,912,63.79
2019,12,1,9,0,177,5,174,23,4.7,913,52.09
2019,12,1,10,0,300,23,283,24.5,5,912,42.29
2019,12,1,11,0,440,64,388,25.3,4.9,912,35.980000000000004
2019,12,1,12,0,514,114,421,25.700000000000003,4.800000000000001,911,35.13
2019,12,1,13,0,562,223,391,25.700000000000003,4.6000000000000005,910,40.08
2019,12,1,14,0,187,6,183,25.3,4.6000000000000005,910,49.1
2019,12,1,15,0,107,0,107,24.3,4.4,910,60.39
2019,12,1,16,0,99,0,99,22.900000000000002,3.6,910,72.87
2019,12,1,17,0,14,0,14,21.400000000000002,2.7,910,85.93
2019,12,1,18,0,0,0,0,20.6,2.8000000000000003,911,99.67
2019,12,1,19,0,0,0,0,20.200000000000003,3.2,912,113.47
2019,12,1,20,0,0,0,0,19.900000000000002,3.7,913,127.37
2019,12,1,21,0,0,0,0,19.6,3.7,913,141.26
2019,12,1,22,0,0,0,0,19.3,3.4000000000000004,913,154.91
2019,12,1,23,0,0,0,0,19.1,3.2,912,167.23
2019,12,2,0,0,0,0,0,19,2.8000000000000003,912,169.78
2019,12,2,1,0,0,0,0,18.900000000000002,2.3000000000000003,912,158.70000000000002
2019,12,2,2,0,0,0,0,18.900000000000002,2.2,911,145.23
2019,12,2,3,0,0,0,0,18.8,2.3000000000000003,911,131.38
2019,12,2,4,0,0,0,0,18.7,2.6,911,117.47
2019,12,2,5,0,0,0,0,18.6,2.8000000000000003,912,103.64
2019,12,2,6,0,0,0,0,18.6,2.9000000000000004,912,89.58
2019,12,2,7,0,12,0,12,19.400000000000002,3.5,913,76.64
2019,12,2,8,0,31,0,31,20.6,4,914,63.940000000000005
2019,12,2,9,0,114,0,114,22,4.2,914,52.26
2019,12,2,10,0,269,17,256,23,4.2,914,42.46
2019,12,2,11,0,206,10,198,23.8,3.9000000000000004,913,36.160000000000004
2019,12,2,12,0,194,9,187,24.6,3.7,912,35.27
2019,12,2,13,0,372,43,339,24.8,3.5,911,40.17
2019,12,2,14,0,359,79,308,24.6,3.3000000000000003,910,49.14
2019,12,2,15,0,148,0,148,23.900000000000002,3.2,910,60.39
2019,12,2,16,0,131,50,117,22.8,2.6,910,72.85000000000001
2019,12,2,17,0,19,0,19,21.200000000000003,1.6,911,85.89
2019,12,2,18,0,0,0,0,20.400000000000002,1.7000000000000002,912,99.61
2019,12,2,19,0,0,0,0,19.900000000000002,1.8,913,113.39
2019,12,2,20,0,0,0,0,19.5,2,913,127.28
2019,12,2,21,0,0,0,0,19.200000000000003,2.1,914,141.16
2019,12,2,22,0,0,0,0,19,2.1,913,154.78
2019,12,2,23,0,0,0,0,18.8,2.1,913,167.06
2019,12,3,0,0,0,0,0,18.7,2.2,912,169.70000000000002
2019,12,3,1,0,0,0,0,18.5,2.1,911,158.73
2019,12,3,2,0,0,0,0,18.400000000000002,2.1,911,145.3
2019,12,3,3,0,0,0,0,18.3,2.1,911,131.46
2019,12,3,4,0,0,0,0,18.3,2,911,117.57000000000001
2019,12,3,5,0,0,0,0,18.2,2,912,103.75
2019,12,3,6,0,0,0,0,18.5,2.3000000000000003,913,89.68
2019,12,3,7,0,24,0,24,19.5,3.2,914,76.77
2019,12,3,8,0,52,0,52,20.900000000000002,4.3,914,64.09
2019,12,3,9,0,177,5,174,22.6,4.9,914,52.42
2019,12,3,10,0,391,63,344,23.900000000000002,5.1000000000000005,914,42.63
2019,12,3,11,0,618,253,414,24.400000000000002,5.1000000000000005,913,36.32
2019,12,3,12,0,487,93,412,24.6,4.9,912,35.4
2019,12,3,13,0,381,48,345,24.6,4.6000000000000005,911,40.24
2019,12,3,14,0,486,263,314,24.400000000000002,4.4,910,49.17
2019,12,3,15,0,110,0,110,23.900000000000002,4.2,910,60.39
2019,12,3,16,0,10,0,10,22.8,3.4000000000000004,911,72.82000000000001
2019,12,3,17,0,25,7,25,20.8,2.2,911,85.85000000000001
2019,12,3,18,0,0,0,0,19.8,2.4000000000000004,912,99.55
2019,12,3,19,0,0,0,0,19.1,2.6,913,113.31
2019,12,3,20,0,0,0,0,18.400000000000002,2.4000000000000004,914,127.19
2019,12,3,21,0,0,0,0,17.8,2.3000000000000003,914,141.05
2019,12,3,22,0,0,0,0,17.900000000000002,2.7,914,154.65
2019,12,3,23,0,0,0,0,17.900000000000002,2.9000000000000004,913,166.9
2019,12,4,0,0,0,0,0,17.900000000000002,2.8000000000000003,912,169.62
2019,12,4,1,0,0,0,0,17.8,2.7,912,158.76
2019,12,4,2,0,0,0,0,17.6,2.4000000000000004,911,145.37
2019,12,4,3,0,0,0,0,17.3,2,911,131.55
2019,12,4,4,0,0,0,0,17.400000000000002,2.4000000000000004,912,117.67
2019,12,4,5,0,0,0,0,17.3,2.2,912,103.86
2019,12,4,6,0,0,0,0,17.7,2.8000000000000003,913,89.79
2019,12,4,7,0,184,568,56,19.5,4.1000000000000005,914,76.9
2019,12,4,8,0,412,760,81,21.5,5.300000000000001,915,64.24
2019,12,4,9,0,614,848,99,23.200000000000003,5.6000000000000005,915,52.58
2019,12,4,10,0,590,326,351,24.6,5.6000000000000005,914,42.800000000000004
2019,12,4,11,0,205,10,197,25.6,5.5,913,36.480000000000004
2019,12,4,12,0,552,154,426,26.200000000000003,5.300000000000001,912,35.53
2019,12,4,13,0,251,14,241,26.400000000000002,5,912,40.32
2019,12,4,14,0,649,780,139,26,4.800000000000001,911,49.2
2019,12,4,15,0,462,696,119,25.3,4.6000000000000005,911,60.38
2019,12,4,16,0,243,525,87,23.8,3.8000000000000003,912,72.79
2019,12,4,17,0,40,144,29,21.400000000000002,2.8000000000000003,913,85.8
2019,12,4,18,0,0,0,0,20,2.8000000000000003,914,99.48
2019,12,4,19,0,0,0,0,19,2.8000000000000003,915,113.23
2019,12,4,20,0,0,0,0,18.2,2.6,915,127.10000000000001
2019,12,4,21,0,0,0,0,17.6,2.5,915,140.94
2019,12,4,22,0,0,0,0,17.400000000000002,2.4000000000000004,915,154.53
2019,12,4,23,0,0,0,0,17.2,2.4000000000000004,915,166.74
2019,12,5,0,0,0,0,0,17.1,2.6,914,169.54
2019,12,5,1,0,0,0,0,16.900000000000002,2.6,914,158.79
2019,12,5,2,0,0,0,0,16.7,2.4000000000000004,914,145.43
2019,12,5,3,0,0,0,0,16.5,2.3000000000000003,913,131.64000000000001
2019,12,5,4,0,0,0,0,16.3,2.3000000000000003,914,117.77
2019,12,5,5,0,0,0,0,16.3,2.4000000000000004,914,103.97
2019,12,5,6,0,0,0,0,16.7,2.6,915,89.89
2019,12,5,7,0,68,0,68,18.5,4.1000000000000005,916,77.04
2019,12,5,8,0,273,190,191,20.5,4.9,916,64.38
2019,12,5,9,0,349,103,287,22.400000000000002,5,916,52.730000000000004
2019,12,5,10,0,563,276,361,24,5.1000000000000005,916,42.96
2019,12,5,11,0,256,14,245,25.3,5,915,36.64
2019,12,5,12,0,716,446,354,26,5,913,35.64
2019,12,5,13,0,778,800,169,26.200000000000003,4.9,912,40.38
2019,12,5,14,0,651,779,143,25.8,4.800000000000001,912,49.21
2019,12,5,15,0,461,662,134,24.900000000000002,4.7,912,60.36
2019,12,5,16,0,238,438,108,23.3,3.9000000000000004,912,72.75
2019,12,5,17,0,35,80,29,21.200000000000003,3.1,913,85.74
2019,12,5,18,0,0,0,0,19.900000000000002,3.2,914,99.41
2019,12,5,19,0,0,0,0,18.6,2.9000000000000004,914,113.15
2019,12,5,20,0,0,0,0,17.7,2.4000000000000004,915,127
2019,12,5,21,0,0,0,0,17,2,915,140.83
2019,12,5,22,0,0,0,0,16.5,1.8,915,154.4
2019,12,5,23,0,0,0,0,16.5,1.9000000000000001,915,166.58
2019,12,6,0,0,0,0,0,16.5,2.3000000000000003,914,169.47
2019,12,6,1,0,0,0,0,16.5,2.8000000000000003,914,158.83
2019,12,6,2,0,0,0,0,16.3,2.7,914,145.51
2019,12,6,3,0,0,0,0,16.1,2.6,914,131.73
2019,12,6,4,0,0,0,0,15.9,2.6,914,117.87
2019,12,6,5,0,0,0,0,15.700000000000001,2.5,914,104.09
2019,12,6,6,0,0,0,0,16,2.8000000000000003,915,89.99
2019,12,6,7,0,21,0,21,17.5,3.7,915,77.17
2019,12,6,8,0,292,251,184,19.700000000000003,4.2,916,64.52
2019,12,6,9,0,442,264,283,21.8,4.3,916,52.88
2019,12,6,10,0,437,103,362,23.6,4.3,915,43.12
2019,12,6,11,0,687,399,368,24.900000000000002,4.3,914,36.78
2019,12,6,12,0,597,213,424,25.8,4.4,913,35.75
2019,12,6,13,0,456,99,381,26,4.4,912,40.44
2019,12,6,14,0,404,128,320,25.6,4.3,911,49.230000000000004
2019,12,6,15,0,351,270,218,24.6,4.1000000000000005,911,60.35
2019,12,6,16,0,165,145,122,22.8,3.3000000000000003,912,72.71000000000001
2019,12,6,17,0,29,33,26,19.6,2,912,85.68
2019,12,6,18,0,0,0,0,18.2,2.1,913,99.34
2019,12,6,19,0,0,0,0,17.7,2.4000000000000004,914,113.07000000000001
2019,12,6,20,0,0,0,0,17.1,2.6,914,126.9
2019,12,6,21,0,0,0,0,16.8,2.7,914,140.72
2019,12,6,22,0,0,0,0,16.2,2.2,914,154.27
2019,12,6,23,0,0,0,0,16,2.2,914,166.43
2019,12,7,0,0,0,0,0,15.700000000000001,2.1,913,169.41
2019,12,7,1,0,0,0,0,15.4,1.9000000000000001,913,158.87
2019,12,7,2,0,0,0,0,15.200000000000001,1.7000000000000002,912,145.58
2019,12,7,3,0,0,0,0,15,1.6,912,131.82
2019,12,7,4,0,0,0,0,14.8,1.5,912,117.97
2019,12,7,5,0,0,0,0,14.700000000000001,1.5,913,104.2
2019,12,7,6,0,0,0,0,15.3,2.2,914,90.10000000000001
2019,12,7,7,0,176,527,60,17.6,2.9000000000000004,914,77.3
2019,12,7,8,0,230,100,188,21.1,3.9000000000000004,915,64.67
2019,12,7,9,0,615,884,84,23.400000000000002,4.2,915,53.03
2019,12,7,10,0,769,935,88,25.1,4.3,914,43.27
2019,12,7,11,0,528,140,415,26.3,4.2,913,36.92
2019,12,7,12,0,122,0,122,26.900000000000002,4,912,35.86
2019,12,7,13,0,789,882,119,27.1,3.8000000000000003,911,40.49
2019,12,7,14,0,229,13,221,26.8,3.7,910,49.24
2019,12,7,15,0,122,0,122,25.900000000000002,3.6,910,60.32
2019,12,7,16,0,227,451,93,24.200000000000003,3.2,911,72.67
2019,12,7,17,0,38,143,27,22.1,2.8000000000000003,912,85.62
2019,12,7,18,0,0,0,0,21,3.3000000000000003,912,99.26
2019,12,7,19,0,0,0,0,20.3,3.5,913,112.98
2019,12,7,20,0,0,0,0,19.6,3.5,914,126.81
2019,12,7,21,0,0,0,0,18.900000000000002,3,914,140.61
2019,12,7,22,0,0,0,0,18.400000000000002,2.7,914,154.14000000000001
2019,12,7,23,0,0,0,0,18,2.4000000000000004,913,166.28
2019,12,8,0,0,0,0,0,17.7,2.3000000000000003,913,169.35
2019,12,8,1,0,0,0,0,17.5,2.3000000000000003,912,158.92000000000002
2019,12,8,2,0,0,0,0,17.3,2.3000000000000003,912,145.66
2019,12,8,3,0,0,0,0,16.900000000000002,1.8,912,131.91
2019,12,8,4,0,0,0,0,16.6,1.4000000000000001,913,118.08
2019,12,8,5,0,0,0,0,16.400000000000002,1.3,913,104.31
2019,12,8,6,0,0,0,0,16.900000000000002,1.9000000000000001,914,90.2
2019,12,8,7,0,181,613,48,18.900000000000002,3.2,915,77.43
2019,12,8,8,0,31,0,31,21.200000000000003,4.1000000000000005,915,64.81
2019,12,8,9,0,381,153,289,23.200000000000003,4.4,915,53.18
2019,12,8,10,0,174,5,171,24.8,4.3,914,43.42
2019,12,8,11,0,347,28,324,25.900000000000002,4.1000000000000005,913,37.06
2019,12,8,12,0,147,3,145,26.700000000000003,3.9000000000000004,912,35.95
2019,12,8,13,0,332,29,310,27.1,3.6,912,40.53
2019,12,8,14,0,191,7,186,27,3.5,911,49.24
2019,12,8,15,0,204,25,192,26.3,3.3000000000000003,911,60.29
2019,12,8,16,0,194,264,115,24.6,2.7,911,72.62
2019,12,8,17,0,31,53,27,21.900000000000002,1.8,912,85.56
2019,12,8,18,0,0,0,0,20.900000000000002,2.4000000000000004,913,99.19
2019,12,8,19,0,0,0,0,20.1,2.8000000000000003,914,112.89
2019,12,8,20,0,0,0,0,19.6,2.9000000000000004,915,126.7
2019,12,8,21,0,0,0,0,19.3,3.1,915,140.5
2019,12,8,22,0,0,0,0,19,3.1,914,154.01
2019,12,8,23,0,0,0,0,18.5,3.1,914,166.13
2019,12,9,0,0,0,0,0,17.900000000000002,2.6,914,169.3
2019,12,9,1,0,0,0,0,17.400000000000002,2.3000000000000003,913,158.96
2019,12,9,2,0,0,0,0,17,2.2,913,145.74
2019,12,9,3,0,0,0,0,16.6,2,913,132.01
2019,12,9,4,0,0,0,0,16.400000000000002,2,913,118.18
2019,12,9,5,0,0,0,0,16.1,1.9000000000000001,913,104.43
2019,12,9,6,0,0,0,0,16.6,2.3000000000000003,914,90.86
2019,12,9,7,0,160,466,60,18.8,3.7,915,77.56
2019,12,9,8,0,420,841,64,21,4.4,915,64.94
2019,12,9,9,0,630,932,73,23,4.6000000000000005,915,53.32
2019,12,9,10,0,786,978,78,24.6,4.5,914,43.57
2019,12,9,11,0,866,956,104,25.700000000000003,4.4,914,37.19
2019,12,9,12,0,687,373,386,26.3,4.2,913,36.04
2019,12,9,13,0,747,647,255,26.5,4,912,40.57
2019,12,9,14,0,647,742,162,26.3,3.8000000000000003,912,49.230000000000004
2019,12,9,15,0,409,453,184,25.6,3.5,911,60.26
2019,12,9,16,0,231,464,92,24.1,2.8000000000000003,912,72.56
2019,12,9,17,0,50,307,26,21,1.6,912,85.49
2019,12,9,18,0,0,0,0,19.8,2,913,99.10000000000001
2019,12,9,19,0,0,0,0,19.200000000000003,2.5,914,112.8
2019,12,9,20,0,0,0,0,18.5,2.7,914,126.60000000000001
2019,12,9,21,0,0,0,0,17.7,2.4000000000000004,915,140.39000000000001
2019,12,9,22,0,0,0,0,16.900000000000002,1.9000000000000001,914,153.89000000000001
2019,12,9,23,0,0,0,0,16.7,2,914,165.99
2019,12,10,0,0,0,0,0,16.5,1.9000000000000001,914,169.25
2019,12,10,1,0,0,0,0,16.1,1.8,913,159.02
2019,12,10,2,0,0,0,0,15.8,1.6,912,145.82
2019,12,10,3,0,0,0,0,15.5,1.5,912,132.1
2019,12,10,4,0,0,0,0,15.200000000000001,1.5,912,118.29
2019,12,10,5,0,0,0,0,15,1.5,913,104.54
2019,12,10,6,0,0,0,0,15.4,2.1,913,90.98
2019,12,10,7,0,181,620,49,17.8,3.1,914,77.69
2019,12,10,8,0,418,831,67,20.6,3.8000000000000003,915,65.08
2019,12,10,9,0,626,920,78,23,3.8000000000000003,914,53.46
2019,12,10,10,0,781,963,85,24.700000000000003,3.6,914,43.7
2019,12,10,11,0,868,979,90,25.900000000000002,3.3000000000000003,912,37.31
2019,12,10,12,0,882,979,90,26.700000000000003,3.1,911,36.12
2019,12,10,13,0,819,962,89,27,3,910,40.6
2019,12,10,14,0,676,873,106,26.8,2.8000000000000003,910,49.22
2019,12,10,15,0,486,786,96,26.200000000000003,2.7,909,60.22
2019,12,10,16,0,260,618,75,24.700000000000003,2.1,910,72.5
2019,12,10,17,0,47,220,30,21.5,1.3,910,85.42
2019,12,10,18,0,0,0,0,20.3,1.6,911,99.02
2019,12,10,19,0,0,0,0,19.8,2.3000000000000003,912,112.7
2019,12,10,20,0,0,0,0,19.1,2.8000000000000003,912,126.5
2019,12,10,21,0,0,0,0,18.5,2.9000000000000004,913,140.27
2019,12,10,22,0,0,0,0,18.1,2.8000000000000003,912,153.76
2019,12,10,23,0,0,0,0,17.8,2.5,912,165.85
2019,12,11,0,0,0,0,0,17.5,2.2,911,169.21
2019,12,11,1,0,0,0,0,17.2,1.9000000000000001,911,159.07
2019,12,11,2,0,0,0,0,16.8,1.6,910,145.9
2019,12,11,3,0,0,0,0,16.5,1.4000000000000001,910,132.2
2019,12,11,4,0,0,0,0,16.2,1.3,911,118.4
2019,12,11,5,0,0,0,0,15.9,1.2000000000000002,912,104.66
2019,12,11,6,0,0,0,0,16.3,1.7000000000000002,912,91.10000000000001
2019,12,11,7,0,167,502,61,18.3,2.5,913,77.82000000000001
2019,12,11,8,0,400,756,83,20.900000000000002,2.6,914,65.21000000000001
2019,12,11,9,0,608,864,95,23.400000000000002,2.6,914,53.6
2019,12,11,10,0,764,916,104,25.200000000000003,2.3000000000000003,913,43.84
2019,12,11,11,0,858,957,98,26.3,2.2,912,37.42
2019,12,11,12,0,472,85,403,27,2.2,910,36.2
2019,12,11,13,0,815,953,92,27.400000000000002,2.2,909,40.63
2019,12,11,14,0,678,886,99,27.200000000000003,2.3000000000000003,909,49.21
2019,12,11,15,0,490,807,89,26.5,2.3000000000000003,908,60.18
2019,12,11,16,0,239,506,87,24.900000000000002,1.8,909,72.44
2019,12,11,17,0,42,171,28,22.1,1.2000000000000002,909,85.35000000000001
2019,12,11,18,0,0,0,0,20.8,1.5,910,98.93
2019,12,11,19,0,0,0,0,20,1.9000000000000001,911,112.61
2019,12,11,20,0,0,0,0,19.3,2.4000000000000004,912,126.39
2019,12,11,21,0,0,0,0,18.3,2.5,912,140.16
2019,12,11,22,0,0,0,0,17.6,2.6,912,153.63
2019,12,11,23,0,0,0,0,17,2.4000000000000004,912,165.72
2019,12,12,0,0,0,0,0,16.5,2.1,911,169.17000000000002
2019,12,12,1,0,0,0,0,16.2,1.9000000000000001,911,159.13
2019,12,12,2,0,0,0,0,16,1.7000000000000002,910,145.99
2019,12,12,3,0,0,0,0,15.600000000000001,1.4000000000000001,910,132.3
2019,12,12,4,0,0,0,0,15.4,1.2000000000000002,911,118.51
2019,12,12,5,0,0,0,0,15.200000000000001,1.1,912,104.78
2019,12,12,6,0,0,0,0,15.600000000000001,1.6,912,91.23
2019,12,12,7,0,166,507,60,17.8,2.2,913,77.94
2019,12,12,8,0,398,750,85,21.6,2.4000000000000004,914,65.34
2019,12,12,9,0,606,857,99,24.200000000000003,2.2,913,53.730000000000004
2019,12,12,10,0,765,911,109,25.900000000000002,1.9000000000000001,913,43.97
2019,12,12,11,0,854,934,113,27,1.7000000000000002,912,37.53
2019,12,12,12,0,871,940,112,27.8,1.5,911,36.26
2019,12,12,13,0,811,922,111,28.1,1.4000000000000001,910,40.64
2019,12,12,14,0,674,848,119,27.900000000000002,1.3,909,49.19
2019,12,12,15,0,482,748,110,27.200000000000003,1.3,909,60.13
2019,12,12,16,0,259,579,84,25.8,1.1,909,72.37
2019,12,12,17,0,44,192,28,22.6,0.9,910,85.27
2019,12,12,18,0,0,0,0,21,1.3,911,98.84
2019,12,12,19,0,0,0,0,20.200000000000003,2,911,112.51
2019,12,12,20,0,0,0,0,19.3,2.6,912,126.29
2019,12,12,21,0,0,0,0,18.5,2.8000000000000003,912,140.04
2019,12,12,22,0,0,0,0,18.2,2.6,912,153.51
2019,12,12,23,0,0,0,0,18.2,2.4000000000000004,912,165.59
2019,12,13,0,0,0,0,0,18.1,2,911,169.14000000000001
2019,12,13,1,0,0,0,0,18,2,911,159.19
2019,12,13,2,0,0,0,0,17.7,1.9000000000000001,910,146.08
2019,12,13,3,0,0,0,0,17.2,1.7000000000000002,911,132.4
2019,12,13,4,0,0,0,0,16.8,1.5,911,118.62
2019,12,13,5,0,0,0,0,16.5,1.3,912,104.89
2019,12,13,6,0,0,0,0,16.900000000000002,1.7000000000000002,913,91.35000000000001
2019,12,13,7,0,164,500,60,19,2.7,914,78.07000000000001
2019,12,13,8,0,396,754,82,21.700000000000003,2.6,914,65.47
2019,12,13,9,0,603,865,93,24.3,2.3000000000000003,914,53.86
2019,12,13,10,0,759,918,100,26.1,2.2,914,44.09
2019,12,13,11,0,844,917,118,27.3,2.2,913,37.63
2019,12,13,12,0,861,923,117,28.1,2.2,911,36.32
2019,12,13,13,0,801,905,114,28.3,2.3000000000000003,910,40.660000000000004
2019,12,13,14,0,668,849,113,28.200000000000003,2.4000000000000004,910,49.160000000000004
2019,12,13,15,0,480,762,101,27.5,2.5,910,60.08
2019,12,13,16,0,259,598,77,25.8,2.2,911,72.3
2019,12,13,17,0,49,214,31,23,1.6,911,85.19
2019,12,13,18,0,0,0,0,21.900000000000002,2.5,913,98.75
2019,12,13,19,0,0,0,0,21,3,913,112.41
2019,12,13,20,0,0,0,0,20.1,2.8000000000000003,914,126.18
2019,12,13,21,0,0,0,0,19.400000000000002,2.5,914,139.93
2019,12,13,22,0,0,0,0,19,2.4000000000000004,914,153.38
2019,12,13,23,0,0,0,0,18.900000000000002,2.4000000000000004,913,165.46
2019,12,14,0,0,0,0,0,18.8,2.4000000000000004,913,169.12
2019,12,14,1,0,0,0,0,18.7,2.4000000000000004,912,159.26
2019,12,14,2,0,0,0,0,18.400000000000002,2.3000000000000003,912,146.17000000000002
2019,12,14,3,0,0,0,0,18,2,912,132.51
2019,12,14,4,0,0,0,0,17.6,1.8,913,118.73
2019,12,14,5,0,0,0,0,17.3,1.6,913,105.01
2019,12,14,6,0,0,0,0,17.8,2.2,914,91.47
2019,12,14,7,0,10,0,10,19.8,3.3000000000000003,915,78.19
2019,12,14,8,0,227,112,181,22,3.7,916,65.6
2019,12,14,9,0,490,428,239,23.700000000000003,3.8000000000000003,916,53.99
2019,12,14,10,0,228,11,220,25.1,3.8000000000000003,915,44.21
2019,12,14,11,0,187,8,181,25.900000000000002,3.9000000000000004,914,37.730000000000004
2019,12,14,12,0,368,33,341,26.200000000000003,3.9000000000000004,913,36.37
2019,12,14,13,0,526,177,391,26,3.8000000000000003,912,40.660000000000004
2019,12,14,14,0,305,40,279,25.5,3.6,912,49.13
2019,12,14,15,0,297,133,230,24.700000000000003,3.3000000000000003,912,60.02
2019,12,14,16,0,10,0,10,23.3,2.6,912,72.23
2019,12,14,17,0,4,0,4,21.5,1.5,913,85.10000000000001
2019,12,14,18,0,0,0,0,20.700000000000003,1.5,913,98.65
2019,12,14,19,0,0,0,0,20.3,1.9000000000000001,914,112.3
2019,12,14,20,0,0,0,0,19.900000000000002,2.3000000000000003,915,126.07000000000001
2019,12,14,21,0,0,0,0,19.6,2.4000000000000004,915,139.81
2019,12,14,22,0,0,0,0,19.3,2.4000000000000004,915,153.26
2019,12,14,23,0,0,0,0,18.900000000000002,2.5,914,165.34
2019,12,15,0,0,0,0,0,18.5,2.3000000000000003,913,169.1
2019,12,15,1,0,0,0,0,18.1,1.8,913,159.33
2019,12,15,2,0,0,0,0,17.8,1.7000000000000002,912,146.27
2019,12,15,3,0,0,0,0,17.5,1.8,912,132.61
2019,12,15,4,0,0,0,0,17.3,1.9000000000000001,912,118.84
2019,12,15,5,0,0,0,0,17.2,1.9000000000000001,913,105.12
2019,12,15,6,0,0,0,0,17.400000000000002,2.4000000000000004,914,91.59
2019,12,15,7,0,80,26,75,18.5,3.4000000000000004,914,78.32000000000001
2019,12,15,8,0,387,759,75,20.5,3.9000000000000004,915,65.72
2019,12,15,9,0,462,351,256,23,4,915,54.11
2019,12,15,10,0,598,380,326,25,3.9000000000000004,914,44.32
2019,12,15,11,0,711,484,329,26.400000000000002,3.8000000000000003,913,37.82
2019,12,15,12,0,784,590,309,27.200000000000003,3.8000000000000003,912,36.42
2019,12,15,13,0,687,505,304,27.5,3.7,911,40.660000000000004
2019,12,15,14,0,547,400,285,27,3.6,910,49.09
2019,12,15,15,0,399,400,198,26.1,3.5,910,59.96
2019,12,15,16,0,176,160,127,24.5,2.9000000000000004,911,72.15
2019,12,15,17,0,24,0,24,22.1,2.1,911,85.02
2019,12,15,18,0,0,0,0,20.900000000000002,2.5,912,98.56
2019,12,15,19,0,0,0,0,19.900000000000002,2.8000000000000003,913,112.2
2019,12,15,20,0,0,0,0,19,2.6,914,125.96000000000001
2019,12,15,21,0,0,0,0,18.1,2.1,914,139.69
2019,12,15,22,0,0,0,0,17.5,1.9000000000000001,914,153.14000000000001
2019,12,15,23,0,0,0,0,17.3,1.8,913,165.22
2019,12,16,0,0,0,0,0,17.3,1.9000000000000001,913,169.09
2019,12,16,1,0,0,0,0,17.2,1.8,912,159.41
2019,12,16,2,0,0,0,0,17,1.5,912,146.36
2019,12,16,3,0,0,0,0,16.7,1.3,912,132.72
2019,12,16,4,0,0,0,0,16.5,1.2000000000000002,912,118.95
2019,12,16,5,0,0,0,0,16.3,1.2000000000000002,913,105.24000000000001
2019,12,16,6,0,0,0,0,16.7,1.7000000000000002,913,91.71000000000001
2019,12,16,7,0,145,432,58,18.900000000000002,2.9000000000000004,914,78.44
2019,12,16,8,0,398,815,64,21.700000000000003,3.5,914,65.84
2019,12,16,9,0,543,642,167,24,3.9000000000000004,914,54.230000000000004
2019,12,16,10,0,764,961,78,25.8,4,914,44.43
2019,12,16,11,0,574,208,410,27.1,4,913,37.9
2019,12,16,12,0,869,953,102,27.900000000000002,4,911,36.46
2019,12,16,13,0,812,941,98,28,4,910,40.65
2019,12,16,14,0,401,121,322,27.6,3.9000000000000004,910,49.04
2019,12,16,15,0,270,88,226,26.700000000000003,3.8000000000000003,910,59.89
2019,12,16,16,0,277,711,58,24.8,3.1,911,72.07000000000001
2019,12,16,17,0,51,244,29,22.1,2,911,84.93
2019,12,16,18,0,0,0,0,20.700000000000003,2.4000000000000004,912,98.46000000000001
2019,12,16,19,0,0,0,0,19.8,2.4000000000000004,914,112.09
2019,12,16,20,0,0,0,0,19,2.3000000000000003,914,125.85000000000001
2019,12,16,21,0,0,0,0,18.5,2.1,914,139.58
2019,12,16,22,0,0,0,0,18.400000000000002,2.2,914,153.02
2019,12,16,23,0,0,0,0,18.3,2.2,913,165.11
2019,12,17,0,0,0,0,0,18.1,2.3000000000000003,913,169.08
2019,12,17,1,0,0,0,0,17.900000000000002,2.4000000000000004,912,159.48
2019,12,17,2,0,0,0,0,17.7,2.4000000000000004,912,146.46
2019,12,17,3,0,0,0,0,17.5,2.3000000000000003,912,132.83
2019,12,17,4,0,0,0,0,17.3,2.3000000000000003,912,119.07000000000001
2019,12,17,5,0,0,0,0,17,2,913,105.36
2019,12,17,6,0,0,0,0,17.3,2.4000000000000004,914,91.82000000000001
2019,12,17,7,0,159,542,51,18.6,3.6,915,78.55
2019,12,17,8,0,390,770,76,20.700000000000003,4.4,916,65.96000000000001
2019,12,17,9,0,214,14,206,23.200000000000003,4.7,915,54.34
2019,12,17,10,0,228,11,220,25.200000000000003,4.800000000000001,915,44.53
2019,12,17,11,0,146,3,144,26.400000000000002,4.800000000000001,914,37.97
2019,12,17,12,0,521,129,418,27.1,4.800000000000001,912,36.49
2019,12,17,13,0,816,935,106,27.3,4.6000000000000005,911,40.63
2019,12,17,14,0,684,872,112,26.900000000000002,4.4,911,48.99
2019,12,17,15,0,499,801,97,25.900000000000002,4.2,911,59.82
2019,12,17,16,0,260,595,76,24.1,3.5,911,71.98
2019,12,17,17,0,57,282,31,20.700000000000003,2.1,912,84.83
2019,12,17,18,0,0,0,0,19.5,2.5,913,98.35000000000001
2019,12,17,19,0,0,0,0,18.7,2.7,914,111.99000000000001
2019,12,17,20,0,0,0,0,17.900000000000002,2.7,915,125.73
2019,12,17,21,0,0,0,0,17.2,2.7,915,139.46
2019,12,17,22,0,0,0,0,16.900000000000002,2.7,915,152.9
2019,12,17,23,0,0,0,0,16.7,2.4000000000000004,914,165
2019,12,18,0,0,0,0,0,16.400000000000002,2.3000000000000003,914,169.08
2019,12,18,1,0,0,0,0,16.2,2.5,913,159.57
2019,12,18,2,0,0,0,0,15.8,2.2,913,146.57
2019,12,18,3,0,0,0,0,15.5,1.9000000000000001,912,132.94
2019,12,18,4,0,0,0,0,15.3,1.6,913,119.18
2019,12,18,5,0,0,0,0,15.100000000000001,1.5,913,105.47
2019,12,18,6,0,0,0,0,15.8,2,914,91.94
2019,12,18,7,0,153,464,61,18.3,3.3000000000000003,915,78.67
2019,12,18,8,0,385,738,86,21,3.9000000000000004,916,66.08
2019,12,18,9,0,286,53,255,23.400000000000002,4.2,916,54.45
2019,12,18,10,0,304,27,284,25.400000000000002,4.3,915,44.63
2019,12,18,11,0,596,243,405,26.8,4.3,914,38.04
2019,12,18,12,0,514,122,416,27.8,4.2,912,36.51
2019,12,18,13,0,796,853,148,28.1,4.2,911,40.61
2019,12,18,14,0,676,845,121,27.900000000000002,4.2,911,48.93
2019,12,18,15,0,493,770,105,27,4.1000000000000005,911,59.74
2019,12,18,16,0,272,618,80,25.400000000000002,3.6,911,71.89
2019,12,18,17,0,57,251,33,22.3,2.3000000000000003,912,84.74
2019,12,18,18,0,0,0,0,21.200000000000003,3,913,98.25
2019,12,18,19,0,0,0,0,20.400000000000002,3.3000000000000003,914,111.88
2019,12,18,20,0,0,0,0,19.6,3.3000000000000003,915,125.62
2019,12,18,21,0,0,0,0,18.900000000000002,3.2,915,139.35
2019,12,18,22,0,0,0,0,18.5,2.9000000000000004,915,152.79
2019,12,18,23,0,0,0,0,18.1,2.8000000000000003,914,164.89000000000001
2019,12,19,0,0,0,0,0,17.7,3.2,913,169.09
2019,12,19,1,0,0,0,0,17.400000000000002,3.2,913,159.65
2019,12,19,2,0,0,0,0,17,3.1,912,146.67000000000002
2019,12,19,3,0,0,0,0,16.5,2.8000000000000003,912,133.05
2019,12,19,4,0,0,0,0,16,2.5,912,119.29
2019,12,19,5,0,0,0,0,15.9,2.5,913,105.59
2019,12,19,6,0,0,0,0,16.2,2.7,914,92.06
2019,12,19,7,0,46,0,46,18.3,3.8000000000000003,915,78.79
2019,12,19,8,0,138,3,137,21.200000000000003,4.6000000000000005,915,66.19
2019,12,19,9,0,300,67,261,23.6,4.6000000000000005,915,54.56
2019,12,19,10,0,186,6,182,25.5,4.4,914,44.72
2019,12,19,11,0,383,42,350,27,4.3,913,38.1
2019,12,19,12,0,265,14,253,27.900000000000002,4.1000000000000005,912,36.52
2019,12,19,13,0,189,7,183,28.200000000000003,4,911,40.58
2019,12,19,14,0,688,894,100,27.900000000000002,4,910,48.870000000000005
2019,12,19,15,0,209,25,197,27,3.9000000000000004,910,59.660000000000004
2019,12,19,16,0,277,650,74,25.200000000000003,3.3000000000000003,910,71.8
2019,12,19,17,0,59,276,33,21.8,2.1,911,84.64
2019,12,19,18,0,0,0,0,20.3,2.5,912,98.14
2019,12,19,19,0,0,0,0,19.400000000000002,2.6,913,111.77
2019,12,19,20,0,0,0,0,18.5,2.5,913,125.51
2019,12,19,21,0,0,0,0,17.7,2.2,914,139.23
2019,12,19,22,0,0,0,0,17,2.1,913,152.67000000000002
2019,12,19,23,0,0,0,0,16.3,2,913,164.79
2019,12,20,0,0,0,0,0,16.400000000000002,2.4000000000000004,912,169.1
2019,12,20,1,0,0,0,0,16.3,2.6,911,159.74
2019,12,20,2,0,0,0,0,16,2.7,911,146.77
2019,12,20,3,0,0,0,0,15.8,2.4000000000000004,911,133.16
2019,12,20,4,0,0,0,0,15.5,1.9000000000000001,911,119.41
2019,12,20,5,0,0,0,0,15.200000000000001,1.4000000000000001,912,105.7
2019,12,20,6,0,0,0,0,15.600000000000001,1.9000000000000001,913,92.17
2019,12,20,7,0,91,88,74,17.6,3,914,78.9
2019,12,20,8,0,306,390,150,20.700000000000003,3.6,914,66.3
2019,12,20,9,0,527,610,175,23.200000000000003,3.6,914,54.660000000000004
2019,12,20,10,0,606,416,311,25,3.5,914,44.800000000000004
2019,12,20,11,0,674,396,363,26.400000000000002,3.4000000000000004,913,38.160000000000004
2019,12,20,12,0,721,472,341,27.3,3.3000000000000003,912,36.53
2019,12,20,13,0,643,372,360,27.6,3.2,911,40.54
2019,12,20,14,0,492,264,319,27.400000000000002,3.2,910,48.800000000000004
2019,12,20,15,0,373,302,221,26.700000000000003,3.2,910,59.57
2019,12,20,16,0,272,599,84,25,2.4000000000000004,910,71.7
2019,12,20,17,0,58,234,35,22,1.4000000000000001,911,84.53
2019,12,20,18,0,0,0,0,20.900000000000002,1.6,912,98.03
2019,12,20,19,0,0,0,0,19.900000000000002,1.8,913,111.65
2019,12,20,20,0,0,0,0,19,1.9000000000000001,913,125.39
2019,12,20,21,0,0,0,0,18.3,2,914,139.12
2019,12,20,22,0,0,0,0,17.7,2.2,913,152.56
2019,12,20,23,0,0,0,0,17.400000000000002,2.3000000000000003,913,164.70000000000002
2019,12,21,0,0,0,0,0,17.6,2.4000000000000004,912,169.12
2019,12,21,1,0,0,0,0,17.6,2.3000000000000003,912,159.84
2019,12,21,2,0,0,0,0,17.5,2.2,911,146.88
2019,12,21,3,0,0,0,0,17.400000000000002,2.1,911,133.27
2019,12,21,4,0,0,0,0,17.3,2,911,119.52
2019,12,21,5,0,0,0,0,17.2,1.9000000000000001,912,105.82000000000001
2019,12,21,6,0,0,0,0,17.2,2,913,92.29
2019,12,21,7,0,9,0,9,18.2,2.7,914,79.01
2019,12,21,8,0,200,74,171,19.6,2.9000000000000004,914,66.41
2019,12,21,9,0,437,305,261,21.3,2.8000000000000003,914,54.76
2019,12,21,10,0,660,573,254,23.1,2.7,914,44.88
2019,12,21,11,0,738,540,314,24.700000000000003,2.6,913,38.21
2019,12,21,12,0,785,596,306,25.700000000000003,2.5,912,36.53
2019,12,21,13,0,721,569,289,26.3,2.4000000000000004,910,40.49
2019,12,21,14,0,574,477,260,26.3,2.4000000000000004,910,48.730000000000004
2019,12,21,15,0,451,594,150,25.900000000000002,2.4000000000000004,909,59.480000000000004
2019,12,21,16,0,134,34,123,24.5,1.8,910,71.60000000000001
2019,12,21,17,0,29,0,29,22,1.2000000000000002,911,84.43
2019,12,21,18,0,0,0,0,21.1,1.7000000000000002,912,97.92
2019,12,21,19,0,0,0,0,20.6,2.5,913,111.54
2019,12,21,20,0,0,0,0,19.8,2.8000000000000003,913,125.28
2019,12,21,21,0,0,0,0,19,2.5,914,139
2019,12,21,22,0,0,0,0,18.5,2.2,913,152.45000000000002
2019,12,21,23,0,0,0,0,18.3,1.9000000000000001,913,164.61
2019,12,22,0,0,0,0,0,18.1,1.5,912,169.15
2019,12,22,1,0,0,0,0,17.8,1.2000000000000002,911,159.93
2019,12,22,2,0,0,0,0,17.6,1.3,911,146.99
2019,12,22,3,0,0,0,0,17.3,1.4000000000000001,911,133.38
2019,12,22,4,0,0,0,0,17,1.5,912,119.64
2019,12,22,5,0,0,0,0,16.900000000000002,1.7000000000000002,912,105.93
2019,12,22,6,0,0,0,0,17.3,2.3000000000000003,913,92.4
2019,12,22,7,0,132,297,76,19.1,3.4000000000000004,914,79.12
2019,12,22,8,0,355,588,121,21.400000000000002,3.4000000000000004,914,66.51
2019,12,22,9,0,354,137,275,23.8,3.1,914,54.85
2019,12,22,10,0,726,835,135,26,2.9000000000000004,913,44.96
2019,12,22,11,0,809,813,171,27.6,2.8000000000000003,912,38.25
2019,12,22,12,0,832,821,172,28.6,2.8000000000000003,911,36.53
2019,12,22,13,0,778,801,168,28.900000000000002,2.9000000000000004,910,40.44
2019,12,22,14,0,662,797,136,28.8,2.9000000000000004,910,48.65
2019,12,22,15,0,483,709,122,28,3,910,59.39
2019,12,22,16,0,266,542,94,26.200000000000003,2.4000000000000004,910,71.5
2019,12,22,17,0,58,201,38,22.8,1.6,911,84.32000000000001
2019,12,22,18,0,0,0,0,21.3,2,912,97.81
2019,12,22,19,0,0,0,0,20.3,2.3000000000000003,913,111.43
2019,12,22,20,0,0,0,0,19.3,2.3000000000000003,913,125.17
2019,12,22,21,0,0,0,0,18.5,2.3000000000000003,914,138.89000000000001
2019,12,22,22,0,0,0,0,17.8,2.2,913,152.34
2019,12,22,23,0,0,0,0,17.3,2.1,913,164.52
2019,12,23,0,0,0,0,0,16.900000000000002,2.1,912,169.18
2019,12,23,1,0,0,0,0,16.8,2.2,911,160.03
2019,12,23,2,0,0,0,0,16.6,2.1,911,147.1
2019,12,23,3,0,0,0,0,16.3,1.9000000000000001,911,133.5
2019,12,23,4,0,0,0,0,16,1.6,911,119.75
2019,12,23,5,0,0,0,0,15.700000000000001,1.4000000000000001,912,106.04
2019,12,23,6,0,0,0,0,15.8,1.9000000000000001,913,92.51
2019,12,23,7,0,66,2,66,17.6,2.5,914,79.23
2019,12,23,8,0,274,277,164,20.400000000000002,2.5,914,66.61
2019,12,23,9,0,305,75,262,23.700000000000003,2.2,914,54.94
2019,12,23,10,0,486,182,358,26.200000000000003,2.1,913,45.03
2019,12,23,11,0,600,252,402,27.700000000000003,2.3000000000000003,913,38.28
2019,12,23,12,0,714,457,346,28.400000000000002,2.4000000000000004,912,36.51
2019,12,23,13,0,722,566,291,28.700000000000003,2.4000000000000004,910,40.39
2019,12,23,14,0,630,640,207,28.400000000000002,2.6,910,48.57
2019,12,23,15,0,453,591,152,27.700000000000003,2.7,910,59.29
2019,12,23,16,0,249,469,99,26,2.1,910,71.39
2019,12,23,17,0,58,185,39,22.900000000000002,1.5,911,84.21000000000001
2019,12,23,18,0,0,0,0,21.6,2.2,912,97.7
2019,12,23,19,0,0,0,0,20.5,2.8000000000000003,912,111.31
2019,12,23,20,0,0,0,0,19.1,2.7,913,125.05
2019,12,23,21,0,0,0,0,18.1,2.5,913,138.78
2019,12,23,22,0,0,0,0,17.3,2.4000000000000004,912,152.23
2019,12,23,23,0,0,0,0,16.6,2.2,912,164.44
2019,12,24,0,0,0,0,0,16.3,2.3000000000000003,912,169.22
2019,12,24,1,0,0,0,0,16.1,2.3000000000000003,911,160.14000000000001
2019,12,24,2,0,0,0,0,15.9,2.1,911,147.22
2019,12,24,3,0,0,0,0,15.600000000000001,1.8,912,133.61
2019,12,24,4,0,0,0,0,15.4,1.5,912,119.86
2019,12,24,5,0,0,0,0,15.100000000000001,1.4000000000000001,913,106.16
2019,12,24,6,0,0,0,0,15.3,1.8,914,92.62
2019,12,24,7,0,43,0,43,17.3,2.5,915,79.33
2019,12,24,8,0,255,218,169,20.3,2.8000000000000003,915,66.71000000000001
2019,12,24,9,0,423,278,263,23.6,2.9000000000000004,915,55.03
2019,12,24,10,0,585,369,324,26.1,2.8000000000000003,914,45.09
2019,12,24,11,0,695,461,333,27.6,2.7,914,38.31
2019,12,24,12,0,746,513,334,28.6,2.5,912,36.49
2019,12,24,13,0,800,898,115,28.900000000000002,2.4000000000000004,911,40.32
2019,12,24,14,0,680,872,101,28.8,2.4000000000000004,911,48.480000000000004
2019,12,24,15,0,499,801,89,28.200000000000003,2.4000000000000004,911,59.18
2019,12,24,16,0,280,652,71,26.6,2,911,71.28
2019,12,24,17,0,64,295,34,23.200000000000003,1.1,912,84.10000000000001
2019,12,24,18,0,0,0,0,22.200000000000003,1.5,912,97.58
2019,12,24,19,0,0,0,0,21.8,2.2,913,111.2
2019,12,24,20,0,0,0,0,21,2.6,914,124.94
2019,12,24,21,0,0,0,0,20.3,2.6,914,138.66
2019,12,24,22,0,0,0,0,19.8,2.5,913,152.13
2019,12,24,23,0,0,0,0,19.5,2.4000000000000004,913,164.36
2019,12,25,0,0,0,0,0,19.200000000000003,2.2,913,169.26
2019,12,25,1,0,0,0,0,18.8,2.1,912,160.25
2019,12,25,2,0,0,0,0,18.5,1.9000000000000001,912,147.33
2019,12,25,3,0,0,0,0,18.3,1.8,912,133.73
2019,12,25,4,0,0,0,0,18.1,1.8,912,119.98
2019,12,25,5,0,0,0,0,17.900000000000002,2,913,106.27
2019,12,25,6,0,0,0,0,18.1,2.4000000000000004,913,92.73
2019,12,25,7,0,9,0,9,19.8,3.6,914,79.43
2019,12,25,8,0,26,0,26,22,3.8000000000000003,915,66.8
2019,12,25,9,0,110,0,110,24.1,3.6,915,55.11
2019,12,25,10,0,125,0,125,26.200000000000003,3.4000000000000004,914,45.15
2019,12,25,11,0,131,0,131,27.6,3.2,913,38.32
2019,12,25,12,0,184,8,178,28.400000000000002,3,911,36.46
2019,12,25,13,0,99,0,99,28.700000000000003,2.9000000000000004,910,40.25
2019,12,25,14,0,665,817,123,28.5,2.8000000000000003,910,48.38
2019,12,25,15,0,487,739,107,27.700000000000003,2.8000000000000003,910,59.08
2019,12,25,16,0,218,290,125,26.3,2.4000000000000004,911,71.17
2019,12,25,17,0,62,231,38,23.6,1.3,911,83.99
2019,12,25,18,0,0,0,0,22.5,1.5,912,97.47
2019,12,25,19,0,0,0,0,21.8,1.9000000000000001,913,111.08
2019,12,25,20,0,0,0,0,21,2,914,124.82000000000001
2019,12,25,21,0,0,0,0,20,1.7000000000000002,914,138.55
2019,12,25,22,0,0,0,0,19.3,1.5,914,152.02
2019,12,25,23,0,0,0,0,19.1,1.6,913,164.29
2019,12,26,0,0,0,0,0,19,1.5,913,169.31
2019,12,26,1,0,0,0,0,18.8,1.3,912,160.36
2019,12,26,2,0,0,0,0,18.6,1.2000000000000002,912,147.45000000000002
2019,12,26,3,0,0,0,0,18.400000000000002,1.2000000000000002,912,133.84
2019,12,26,4,0,0,0,0,18.1,1.2000000000000002,912,120.09
2019,12,26,5,0,0,0,0,17.8,1.1,912,106.38
2019,12,26,6,0,0,0,0,18.1,1.5,913,92.83
2019,12,26,7,0,9,0,9,19.900000000000002,2.1,914,79.53
2019,12,26,8,0,354,667,92,22.6,1.6,914,66.89
2019,12,26,9,0,562,795,108,25.8,1.4000000000000001,914,55.18
2019,12,26,10,0,724,863,115,28,1.5,913,45.2
2019,12,26,11,0,450,80,387,29.5,1.5,912,38.34
2019,12,26,12,0,848,908,118,30.5,1.4000000000000001,911,36.42
2019,12,26,13,0,796,886,119,31,1.5,910,40.17
2019,12,26,14,0,670,820,125,30.900000000000002,1.6,909,48.28
2019,12,26,15,0,491,727,116,30,1.8,909,58.96
2019,12,26,16,0,273,549,94,28.5,1.7000000000000002,909,71.05
2019,12,26,17,0,63,200,41,25.200000000000003,1.3,910,83.87
2019,12,26,18,0,0,0,0,23.6,1.8,911,97.35000000000001
2019,12,26,19,0,0,0,0,22.5,2.3000000000000003,912,110.97
2019,12,26,20,0,0,0,0,21.200000000000003,2.5,913,124.71000000000001
2019,12,26,21,0,0,0,0,20,2.4000000000000004,913,138.44
2019,12,26,22,0,0,0,0,19.1,2.1,913,151.92000000000002
2019,12,26,23,0,0,0,0,18.400000000000002,2.2,912,164.22
2019,12,27,0,0,0,0,0,17.900000000000002,2.2,912,169.37
2019,12,27,1,0,0,0,0,17.7,2.3000000000000003,911,160.48
2019,12,27,2,0,0,0,0,17.7,2.2,911,147.57
2019,12,27,3,0,0,0,0,17.6,1.9000000000000001,911,133.96
2019,12,27,4,0,0,0,0,17.3,1.5,911,120.2
2019,12,27,5,0,0,0,0,17.1,1.2000000000000002,911,106.49000000000001
2019,12,27,6,0,0,0,0,17.400000000000002,1.5,912,92.94
2019,12,27,7,0,127,348,64,19.1,1.8,913,79.62
2019,12,27,8,0,261,249,164,21.8,1.3,913,66.98
2019,12,27,9,0,557,755,126,25.6,1.8,913,55.25
2019,12,27,10,0,719,823,140,27.900000000000002,2.6,912,45.24
2019,12,27,11,0,818,860,144,29.3,2.8000000000000003,911,38.34
2019,12,27,12,0,844,868,145,30.1,2.9000000000000004,910,36.38
2019,12,27,13,0,794,851,143,30.400000000000002,2.9000000000000004,909,40.09
2019,12,27,14,0,674,807,136,30.3,2.8000000000000003,908,48.17
2019,12,27,15,0,495,723,121,29.5,2.8000000000000003,908,58.85
2019,12,27,16,0,278,564,94,27.700000000000003,2.3000000000000003,908,70.93
2019,12,27,17,0,66,233,40,23.700000000000003,1.5,909,83.75
2019,12,27,18,0,0,0,0,22.3,2.1,910,97.23
2019,12,27,19,0,0,0,0,21.400000000000002,3,911,110.85000000000001
2019,12,27,20,0,0,0,0,20.200000000000003,2.9000000000000004,912,124.60000000000001
2019,12,27,21,0,0,0,0,19,2.5,912,138.34
2019,12,27,22,0,0,0,0,18.1,2.2,912,151.83
2019,12,27,23,0,0,0,0,17.3,1.8,912,164.16
2019,12,28,0,0,0,0,0,16.7,1.4000000000000001,911,169.43
2019,12,28,1,0,0,0,0,16.5,1.2000000000000002,911,160.59
2019,12,28,2,0,0,0,0,16.5,1.1,911,147.69
2019,12,28,3,0,0,0,0,16.5,0.9,911,134.08
2019,12,28,4,0,0,0,0,16.400000000000002,0.9,911,120.32000000000001
2019,12,28,5,0,0,0,0,16.3,0.9,912,106.59
2019,12,28,6,0,0,0,0,16.7,1.5,912,93.04
2019,12,28,7,0,122,286,71,18.6,2.3000000000000003,913,79.72
2019,12,28,8,0,341,553,125,21.6,2.9000000000000004,914,67.06
2019,12,28,9,0,549,694,154,24.6,3.4000000000000004,913,55.32
2019,12,28,10,0,710,766,171,26.6,3.4000000000000004,913,45.28
2019,12,28,11,0,819,849,153,28,3.3000000000000003,912,38.34
2019,12,28,12,0,844,849,159,28.6,3.2,911,36.33
2019,12,28,13,0,793,828,159,29,3.2,910,40
2019,12,28,14,0,676,802,140,28.6,3.2,909,48.06
2019,12,28,15,0,497,717,125,27.400000000000002,3.2,909,58.730000000000004
2019,12,28,16,0,278,544,99,25.900000000000002,3.1,910,70.81
2019,12,28,17,0,66,192,45,23.5,2.4000000000000004,911,83.63
2019,12,28,18,0,0,0,0,22.200000000000003,3.1,912,97.11
2019,12,28,19,0,0,0,0,21.1,3.4000000000000004,913,110.73
2019,12,28,20,0,0,0,0,20.3,3.3000000000000003,913,124.48
2019,12,28,21,0,0,0,0,19.6,3.1,913,138.23
2019,12,28,22,0,0,0,0,18.900000000000002,2.9000000000000004,913,151.73
2019,12,28,23,0,0,0,0,18.5,2.6,912,164.1
2019,12,29,0,0,0,0,0,18.2,2.3000000000000003,912,169.5
2019,12,29,1,0,0,0,0,18,2.1,911,160.72
2019,12,29,2,0,0,0,0,17.7,2,911,147.81
2019,12,29,3,0,0,0,0,17.400000000000002,1.7000000000000002,911,134.19
2019,12,29,4,0,0,0,0,17.1,1.7000000000000002,912,120.43
2019,12,29,5,0,0,0,0,16.8,1.9000000000000001,913,106.7
2019,12,29,6,0,0,0,0,17,2.5,913,93.14
2019,12,29,7,0,124,305,70,18.8,3.4000000000000004,914,79.81
2019,12,29,8,0,348,600,114,21.5,3.7,915,67.14
2019,12,29,9,0,558,740,138,24.1,3.6,914,55.38
2019,12,29,10,0,721,806,154,26.200000000000003,3.3000000000000003,914,45.31
2019,12,29,11,0,744,554,309,27.700000000000003,3,913,38.33
2019,12,29,12,0,746,507,337,28.700000000000003,2.7,911,36.27
2019,12,29,13,0,708,524,306,28.900000000000002,2.6,910,39.9
2019,12,29,14,0,612,560,237,28.6,2.5,909,47.95
2019,12,29,15,0,447,509,182,27.8,2.5,910,58.61
2019,12,29,16,0,274,464,121,26,2.2,910,70.69
2019,12,29,17,0,65,154,48,23.3,1.6,911,83.51
2019,12,29,18,0,0,0,0,22.1,2.4000000000000004,912,96.99000000000001
2019,12,29,19,0,0,0,0,21.1,3.1,913,110.61
2019,12,29,20,0,0,0,0,20,3.4000000000000004,913,124.37
2019,12,29,21,0,0,0,0,19,3.1,913,138.12
2019,12,29,22,0,0,0,0,18.1,2.5,913,151.64000000000001
2019,12,29,23,0,0,0,0,17.7,2.3000000000000003,913,164.04
2019,12,30,0,0,0,0,0,17.6,2.3000000000000003,912,169.58
2019,12,30,1,0,0,0,0,17.400000000000002,2.1,912,160.84
2019,12,30,2,0,0,0,0,17.2,2,911,147.93
2019,12,30,3,0,0,0,0,17,1.7000000000000002,911,134.31
2019,12,30,4,0,0,0,0,16.7,1.5,912,120.54
2019,12,30,5,0,0,0,0,16.400000000000002,1.4000000000000001,912,106.8
2019,12,30,6,0,0,0,0,16.8,2,913,93.23
2019,12,30,7,0,130,407,59,18.8,3.3000000000000003,914,79.89
2019,12,30,8,0,27,0,27,21.3,3.6,915,67.21000000000001
2019,12,30,9,0,576,836,102,24.1,3.4000000000000004,914,55.43
2019,12,30,10,0,560,320,335,26.1,2.9000000000000004,914,45.34
2019,12,30,11,0,835,891,136,27.400000000000002,2.4000000000000004,913,38.32
2019,12,30,12,0,860,891,140,28.200000000000003,2.1,911,36.2
2019,12,30,13,0,808,863,145,28.5,1.9000000000000001,911,39.800000000000004
2019,12,30,14,0,690,839,127,28.200000000000003,1.9000000000000001,910,47.83
2019,12,30,15,0,419,396,212,27.6,1.9000000000000001,910,58.480000000000004
2019,12,30,16,0,252,417,113,26.1,1.7000000000000002,910,70.56
2019,12,30,17,0,58,148,41,23.200000000000003,1.1,911,83.39
2019,12,30,18,0,0,0,0,22.1,1.7000000000000002,912,96.87
2019,12,30,19,0,0,0,0,21.5,2.8000000000000003,913,110.5
2019,12,30,20,0,0,0,0,20.6,3.3000000000000003,913,124.26
2019,12,30,21,0,0,0,0,19.8,3.3000000000000003,914,138.02
2019,12,30,22,0,0,0,0,19.200000000000003,3,913,151.55
2019,12,30,23,0,0,0,0,18.8,2.6,913,163.99
2019,12,31,0,0,0,0,0,18.6,2.6,913,169.67000000000002
2019,12,31,1,0,0,0,0,18.5,2.6,912,160.97
2019,12,31,2,0,0,0,0,18.3,2.1,912,148.06
2019,12,31,3,0,0,0,0,18.1,2,912,134.43
2019,12,31,4,0,0,0,0,17.8,1.9000000000000001,913,120.65
2019,12,31,5,0,0,0,0,17.400000000000002,1.6,913,106.91
2019,12,31,6,0,0,0,0,17.7,2,914,93.33
2019,12,31,7,0,79,78,66,19.6,3.1,915,79.98
2019,12,31,8,0,244,204,165,22.200000000000003,3.4000000000000004,915,67.28
2019,12,31,9,0,452,373,241,24.700000000000003,3.2,915,55.480000000000004
2019,12,31,10,0,597,403,314,26.5,2.9000000000000004,914,45.36
2019,12,31,11,0,705,481,327,27.8,2.5,913,38.29
2019,12,31,12,0,721,464,347,28.5,2.2,912,36.13
2019,12,31,13,0,793,831,153,28.700000000000003,2.1,910,39.69
2019,12,31,14,0,667,739,170,28.5,2.1,910,47.7
2019,12,31,15,0,252,51,225,27.6,2.2,910,58.35
2019,12,31,16,0,277,495,111,26,2.1,910,70.43
2019,12,31,17,0,67,165,48,23.5,1.5,911,83.27
2019,12,31,18,0,0,0,0,22.400000000000002,2.3000000000000003,912,96.74000000000001
2019,12,31,19,0,0,0,0,21.5,2.9000000000000004,913,110.38
2019,12,31,20,0,0,0,0,20.700000000000003,3,914,124.15
2019,12,31,21,0,0,0,0,20.1,2.9000000000000004,914,137.92000000000002
2019,12,31,22,0,0,0,0,19.8,2.9000000000000004,913,151.46
2019,12,31,23,0,0,0,0,19.400000000000002,2.8000000000000003,913,163.95000000000002
